il,ilce,istasyon,istNo,yukseklik_m,lat,lon
Adana,Aladağ,ALADAĞ,18258,840.0,37.546111,35.39286
Adana,Ceyhan,CEYHAN,17960,30.0,37.01527,35.795459
Adana,Ceyhan,CEYHAN TİGEM,17649,30.0,37.114841,35.790482
Adana,Feke,FEKE,18269,583.0,37.776389,35.9
Adana,Feke,FEKE/KALEYÜZÜ KÖYÜ,18642,1152.0,37.826389,35.694444
Adana,Feke,FEKE/MANSURLU ORMAN SAHASI,18863,1356.0,37.839444,35.775
Adana,İmamoğlu,İMAMOĞLU,18055,89.0,37.241628,35.644162
Adana,Karaisalı,KARAİSALI,17936,240.0,37.25055,35.062777
Adana,Karaisalı,KARAİSALI/SADIKALİ KÖYÜ(ÇATALAN BARAJI),19173,134.0,37.198641,35.272691
Adana,Karataş,KARATAŞ,17981,22.0,36.568333,35.389444
Adana,Karataş,KARATAŞ/KONAKLI KÖYÜ,19183,0.0,36.672612,35.121332
Adana,Kozan,KOZAN,17908,112.0,37.433743,35.820196
Adana,Kozan,KOZAN/ACARYAYLA ORMAN SAHASI,18861,359.0,37.5305,35.897
Adana,Pozantı,POZANTI,17934,1080.0,37.475833,34.902222
Adana,Pozantı,POZANTI/AKÇATEKİR,18862,1276.0,37.326975,34.795434
Adana,Saimbeyli,SAİMBEYLİ,18056,1050.0,37.980191,36.085151
Adana,Saimbeyli,SAİMBEYLİ/HALİLBEYLİ KÖYÜ,18644,1370.0,37.788143,36.191693
Adana,Sarıçam,SARIÇAM,18270,80.0,37.039722,35.366944
Adana,Sarıçam,SARIÇAM/HACI SABANCI OSB,18860,39.0,36.968056,35.583056
Adana,Sarıçam,SARIÇAM/YAĞIZLAR GÖLETİ,18859,194.0,37.199722,35.553333
Adana,Seyhan,ADANA ŞAKİRPAŞA HAVALİMANI,17352,20.0,36.975811,35.272084
Adana,Seyhan,SEYHAN,19272,14.0,36.981459,35.243096
Adana,Tufanbeyli,TUFANBEYLİ,18053,1417.0,38.259148,36.219332
Adana,Tufanbeyli,TUFANBEYLİ/EVCİ KÖYÜ,18643,1680.0,38.200434,36.092292
Adana,Tufanbeyli,TUFANBEYLİ/GEZBELİ GEÇİDİ,19174,1897.0,38.207665,35.999807
Adana,Yumurtalık,YUMURTALIK,17979,34.0,36.770142,35.790249
Adana,Yüreğir,ADANA BÖLGE,17351,23.0,37.0041,35.3443
Adana,Yüreğir,YÜREĞİR/ÇUKUROVA TARIM ARŞ. (TAGEM),18054,12.0,36.854118,35.346711
Adana,Çukurova,ÇUKUROVA,18268,165.0,37.057778,35.261389
Adıyaman,Besni,BESNİ,18181,921.0,37.6823,37.8231
Adıyaman,Besni,BESNİ/KIZILKAYA KÖYÜ,19078,539.0,37.499167,38.018889
Adıyaman,Besni,BESNİ/SAMBAYAT,19257,695.0,37.680493,38.033176
Adıyaman,Gerger,GERGER,18182,821.0,38.032778,39.040833
Adıyaman,Gölbaşı,GÖLBAŞI,17871,900.0,37.786667,37.653167
Adıyaman,Gölbaşı,GÖLBAŞI ORMAN SAHASI,19080,1007.0,37.58,37.481389
Adıyaman,Kahta,KAHTA,17910,725.0,37.791833,38.6155
Adıyaman,Kahta,KAHTA/NEMRUT DAĞI MİLLİ PARKI,19258,1782.0,37.9527,38.72174
Adıyaman,Merkez,ADIYAMAN,17265,664.0,37.755154,38.277581
Adıyaman,Merkez,ADIYAMAN HAVALİMANI,17266,675.0,37.727225,38.460913
Adıyaman,Merkez,ADIYAMAN ÜNİVERSİTESİ,18341,700.0,37.752626,38.223889
Adıyaman,Samsat,SAMSAT,18345,603.0,37.5825,38.480556
Adıyaman,Sincik,SİNCİK,18346,1368.0,38.032946,38.625209
Adıyaman,Tut,TUT,18347,1038.0,37.792042,37.924744
Adıyaman,Çelikhan,ÇELİKHAN,18180,1380.0,38.029552,38.226965
Adıyaman,Çelikhan,ÇELİKHAN/PINARBAŞI,18762,1648.0,38.008889,38.165833
Adıyaman,Çelikhan,ÇELİKHAN/YEŞİLTEPE KÖYÜ,19079,1128.0,37.974622,38.403621
Adıyaman,Çelikhan,ÇELİKHAN/ÇAT BARAJI,18949,1432.0,38.066151,38.311671
Afyonkarahisar,Bayat,BAYAT,17753,1100.0,38.9715,30.9179
Afyonkarahisar,Bayat,BAYAT/KÖROĞLU BELİ,18761,1408.0,38.9215,30.8804
Afyonkarahisar,Başmakçı,BAŞMAKÇI,18291,865.0,37.901389,30.021389
Afyonkarahisar,Bolvadin,BOLVADİN,17796,1018.0,38.726742,31.048314
Afyonkarahisar,Bolvadin,BOLVADİN/KEMERKAYA KÖYÜ,18749,1277.0,38.894444,31.079444
Afyonkarahisar,Dazkırı,DAZKIRI,18037,900.0,37.930903,29.866727
Afyonkarahisar,Dinar,DİNAR,17862,864.0,38.059742,30.153078
Afyonkarahisar,Dinar,DİNAR/HAYDARLI BELDESİ,18909,1244.0,38.26702,30.37956
Afyonkarahisar,Dinar,DİNAR/TATARLI BELDESİ,18851,1242.0,38.235278,30.506667
Afyonkarahisar,Emirdağ,EMİRDAĞ,17752,983.0,39.009766,31.146335
Afyonkarahisar,Evciler,EVCİLER,18007,889.0,38.032165,29.909977
Afyonkarahisar,Hocalar,HOCALAR,18292,1130.0,38.581944,29.969722
Afyonkarahisar,Hocalar,HOCALAR/YEŞİLHİSAR BELDESİ,18631,1265.0,38.674444,29.944722
Afyonkarahisar,İhsaniye,İHSANİYE,18005,1078.0,39.034343,30.395047
Afyonkarahisar,İscehisar,İSCEHİSAR,18004,1126.0,38.8675,30.7484
Afyonkarahisar,İscehisar,İSCEHİSER/ALANYURT BELDESİ,18747,1409.0,38.997778,30.740278
Afyonkarahisar,Kızılören,KIZILÖREN,18293,1190.0,38.2575,30.141944
Afyonkarahisar,Merkez,AFYONKARAHİSAR BÖLGE,17190,1034.0,38.738019,30.560374
Afyonkarahisar,Merkez,AFYONKARAHİSAR HAVALİMANI,17189,995.0,38.717701,30.616703
Afyonkarahisar,Merkez,AFYONKARAHİSAR KOCATEPE ÜNİVERSİTESİ,17839,1020.0,38.83492,30.53192
Afyonkarahisar,Merkez,AFYONKARAHİSAR/KOCATEPE,18750,1420.0,38.646389,30.419167
Afyonkarahisar,Merkez,AFYONKARAHİSAR/OLUCAK KÖYÜ,18757,1252.0,38.930556,30.223333
Afyonkarahisar,Sandıklı,SANDIKLI,18002,1040.0,38.455775,30.232575
Afyonkarahisar,Sandıklı,SANDIKLI /BALLIK KÖYÜ,18947,1208.0,38.2905,30.2387
Afyonkarahisar,Sandıklı,SANDIKLI/AKDAĞ TABİAT PARKI,18929,1489.0,38.35954,30.0241
Afyonkarahisar,Sandıklı,SANDIKLI/HÜDAİ KAPLICALARI,18927,1020.0,38.431001,30.181797
Afyonkarahisar,Sandıklı,SANDIKLI/ÇUKURCA KÖYÜ,19165,1415.0,38.64223,30.12153
Afyonkarahisar,Sinanpaşa,SİNANPAŞA,18003,1164.0,38.741463,30.235233
Afyonkarahisar,Sinanpaşa,SİNANPAŞA/TAZLAR KÖYÜ,19166,1349.0,38.76369,30.08279
Afyonkarahisar,Sinanpaşa,SİNANPAŞA/TAŞOLUK BELDESİ,18928,1249.0,38.6038,30.3579
Afyonkarahisar,Sinanpaşa,SİNANPAŞA/TINAZTEPE BELDESİ,18912,1149.0,38.72315,30.37717
Afyonkarahisar,Sinanpaşa,SİNANPAŞA/YILDIRIMKEMAL KÖYÜ,18751,1200.0,38.866944,30.137222
Afyonkarahisar,Sinanpaşa,SİNANPAŞA/ÇATKUYU KÖYÜ,18748,1265.0,38.870199,30.287262
Afyonkarahisar,Sultandağı,SULTANDAĞI,18006,1054.0,38.530777,31.219707
Afyonkarahisar,Sultandağı,SULTANDAĞI/YAKASENEK,17823,1150.0,38.553171,31.173068
Afyonkarahisar,Sultandağı,SULTANDAĞI/ÜÇKUYU MEVKİ,18630,1361.0,38.641944,31.496667
Afyonkarahisar,Çay,ÇAY,17793,996.0,38.59026,31.031707
Afyonkarahisar,Çay,ÇAY/DEVEDERESİ KÖYÜ,18850,1137.0,38.476111,30.825833
Afyonkarahisar,Çobanlar,ÇOBANLAR,17791,996.0,38.701655,30.794734
Afyonkarahisar,Şuhut,AFYONKARAHİSAR KUMALAR TEPESİ RADAR SAHASI,19164,2237.0,38.40125,30.4186
Afyonkarahisar,Şuhut,ŞUHUT,17829,1140.0,38.529453,30.568333
Afyonkarahisar,Şuhut,ŞUHUT/KARAADİLLİ,17869,1089.0,38.313056,30.644169
Afyonkarahisar,Şuhut,ŞUHUT/MAHMUT KÖYÜ,18930,1178.0,38.501163,30.545531
Aksaray,Ağaçören,AĞAÇÖREN,18480,1305.0,38.856389,33.921944
Aksaray,Eskil,ESKİL,18481,985.0,38.308611,33.359167
Aksaray,Gülağaç,GÜLAĞAÇ,18482,1180.0,38.408889,34.343611
Aksaray,Güzelyurt,GÜZELYURT,18116,1524.0,38.2699,34.372
Aksaray,Merkez,AKSARAY,17192,970.0,38.3705,33.9987
Aksaray,Merkez,AKSARAY/BORUCU KÖYÜ,18888,1450.0,38.624722,34.098056
Aksaray,Merkez,AKSARAY/BÜYÜKGÜVE KÖYÜ,18680,1278.0,38.6725,33.848889
Aksaray,Merkez,AKSARAY/HASAN DAĞI,18889,2012.0,38.159167,34.161111
Aksaray,Merkez,AKSARAY/YEŞİLTEPE KÖYÜ,19197,941.0,38.4336,33.8814
Aksaray,Ortaköy,AKSARAY/ORTAKÖY,18118,1130.0,38.764328,34.088799
Aksaray,Sarıyahşi,SARIYAHŞİ,18483,925.0,38.991667,33.849722
Aksaray,Sultanhanı,SULTANHANI,18117,999.0,38.198949,33.516545
Amasya,Göynücek,GÖYNÜCEK,18504,528.0,40.401667,35.528611
Amasya,Gümüşhacıköy,GÜMÜŞHACIKÖY,18505,865.0,40.846944,35.180278
Amasya,Hamamözü,HAMAMÖZÜ,18506,760.0,40.787222,35.018333
Amasya,Merkez,AMASYA,17085,409.0,40.666833,35.835333
Amasya,Merkez,AMASYA ÜNİVERSİTESİ,19911,495.0,40.649986,35.791309
Amasya,Merkez,AMASYA/BELDAĞI KÖYÜ,18699,1078.0,40.631944,36.143056
Amasya,Merkez,AMASYA/GÖKHÖYÜK TİGEM,17655,475.0,40.587524,35.651724
Amasya,Merkez,AMASYA/ORMANÖZÜ KÖYÜ,19218,1711.0,40.76844,35.89526
Amasya,Merzifon,AMASYA MERZİFON HAVALİMANI,17082,535.0,40.823975,35.508616
Amasya,Merzifon,MERZİFON,17083,754.0,40.879333,35.4585
Amasya,Merzifon,MERZİFON/TAVŞAN DAĞI,19026,1830.0,40.950278,35.373889
Amasya,Merzifon,MERZİFON/ÇAYBAŞI KÖYÜ,19024,729.0,40.712778,35.386944
Amasya,Suluova,SULUOVA,18137,514.0,40.815313,35.663454
Amasya,Taşova,TAŞOVA,18138,250.0,40.758056,36.344167
Amasya,Taşova,TAŞOVA/BORABOY GÖLÜ,18938,1070.0,40.803391,36.148205
Amasya,Taşova,TAŞOVA/BORABOY ORMAN SAHASI,19025,1157.0,40.859444,36.103056
Ankara,Akyurt,AKYURT,18240,1114.0,40.141176,33.108589
Ankara,Altındağ,ALTINDAĞ/GENÇLİK PARKI,19202,854.0,39.93621,32.85231
Ankara,Ayaş,AYAŞ,18045,671.0,40.029996,32.234471
Ankara,Bala,BALA,17729,1250.0,39.55544,33.108856
Ankara,Bala,BALA/AŞAĞIHACIBEKİR KÖYÜ,19206,867.0,39.405725,33.283724
Ankara,Bala,BALA/SOFULAR KÖYÜ,19004,1063.0,39.306111,33.081111
Ankara,Beypazarı,BEYPAZARI,17680,682.0,40.160887,31.917687
Ankara,Beypazarı,BEYPAZARI/KIRBAŞI,18908,961.0,40.00519,31.83611
Ankara,Elmadağ,ELMADAĞ BARUTSAN FABRİKASI,17715,1102.0,39.923923,33.212497
Ankara,Elmadağ,ELMADAĞ RADAR SAHASI,17137,1807.0,39.798478,32.971747
Ankara,Elmadağ,ELMADAĞ/YEŞİLDERE,17987,1688.0,40.038611,33.290833
Ankara,Etimesgut,ETİMESGUT,19273,917.0,39.917522,32.632066
Ankara,Etimesgut,ETİMESGUT HAVALİMANI,17129,806.0,39.953995,32.676587
Ankara,Evren,EVREN,19203,972.0,39.01108,33.78777
Ankara,Gölbaşı,GÖLBAŞI/AHİBOZ KÖYÜ,18691,1140.0,39.603333,32.856667
Ankara,Gölbaşı,GÖLBAŞI/UFUK DANIŞMENT,17134,1115.0,39.804257,32.847003
Ankara,Gölbaşı,GÖLBAŞI/YAĞLIPINAR KÖYÜ,18979,1143.0,39.6627,32.8269
Ankara,Güdül,GÜDÜL,18077,731.0,40.211111,32.247222
Ankara,Haymana,HAYMANA,18257,1298.0,39.434432,32.509903
Ankara,Haymana,HAYMANA TARIM,17733,1070.0,39.613034,32.672042
Ankara,Haymana,HAYMANA/DEVECİPINARI KÖYÜ,18593,1150.0,39.182778,32.475278
Ankara,Haymana,HAYMANA/YENİCE BELDESİ,18594,1185.0,39.273889,32.671667
Ankara,Kahramankazan,ANKARA MÜRTED HAVALİMANI,17127,838.0,40.06828,32.558998
Ankara,Kahramankazan,KAHRAMANKAZAN,19274,878.0,40.200722,32.688241
Ankara,Kahramankazan,KAHRAMANKAZAN/KURTBOĞAZI BARAJI,18073,1036.0,40.2725,32.689722
Ankara,Kahramankazan,KAHRAMANKAZAN/SARAYKÖY TOPRAK,18903,833.0,40.088168,32.605145
Ankara,Kalecik,KALECİK,18076,702.0,40.094723,33.413333
Ankara,Kalecik,KALECİK/KOYUNBABA KÖYÜ,19003,894.0,40.313889,33.315833
Ankara,Keçiören,ANKARA BÖLGE,17130,891.0,39.972351,32.863952
Ankara,Keçiören,KEÇİÖREN/BAĞLUM,18072,1456.0,40.087809,32.811107
Ankara,Kızılcahamam,KIZILCAHAMAM,17664,1033.0,40.47289,32.644115
Ankara,Kızılcahamam,KIZILCAHAMAM/GÜVEM BELDESİ,19005,1119.0,40.591667,32.662778
Ankara,Kızılcahamam,KIZILCAHAMAM/YILDIRIM ORMAN SAHASI,19006,1560.0,40.492575,32.736814
Ankara,Mamak,MAMAK/BAYINDIR BARAJI,18074,1013.0,39.919444,32.994444
Ankara,Nallıhan,NALLIHAN,17679,650.0,40.17333,31.332033
Ankara,Nallıhan,NALLIHAN/SARIYAR,19205,413.0,40.04989,31.43238
Ankara,Polatlı,POLATLI,17728,886.0,39.583667,32.162669
Ankara,Polatlı,POLATLI TİGEM,17651,940.0,39.152548,32.128274
Ankara,Polatlı,POLATLI/ACIKIR,18078,839.0,39.557778,31.901944
Ankara,Polatlı,POLATLI/SARIOBA KÖYÜ,19204,703.0,39.873898,32.080205
Ankara,Pursaklar,PURSAKLAR,18243,1065.0,40.031667,32.893333
Ankara,Sincan,SİNCAN,18244,886.0,39.998611,32.581389
Ankara,Sincan,SİNCAN/TEMELLİ,17759,750.0,39.741389,32.38
Ankara,Yenimahalle,ANKARA GÜVERCİNLİK HAVALİMANI,17131,820.0,39.936396,32.748774
Ankara,Yenimahalle,YENİMAHALLE,19275,857.0,39.957706,32.814533
Ankara,Çamlıdere,ÇAMLIDERE ORMAN İŞLETME MÜDÜRLÜĞÜ,18075,1264.0,40.483889,32.460833
Ankara,Çamlıdere,ÇAMLIDERE/ÇAMKORU,18241,1402.0,40.581482,32.503503
Ankara,Çankaya,ÇANKAYA/TBMM,18046,927.0,39.9075,32.849444
Ankara,Çankaya,ÇANKAYA/ÇALDAĞ,18256,1295.0,39.857222,32.821944
Ankara,Çubuk,ANKARA ESENBOĞA HAVALİMANI,17128,959.0,40.115921,32.986827
Ankara,Çubuk,ÇUBUK,18242,1174.0,40.286667,33.010833
Ankara,Şereflikoçhisar,ŞEREFLİKOÇHİSAR,17731,912.0,38.953859,33.421815
Antalya,Akseki,AKSEKİ,18047,1063.0,37.04678,31.797067
Antalya,Akseki,AKSEKİ/CEVİZLİ TEKEBELİ MEVKİ,18610,1420.0,37.247778,31.774722
Antalya,Akseki,AKSEKİ/MURTİÇİ ORMAN SAHASI,18013,508.0,36.865948,31.775
Antalya,Aksu,AKSU/BOZTEPE TİGEM,17895,10.0,36.939259,30.897999
Antalya,Alanya,ALANYA,17310,6.0,36.54999,31.979822
Antalya,Alanya,ALANYA/KEŞEFLİ,18837,14.0,36.400278,32.177778
Antalya,Alanya,ALANYA/OKURCALAR BELDESİ,18838,23.0,36.665278,31.66
Antalya,Alanya,ALANYA/TOSLAK,19154,195.0,36.62166,31.90666
Antalya,Demre,DEMRE,17970,25.0,36.242061,29.979009
Antalya,Demre,DEMRE/ÇAĞMAN KÖYÜ,19151,753.0,36.38263,29.9392
Antalya,Döşemealtı,DAĞBELİ,18008,789.0,37.18902,30.499512
Antalya,Döşemealtı,DÖŞEMEALTI/KARAİN HAVACILIK,18307,308.0,37.098744,30.6425
Antalya,Döşemealtı,DÖŞEMEALTI/NEBİLER ORMAN SAHASI,18016,266.0,36.950138,30.602495
Antalya,Elmalı,ELMALI,17952,1095.0,36.737244,29.9121
Antalya,Elmalı,ELMALI ORMAN SAHASI,18305,1311.0,36.583171,29.988611
Antalya,Elmalı,ELMALI/BULANIK YAYLASI,18618,1870.0,36.621667,29.666944
Antalya,Finike,FİNİKE,17375,2.0,36.3024,30.1458
Antalya,Finike,FİNİKE/SAKLISU,18996,6.0,36.3423,30.1652
Antalya,Gazipaşa,ANTALYA GAZİPAŞA HAVALİMANI,17975,32.0,36.296935,32.288271
Antalya,Gazipaşa,GAZİPAŞA,17974,21.0,36.274682,32.307564
Antalya,Gazipaşa,GAZİPAŞA/KARATEPE KÖYÜ,19153,510.0,36.405019,32.415651
Antalya,Gündoğmuş,GÜNDOĞMUŞ ORMAN DEPOSU,18012,898.0,36.804315,31.997912
Antalya,Gündoğmuş,GÜNDOĞMUŞ/BEDAN MEVKİ,18611,1672.0,36.788611,32.279167
Antalya,İbradı,İBRADI,17927,1036.0,37.096218,31.595251
Antalya,İbradı,İBRADI/GEMBOS OVASI,18619,1500.0,37.254167,31.476389
Antalya,Kaş,KAŞ,17380,153.0,36.200579,29.649995
Antalya,Kaş,KAŞ/KASABA ORMAN SAHASI,18010,211.0,36.305,29.730556
Antalya,Kaş,KAŞ/ORTABAĞ MEVKİ,18614,1423.0,36.456111,29.7925
Antalya,Kaş,KAŞ/YAYLAPALAMUT MEVKİ,18648,1637.0,36.484722,29.514444
Antalya,Kaş,KAŞ/YUVACIK MEVKİ,18613,1428.0,36.446389,29.542222
Antalya,Kaş,KAŞ/ÇAVDIR ORMAN SAHASI,18009,71.0,36.359167,29.340278
Antalya,Kemer,ANTALYA/KEMER,17953,10.0,36.594246,30.567207
Antalya,Kemer,KEMER/OVACIK KÖYÜ,19152,1131.0,36.64545,30.43503
Antalya,Kepez,KEPEZ,19374,107.0,36.935913,30.700888
Antalya,Konyaaltı,AKDENİZ ÜNİVERSİTESİ,18955,30.0,36.8976,30.6406
Antalya,Konyaaltı,KONYAALTI,17304,6.0,36.847486,30.619461
Antalya,Korkuteli,KORKUTELİ,17926,1017.0,37.056412,30.190784
Antalya,Korkuteli,KORKUTELİ/BAYAT KÖYÜ,19914,868.0,37.0557,30.314883
Antalya,Korkuteli,KORKUTELİ/BEĞİŞ KÖYÜ,19150,1300.0,36.912476,30.097265
Antalya,Korkuteli,KORKUTELİ/BÜK ORMAN SAHASI,18015,489.0,36.970263,30.433877
Antalya,Korkuteli,KORKUTELİ/HACIYUSUFLAR MEVKİ,18617,1720.0,36.891111,29.891667
Antalya,Korkuteli,KORKUTELİ/KIZILCADAĞ MEVKİ,18615,1502.0,37.050556,29.945
Antalya,Korkuteli,KORKUTELİ/ÇOMAKLI MEVKİ,18609,1719.0,37.301667,30.176667
Antalya,Kumluca,ANTALYA KUMLUCA RADAR SAHASI,19156,955.0,36.266616,30.437657
Antalya,Kumluca,KUMLUCA,17951,24.0,36.365113,30.297865
Antalya,Kumluca,KUMLUCA/AKDAĞ KOVUCAK MEVKİ,18612,1001.0,36.598333,30.250278
Antalya,Manavgat,MANAVGAT,17954,38.0,36.789767,31.441166
Antalya,Manavgat,MANAVGAT ORMAN SAHASI,18839,998.0,36.861389,31.675556
Antalya,Manavgat,MANAVGAT/BEŞKONAK ORMAN SAHASI,18011,142.0,37.14409,31.190896
Antalya,Manavgat,MANAVGAT/TAŞAĞIL ORMAN SAHASI,17917,46.0,36.888603,31.249446
Antalya,Muratpaşa,ANTALYA BÖLGE,17302,47.0,36.884928,30.682911
Antalya,Muratpaşa,ANTALYA HAVALİMANI,17300,51.0,36.888028,30.792222
Antalya,Serik,SERİK,18306,94.0,36.951667,31.118889
Antalya,Serik,SERİK/BELEK,17915,6.0,36.860398,31.062656
Antalya,Serik,SERİK/GEBİZ ORMAN SAHASI,18014,78.0,37.10465,30.934522
Ardahan,Damal,DAMAL,18377,2090.0,41.339444,42.855833
Ardahan,Göle,GÖLE,18378,2006.0,40.801389,42.599167
Ardahan,Göle,GÖLE/YAVUZLAR KÖYÜ,19068,2063.0,40.938611,42.779444
Ardahan,Göle,GÖLE/ÇULLU KÖYÜ,19069,2240.0,40.778889,42.815556
Ardahan,Hanak,HANAK,18379,1825.0,41.229167,42.838889
Ardahan,Merkez,ARDAHAN,17046,1827.0,41.106092,42.705547
Ardahan,Posof,POSOF,18236,1374.0,41.496944,42.734444
Ardahan,Çıldır,ÇILDIR,18376,1925.0,41.109771,43.138515
Artvin,Ardanuç,ARDANUÇ,18218,577.0,41.126231,42.065086
Artvin,Ardanuç,ARDANUÇ/AŞAĞI IRMAKLAR KÖYÜ,19373,1407.0,41.181351,42.180547
Artvin,Ardanuç,ARDANUÇ/GEÇİTLİ KÖYÜ,19901,1731.0,41.03923,42.24294
Artvin,Ardanuç,ARDANUÇ/OVACIK KÖYÜ,18962,1145.0,41.0514,41.99266
Artvin,Arhavi,ARHAVİ,18554,290.0,41.3166,41.2928
Artvin,Arhavi,ARHAVİ/BOYUNCUK KÖYÜ,18931,1345.0,41.26962,41.46945
Artvin,Borçka,BORÇKA,18555,168.0,41.347683,41.679358
Artvin,Borçka,BORÇKA/ALACA KÖYÜ,18959,350.0,41.343505,41.739024
Artvin,Borçka,BORÇKA/CANKURTARAN GEÇİDİ,19046,659.0,41.398882,41.531649
Artvin,Hopa,HOPA,17042,23.0,41.4065,41.433
Artvin,Hopa,HOPA/ÇAVUŞLU KÖYÜ,18932,330.0,41.38827,41.50399
Artvin,Kemalpaşa,KEMALPAŞA/KÖPRÜCÜ KÖYÜ,18933,425.0,41.479934,41.563989
Artvin,Merkez,ARTVİN,17045,613.0,41.175167,41.818667
Artvin,Merkez,ARTVİN/BEŞAĞIL KÖYÜ,19232,695.0,41.257802,41.803566
Artvin,Merkez,ARTVİN/MERSİVAN KAYAK MERKEZİ,18964,1646.0,41.151427,41.767047
Artvin,Merkez,ARTVİN/YUKARIMADEN KÖYÜ,18970,1503.0,41.013156,41.86944
Artvin,Murgul,MURGUL,18556,565.0,41.261483,41.556899
Artvin,Murgul,MURGUL KARAGÖL,18717,2024.0,41.22159,41.61016
Artvin,Yusufeli,YUSUFELİ,18216,788.0,40.799414,41.519551
Artvin,Yusufeli,YUSUFELİ/ALTIPARMAK KÖYÜ,19049,1481.0,40.977222,41.369444
Artvin,Yusufeli,YUSUFELİ/DARICA KÖYÜ,18967,840.0,40.732052,41.786315
Artvin,Yusufeli,YUSUFELİ/DEMİRKENT,19925,589.0,40.9005,41.7399
Artvin,Yusufeli,YUSUFELİ/DEMİRKÖY KÖYÜ,19233,988.0,41.00109,41.68464
Artvin,Yusufeli,YUSUFELİ/DOKUMACILAR KÖYÜ,18716,2057.0,40.774167,41.330556
Artvin,Yusufeli,YUSUFELİ/KILIÇKAYA KÖYÜ,18969,1266.0,40.705397,41.480571
Artvin,Yusufeli,YUSUFELİ/YAMAÇÜSTÜ KÖYÜ,19047,1918.0,40.605278,41.398611
Artvin,Yusufeli,YUSUFELİ/YAYLALAR KÖYÜ,19048,1784.0,40.87203,41.276521
Artvin,Şavşat,ŞAVŞAT,18217,1125.0,41.243333,42.320556
Artvin,Şavşat,ŞAVŞAT/MEYDANCIK KÖYÜ,18965,1456.0,41.406617,42.261315
Artvin,Şavşat,ŞAVŞAT/YAVUZKÖY,18966,1760.0,41.228746,42.412798
Artvin,Şavşat,ŞAVŞAT/ÇUKUR YAYLASI,18715,2257.0,41.368333,42.131667
Aydın,Bozdoğan,BOZDOĞAN,18027,144.0,37.660278,28.33333
Aydın,Buharkent,BUHARKENT,18425,210.0,37.973698,28.744716
Aydın,Didim,DİDİM,17233,44.0,37.369735,27.264764
Aydın,Didim,DİDİM/AKBÜK BELDESİ,18808,64.0,37.412778,27.428889
Aydın,Efeler,AYDIN,17234,56.0,37.84088,27.837297
Aydın,Efeler,AYDIN ÇILDIR HAVALİMANI,17227,27.0,37.816905,27.883337
Aydın,Germencik,GERMENCİK,18426,32.0,37.838056,27.584722
Aydın,İncirliova,İNCİRLİOVA/İNCİR ARŞ.(TAGEM),18026,50.0,37.863333,27.664722
Aydın,Karacasu,KARACASU,18025,580.0,37.719444,28.6075
Aydın,Karpuzlu,KARPUZLU,19124,85.0,37.566327,27.843732
Aydın,Koçarlı,KOÇARLI,18427,30.0,37.760278,27.759722
Aydın,Kuyucak,KUYUCAK,18429,75.0,37.902222,28.456389
Aydın,Kuyucak,KUYUCAK/MUSAKOLU KÖYÜ,18596,882.0,38.055,28.6275
Aydın,Kuşadası,KUŞADASI,17232,25.0,37.859742,27.265216
Aydın,Kuşadası,KUŞADASI/GÜZELÇAMLI,19125,66.0,37.708476,27.234628
Aydın,Köşk,KÖŞK,18428,60.0,37.843056,28.040278
Aydın,Nazilli,NAZİLLİ,17860,84.0,37.913424,28.343292
Aydın,Sultanhisar,SULTANHİSAR,17850,73.0,37.884002,28.150364
Aydın,Söke,SÖKE,17881,12.0,37.70487,27.3827
Aydın,Söke,SÖKE/KARAKAYA KÖYÜ,18810,328.0,37.581667,27.573611
Aydın,Yenipazar,AYDIN/YENİPAZAR,18430,47.0,37.834117,28.182702
Aydın,Çine,ÇİNE,18023,70.0,37.594722,28.044722
Aydın,Çine,ÇİNE/BAHÇEARASI KÖYÜ,18809,89.0,37.700278,27.894444
Aydın,Çine,ÇİNE/HACIPAŞALAR KÖYÜ,18811,552.0,37.503611,28.192778
Aydın,Çine,ÇİNE/KAVŞİT EKİP ORMAN SAHASI,18024,714.0,37.654722,28.131389
Ağrı,Diyadin,DİYADİN,18356,1930.0,39.543611,43.669444
Ağrı,Doğubayazıt,DOĞUBAYAZIT,17720,1640.0,39.539089,44.018125
Ağrı,Doğubayazıt,DOĞUBAYAZIT/SULUÇEM KÖYÜ,19065,1747.0,39.693889,43.811111
Ağrı,Eleşkirt,ELEŞKİRT,18194,1818.0,39.791528,42.681972
Ağrı,Eleşkirt,ELEŞKİRT/YAYLADÜZÜ BELDESİ,19250,2129.0,39.829175,42.303328
Ağrı,Hamur,HAMUR,18357,1692.0,39.607222,42.986667
Ağrı,Merkez,AĞRI,17099,1646.0,39.730166,43.055301
Ağrı,Merkez,AĞRI AHMED-İ HANİ HAVALİMANI,17104,1665.0,39.668928,43.02381
Ağrı,Merkez,AĞRI/CUMAÇAY BELDESİ,19066,1943.0,39.911389,43.188056
Ağrı,Merkez,AĞRI/ÇUKURALAN KÖYÜ,19249,1693.0,39.797332,43.110157
Ağrı,Patnos,PATNOS,18193,1638.0,39.2394,42.842
Ağrı,Taşlıçay,TAŞLIÇAY,18358,1745.0,39.635833,43.368889
Ağrı,Tutak,TUTAK,18359,1562.0,39.536944,42.776111
Balıkesir,Altıeylül,ALTIEYLÜL,18433,110.0,39.655053,27.92073
Balıkesir,Altıeylül,ALTIEYLÜL/KİRAZPINAR KÖYÜ,18815,425.0,39.446944,27.815278
Balıkesir,Altıeylül,BALIKESİR HAVALİMANI,17150,102.0,39.608296,27.921574
Balıkesir,Ayvalık,AYVALIK,17175,4.0,39.311292,26.686445
Balıkesir,Balya,BALIKESİR/AKÇALDEDE RADAR SAHASI,17158,631.0,39.740085,27.617997
Balıkesir,Balya,BALYA/DÖRTYOL KÖYÜ,18814,504.0,39.730682,27.414062
Balıkesir,Balya,BALYA/HİSARALAN ORMAN SAHASI,18812,318.0,39.907671,27.841824
Balıkesir,Bandırma,BANDIRMA,17114,63.0,40.332176,27.996614
Balıkesir,Bandırma,BANDIRMA HAVALİMANI,17115,42.0,40.306644,27.973756
Balıkesir,Bigadiç,BİGADİÇ,17698,195.0,39.395347,28.138342
Balıkesir,Bigadiç,BİGADİÇ/GEDİKTEPE,18907,1434.0,39.371347,28.592356
Balıkesir,Burhaniye,BURHANİYE,17722,20.0,39.498186,26.975134
Balıkesir,Dursunbey,DURSUNBEY,17700,651.0,39.577181,28.63469
Balıkesir,Dursunbey,DURSUNBEY/KAVACIK BELDESİ,18816,744.0,39.678505,28.49893
Balıkesir,Dursunbey,DURSUNBEY/REŞADİYE MEVKİ,18598,1360.0,39.399352,28.877993
Balıkesir,Dursunbey,DURSUNBEY/YAYLA ORMAN SAHASI,18431,845.0,39.465278,28.781111
Balıkesir,Edremit,BALIKESİR KOCA SEYİT HAVALİMANI,17143,19.0,39.545686,27.001631
Balıkesir,Edremit,EDREMİT,17145,21.0,39.58947,27.01915
Balıkesir,Edremit,EDREMİT/ALTINOLUK,19129,34.0,39.569618,26.712504
Balıkesir,Edremit,EDREMİT/KAZ DAĞI MİLLİ PARKI,18813,1244.0,39.676297,26.920086
Balıkesir,Erdek,ERDEK,17635,2.0,40.396966,27.788039
Balıkesir,Gömeç,GÖMEÇ,19126,13.0,39.378633,26.82683
Balıkesir,Gönen,BALIKESİR/GÖNEN,17674,37.0,40.113984,27.642436
Balıkesir,Gönen,GÖNEN/ÇİFTEÇEŞMELER KÖYÜ,17988,172.0,40.267682,27.558311
Balıkesir,Havran,HAVRAN,19127,33.0,39.553254,27.089467
Balıkesir,İvrindi,İVRİNDİ,18432,240.0,39.591126,27.493889
Balıkesir,Kepsut,KEPSUT,18082,97.0,39.685833,28.141111
Balıkesir,Kepsut,KEPSUT/DALKÖY,18597,865.0,39.732559,28.388221
Balıkesir,Manyas,MANYAS,17699,50.0,40.047172,27.975008
Balıkesir,Savaştepe,SAVAŞTEPE,18434,293.0,39.350556,27.656111
Balıkesir,Susurluk,SUSURLUK,17705,47.0,39.917273,28.164703
Balıkesir,Sındırgı,SINDIRGI,19128,237.0,39.226686,28.132737
Bartın,Amasra,AMASRA,17602,73.0,41.752354,32.382706
Bartın,Kurucaşile,KURUCAŞİLE,18245,5.0,41.844722,32.723611
Bartın,Kurucaşile,KURUCAŞİLE/İLYASGEÇİDİ,19207,408.0,41.805137,32.73603
Bartın,Merkez,BARTIN,17020,33.0,41.624681,32.356753
Bartın,Merkez,BARTIN/HASANKADI KÖYÜ,18692,1246.0,41.351389,32.475
Bartın,Merkez,BARTIN/KOZCAĞIZ BELDESİ,19007,51.0,41.494229,32.342658
Bartın,Ulus,ULUS,17615,131.0,41.541722,32.596389
Bartın,Ulus,ULUS/CEYÜPLER KÖYÜ,19008,612.0,41.470833,32.544167
Bartın,Ulus,ULUS/ÇUBUKELİ KÖYÜ,19009,496.0,41.690398,32.849527
Batman,Beşiri,BEŞİRİ,18318,725.0,37.928333,41.296389
Batman,Beşiri,BEŞİRİ/DEMİRDÖVEN KÖYÜ,19924,593.0,37.862222,41.4525
Batman,Gercüş,GERCÜŞ,18319,932.0,37.569722,41.391667
Batman,Gercüş,GERCÜŞ/HİSAR BELDESİ,19097,894.0,37.601455,41.226648
Batman,Hasankeyf,HASANKEYF,18161,579.0,37.7312,41.41711
Batman,Kozluk,KOZLUK,18320,704.0,38.164209,41.486003
Batman,Merkez,BATMAN,17282,610.0,37.863094,41.154466
Batman,Merkez,BATMAN HAVALİMANI,17284,553.0,37.920359,41.109291
Batman,Sason,SASON,18162,838.0,38.313889,41.375
Bayburt,Aydıntepe,AYDINTEPE,18557,1597.0,40.381234,40.128727
Bayburt,Aydıntepe,AYDINTEPE/KAVLATAN KÖYÜ,18733,2304.0,40.533056,40.186667
Bayburt,Demirözü,DEMİRÖZÜ,18219,1757.0,40.163889,39.885833
Bayburt,Demirözü,DEMİRÖZÜ/BEŞPINARKÖYÜ,18718,1777.0,40.026111,39.853889
Bayburt,Merkez,BAYBURT,17089,1584.0,40.254664,40.220742
Bayburt,Merkez,BAYBURT/BALLIKAYA KÖYÜ,19235,1489.0,40.372821,40.39302
Bayburt,Merkez,BAYBURT/KEMERTAŞ,19234,1784.0,40.311962,40.001182
Bayburt,Merkez,BAYBURT/KOP KAYAK MERKEZİ,19236,2045.0,40.05052,40.456787
Bayburt,Merkez,BAYBURT/SANCAKTEPE KÖYÜ,19050,1770.0,40.182955,40.096944
Bayburt,Merkez,BAYBURT/TAŞÇILAR KÖYÜ,18719,2090.0,40.176667,40.616667
Bayburt,Merkez,BAYBURT/YAYLALAR KÖYÜ,19051,2087.0,40.061262,40.227383
Bayburt,Merkez,BAYBURT/ÜZENGİLİ KÖYÜ,19052,1968.0,40.487883,40.378175
Bilecik,Bozüyük,BOZÜYÜK,17702,754.0,39.903961,30.05302
Bilecik,Bozüyük,BOZÜYÜK/DODURGA BELDESİ,18828,1129.0,39.799722,29.9225
Bilecik,Gölpazarı,GÖLPAZARI,18086,537.0,40.275,30.329722
Bilecik,Gölpazarı,GÖLPAZARI/KARAAĞAÇ KÖYÜ,19142,271.0,40.236621,30.152929
Bilecik,İnhisar,İNHİSAR,18380,202.0,40.076422,30.382501
Bilecik,Merkez,BİLECİK,17120,539.0,40.141393,29.97724
Bilecik,Merkez,BİLECİK ŞEYH EDEBALİ ÜNİ.,18913,592.0,40.193689,29.964722
Bilecik,Merkez,BİLECİK/ABADİYE KÖYÜ,19140,609.0,40.162351,29.736199
Bilecik,Osmaneli,OSMANELİ,18087,96.0,40.362303,30.006353
Bilecik,Pazaryeri,PAZARYERİ,17701,825.0,39.993809,29.911446
Bilecik,Pazaryeri,PAZARYERİ/BOZCAARMUT KÖYÜ,18925,1096.0,39.979685,29.761821
Bilecik,Söğüt,SÖĞÜT,17703,695.0,40.020505,30.185047
Bilecik,Söğüt,SÖĞÜT/KÜRE KÖYÜ,19141,308.0,40.101111,30.13855
Bilecik,Yenipazar,BİLECİK/YENİPAZAR,18381,668.0,40.167524,30.518757
Bingöl,Adaklı,ADAKLI,18348,1488.0,39.229722,40.4775
Bingöl,Genç,GENÇ,17808,987.0,38.747716,40.538268
Bingöl,Genç,GENÇ/BAYIRLI KÖYÜ,18763,1788.0,38.800833,40.846667
Bingöl,Karlıova,KARLIOVA,18177,1828.0,39.293611,41.010556
Bingöl,Karlıova,KARLIOVA/KAYNAK KÖYÜ,18764,1979.0,39.2475,40.91
Bingöl,Kiğı,KİĞI,18176,1495.0,39.308185,40.345812
Bingöl,Merkez,BİNGÖL,17203,1139.0,38.885402,40.50107
Bingöl,Merkez,BİNGÖL/ALATEPE KÖYÜ,19081,1535.0,39.059078,40.763619
Bingöl,Merkez,BİNGÖL/GAYT BARAJI,18953,1529.0,39.023753,40.336684
Bingöl,Merkez,BİNGÖL/GÜLBAHAR BARAJI,18954,1270.0,38.922126,40.68392
Bingöl,Merkez,BİNGÖL/HESAREK KAYAK MERKEZİ,19917,1901.0,38.887051,40.28776
Bingöl,Merkez,BİNGÖL/SANCAK KÖYÜ,19259,1642.0,39.09158,40.39689
Bingöl,Merkez,BİNGÖL/YOLÇATI KÖYÜ,19082,1639.0,38.938333,40.2925
Bingöl,Solhan,SOLHAN,17776,1366.0,38.966364,41.050337
Bingöl,Yayladere,YAYLADERE,18349,1654.0,39.22025,40.063694
Bingöl,Yedisu,YEDİSU,18350,1598.0,39.440278,40.543056
Bitlis,Adilcevaz,ADİLCEVAZ,18576,1671.0,38.7982,42.7644
Bitlis,Adilcevaz,ADİLCEVAZ/ÇANAKYAYLA KÖYÜ,19266,2290.0,38.897001,42.700674
Bitlis,Ahlat,AHLAT,17810,1730.0,38.748667,42.475
Bitlis,Ahlat,AHLAT/BURCUKAYA KÖYÜ,19092,1888.0,38.810353,42.230193
Bitlis,Güroymak,GÜROYMAK,18577,1400.0,38.5675,42.063333
Bitlis,Hizan,HİZAN,18578,1480.0,38.216667,42.415833
Bitlis,Merkez,BİTLİS,17208,1785.0,38.475,42.1625
Bitlis,Mutki,MUTKİ,18579,1430.0,38.413333,41.922778
Bitlis,Tatvan,TATVAN,17205,1665.0,38.503311,42.281673
Bitlis,Tatvan,TATVAN/YELKENLİ BELDESİ,19091,1739.0,38.486667,42.543611
Bolu,Dörtdivan,DÖRTDİVAN,19208,1167.0,40.723955,32.071032
Bolu,Dörtdivan,DÖRTDİVAN/ÇETİKÖREN KÖYÜ,18694,1265.0,40.652222,31.988333
Bolu,Gerede,GEREDE,17642,1265.0,40.7875,32.20746
Bolu,Gerede,GEREDE/SAMAT KÖYÜ,18693,1307.0,40.640833,32.175833
Bolu,Göynük,GÖYNÜK,18246,735.0,40.393333,30.778611
Bolu,Göynük,GÖYNÜK/HİMMETOĞLU KÖYÜ,19011,576.0,40.243611,30.769722
Bolu,Kıbrıscık,KIBRISCIK,17694,1191.0,40.419103,31.852317
Bolu,Mengen,MENGEN,18247,636.0,40.945929,32.073686
Bolu,Merkez,BOLU,17070,743.0,40.733676,31.601786
Bolu,Merkez,BOLU DAĞI,17637,948.0,40.734926,31.427023
Bolu,Merkez,BOLU/BALTALI KÖYÜ,19013,1236.0,40.721111,31.8325
Bolu,Merkez,BOLU/BATI KARADENİZ ORMAN ARŞ.,18239,1340.0,40.600396,31.650123
Bolu,Merkez,BOLU/YEDİGÖLLER MİLLİ PARKI,19209,717.0,40.947041,31.74871
Bolu,Merkez,BOLU/ÇELE ORMAN SAHASI,19012,1048.0,40.820011,31.724004
Bolu,Mudurnu,MUDURNU,18158,785.0,40.497998,31.204757
Bolu,Mudurnu,MUDURNU/ABANT GÖLÜ,18695,1367.0,40.603889,31.259722
Bolu,Seben,SEBEN,17693,836.0,40.421622,31.573954
Bolu,Yeniçağa,YENİÇAĞA,18248,1083.0,40.769167,32.049167
Burdur,Altınyayla,BURDUR/ALTINYAYLA,18308,1291.0,37.012682,29.544801
Burdur,Ağlasun,AĞLASUN,18112,1138.0,37.636389,30.519722
Burdur,Ağlasun,AĞLASUN/YUMRUTAŞ KÖYÜ,19158,1210.0,37.59928,30.682516
Burdur,Bucak,BUCAK/KARACAÖREN,18111,377.0,37.379167,30.822778
Burdur,Bucak,BUCAK/KIZILKAYA BELDESİ,18841,780.0,37.309444,30.437222
Burdur,Bucak,BUCAK/PAMUCAK ORMAN SAHASI,18842,812.0,37.431944,30.676944
Burdur,Bucak,BUCAK/SEYDİKÖY,17894,875.0,37.493045,30.561742
Burdur,Gölhisar,GÖLHİSAR,17891,990.0,37.142743,29.526005
Burdur,Gölhisar,GÖLHİSAR/ELMALIYURT MEVKİ,18620,1648.0,36.916667,29.397222
Burdur,Karamanlı,KARAMANLI,18312,1251.0,37.407397,29.839935
Burdur,Kemer,BURDUR/KEMER,18313,1197.0,37.354662,30.072426
Burdur,Merkez,BURDUR,17238,957.0,37.722321,30.293868
Burdur,Merkez,BURDUR GÖLÜ,18995,867.0,37.711543,30.223235
Burdur,Merkez,BURDUR/ERİKLİ MEVKİ,18621,1357.0,37.458333,30.200556
Burdur,Merkez,BURDUR/YAYLABELİ KÖYÜ,18622,1235.0,37.682088,30.013611
Burdur,Merkez,MEHMET AKİF ERSOY ÜNİVERSİTESİ,18314,1230.0,37.684493,30.339093
Burdur,Tefenni,TEFENNİ,17892,1142.0,37.316404,29.779004
Burdur,Tefenni,TEFENNİ/BELKAYA KÖYÜ,18623,1334.0,37.3075,29.605833
Burdur,Yeşilova,YEŞİLOVA,18113,1206.0,37.500556,29.740833
Burdur,Yeşilova,YEŞİLOVA/BAYINDIR KÖYÜ,18843,997.0,37.665556,29.746944
Burdur,Yeşilova,YEŞİLOVA/HARMANLI KÖYÜ,19157,1143.0,37.58055,29.89388
Burdur,Çavdır,ÇAVDIR,18309,1159.0,37.155074,29.715581
Burdur,Çavdır,ÇAVDIR/SÖĞÜT BELDESİ,18310,1419.0,37.039892,29.823121
Burdur,Çeltikçi,ÇELTİKÇİ,18311,927.0,37.564054,30.442818
Bursa,Büyükorhan,BÜYÜKORHAN,18382,770.0,39.769808,28.901346
Bursa,Gemlik,GEMLİK,17663,85.0,40.44011,29.15035
Bursa,Gürsu,GÜRSU,18745,100.0,40.226667,29.174722
Bursa,Harmancık,HARMANCIK,18383,667.0,39.678333,29.145833
Bursa,İnegöl,İNEGÖL,17984,290.0,40.065698,29.561945
Bursa,İznik,İZNİK,17661,90.0,40.426661,29.730229
Bursa,İznik,İZNİK/BURSA RADAR SAHASI,18755,1232.0,40.538333,29.903056
Bursa,Karacabey,KARACABEY,17673,15.0,40.131949,28.331995
Bursa,Karacabey,KARACABEY/BAYRAMDERE GÖLETİ,18829,316.0,40.334722,28.379167
Bursa,Keles,KELES,17695,1057.0,39.915024,29.231267
Bursa,Kestel,KESTEL,18384,230.0,40.186196,29.210547
Bursa,Mudanya,MUDANYA,18385,4.0,40.368611,28.901667
Bursa,Mustafakemalpaşa,MUSTAFAKEMALPAŞA,17675,35.0,40.0482,28.4228
Bursa,Mustafakemalpaşa,MUSTAFAKEMALPAŞA/ ESKİKIZILELMA KÖYÜ,18830,576.0,40.042222,28.730833
Bursa,Mustafakemalpaşa,MUSTAFAKEMALPAŞA/GÜRGENDAĞ ORMAN SAHASI,18831,595.0,39.843282,28.572666
Bursa,Nilüfer,NİLÜFER,18386,105.0,40.226687,28.8639
Bursa,Orhaneli,ORHANELİ,18083,522.0,39.896667,28.9925
Bursa,Orhangazi,ORHANGAZİ,18387,96.0,40.491111,29.327778
Bursa,Osmangazi,BURSA,17116,100.0,40.231243,29.013413
Bursa,Osmangazi,OSMANGAZİ/GÜNDOĞDU,18741,360.0,40.332778,29.025
Bursa,Osmangazi,OSMANGAZİ/SARIALAN,18756,1626.0,40.13528,29.11056
Bursa,Osmangazi,ULUDAĞ,17676,1877.0,40.107646,29.128919
Bursa,Osmangazi,ULUDAĞ TELEFERİK,19915,1787.0,40.111389,29.141944
Bursa,Yenişehir,BURSA YENİŞEHİR HAVALİMANI,17118,238.0,40.260525,29.574957
Bursa,Yenişehir,BURSA/YENİŞEHİR,19279,223.0,40.249024,29.653763
Bursa,Yenişehir,YENİŞEHİR/ALAYLI KÖYÜ,18743,505.0,40.32444,29.68222
Bursa,Yıldırım,YILDIRIM,18746,163.0,40.187778,29.132222
Denizli,Acıpayam,ACIPAYAM,17890,941.0,37.434021,29.349591
Denizli,Acıpayam,ACIPAYAM/ALCI ORMAN SAHASI,18854,1024.0,37.18618,29.27007
Denizli,Babadağ,BABADAĞ,18294,903.0,37.802228,28.852543
Denizli,Baklan,BAKLAN,18295,1032.0,37.979169,29.612847
Denizli,Bekilli,BEKİLLİ,18296,845.0,38.222778,29.413889
Denizli,Beyağaç,BEYAĞAÇ,18297,658.0,37.226566,28.884331
Denizli,Bozkurt,DENİZLİ/BOZKURT,18298,923.0,37.807763,29.618422
Denizli,Buldan,BULDAN,18299,564.0,38.041008,28.845343
Denizli,Buldan,BULDAN/KADIKÖY KÖYÜ,19169,710.0,38.158259,28.759054
Denizli,Buldan,BULDAN/KARAKÖY KÖYÜ,18853,946.0,38.217778,28.866791
Denizli,Güney,GÜNEY,17824,825.0,38.151509,29.058709
Denizli,Güney,GÜNEY/ADIGÜZELLER KÖYÜ,19168,473.0,38.15927,29.20782
Denizli,Honaz,HONAZ,18300,492.0,37.766421,29.280887
Denizli,Honaz,HONAZ/AKBAŞ KÖYÜ,18636,1160.0,37.735,29.421667
Denizli,Honaz,HONAZ/KAKLIK BELDESİ,18754,565.0,37.820278,29.421111
Denizli,Kale,DENİZLİ/KALE,18301,1020.0,37.4505,28.8404
Denizli,Kale,KALE/KARAYAYLA KÖYÜ,18639,1390.0,37.3575,28.962778
Denizli,Kale,KALE/KIRKÖY KÖYÜ,18633,1087.0,37.584167,28.747222
Denizli,Merkezefendi,MERKEZEFENDİ,19359,589.0,37.77611,29.01607
Denizli,Pamukkale,DENİZLİ,17237,425.0,37.762028,29.092075
Denizli,Pamukkale,PAMUKKALE/AKKÖY,17867,198.0,37.960969,29.071565
Denizli,Pamukkale,PAMUKKALE/BAĞBAŞI,19170,1378.0,37.70613,29.13415
Denizli,Pamukkale,PAMUKKALE/GÜZELPINAR KÖYÜ,18638,1205.0,37.944722,29.259444
Denizli,Pamukkale,PAMUKKALE/HONAZ DAĞI MİLLİ PARKI,18635,1190.0,37.659444,29.244722
Denizli,Sarayköy,SARAYKÖY,18068,191.0,37.903,28.9016
Denizli,Sarayköy,SARAYKÖY/TIRKAZ,19167,682.0,37.88804,28.77124
Denizli,Serinhisar,SERİNHİSAR,18302,923.0,37.588979,29.277656
Denizli,Tavas,DENİZLİ KAYAK MERKEZİ,18303,1918.0,37.317077,29.189086
Denizli,Tavas,TAVAS,18065,897.0,37.5654,29.059
Denizli,Tavas,TAVAS/NİKFER BELDESİ,18634,1124.0,37.402222,29.140833
Denizli,Çal,ÇAL,18067,817.0,38.089444,29.395278
Denizli,Çameli,ÇAMELİ,18066,1262.0,37.062236,29.368622
Denizli,Çameli,ÇAMELİ/KİRAZLIYAYLA KÖYÜ,18632,905.0,36.978187,29.213506
Denizli,Çardak,DENİZLİ ÇARDAK HAVALİMANI,17257,848.0,37.792943,29.711304
Denizli,Çardak,ÇARDAK,19281,917.0,37.83241,29.66947
Denizli,Çivril,ÇİVRİL,17825,824.0,38.260484,29.712171
Denizli,Çivril,ÇİVRİL/KAVAKALANI KÖYÜ,18637,1205.0,38.391944,29.933889
Denizli,Çivril,ÇİVRİL/KIRALAN BELDESİ,18852,825.0,38.110833,29.639722
Diyarbakır,Bağlar,BAĞLAR/KIRKKOYUN KÖYÜ,19268,1070.0,37.809678,39.916801
Diyarbakır,Bağlar,DİYARBAKIR BÖLGE,17281,680.0,37.909444,40.213333
Diyarbakır,Bağlar,DİYARBAKIR HAVALİMANI,17280,665.0,37.881104,40.208431
Diyarbakır,Bismil,BİSMİL,18165,558.0,37.830833,40.654444
Diyarbakır,Bismil,BİSMİL/YUKARISALAT BELDESİ,19098,540.0,37.844636,40.899291
Diyarbakır,Dicle,DİCLE,18323,895.0,38.3592,40.071
Diyarbakır,Ergani,ERGANİ,17847,948.0,38.27165,39.775465
Diyarbakır,Eğil,EĞİL,18324,837.0,38.250556,40.075556
Diyarbakır,Hani,HANİ,18325,907.0,38.411389,40.401111
Diyarbakır,Hazro,HAZRO,18326,1000.0,38.250556,40.779167
Diyarbakır,Kayapınar,KAYAPINAR,19375,816.0,37.921593,40.121086
Diyarbakır,Kayapınar,KAYAPINAR/DEVEGEÇİDİ,18327,740.0,38.064167,39.989722
Diyarbakır,Kayapınar,KAYAPINAR/KARAYAKUP KÖYÜ,18783,891.0,37.916389,39.855278
Diyarbakır,Kocaköy,KOCAKÖY,18328,966.0,38.291667,40.508611
Diyarbakır,Kulp,KULP,18329,1150.0,38.504167,41.01
Diyarbakır,Lice,LİCE,18163,954.0,38.453056,40.644722
Diyarbakır,Silvan,SİLVAN,18164,804.0,38.132778,41.008056
Diyarbakır,Sur,SUR/BEYBULAK KÖYÜ,18781,733.0,38.126944,40.5625
Diyarbakır,Sur,SUR/ÜNAL ERKAN HELİPORT,17283,701.0,37.939065,40.296323
Diyarbakır,Yenişehir,DİYARBAKIR/YENİŞEHİR,19916,726.0,37.952222,40.188056
Diyarbakır,Yenişehir,YENİŞEHİR/EŞREF BİTLİS HELİPORT,18166,679.0,37.924722,40.232778
Diyarbakır,Çermik,ÇERMİK,17874,695.0,38.13706,39.46445
Diyarbakır,Çermik,ÇERMİK/SARIBALTA KÖYÜ,19099,1016.0,37.938333,39.456667
Diyarbakır,Çüngüş,ÇÜNGÜŞ,18322,1036.0,38.21,39.307222
Diyarbakır,Çınar,ÇINAR,18321,650.0,37.7325,40.411111
Diyarbakır,Çınar,ÇINAR/KARAÇEVRE KÖYÜ,18782,921.0,37.681111,40.061389
Düzce,Akçakoca,AKÇAKOCA,17015,10.0,41.089528,31.143039
Düzce,Cumayeri,CUMAYERİ,19212,140.0,40.861815,30.951803
Düzce,Gölyaka,GÖLYAKA,18259,118.0,40.781667,31.018611
Düzce,Gümüşova,GÜMÜŞOVA,19376,256.0,40.857438,30.934146
Düzce,Kaynaşlı,KAYNAŞLI,19214,296.0,40.77985,31.32007
Düzce,Merkez,DÜZCE,17072,146.0,40.843664,31.148755
Düzce,Yığılca,YIĞILCA,18260,501.0,40.972631,31.440073
Düzce,Yığılca,YIĞILCA/YOĞUNPELİT KÖYÜ,19017,741.0,40.964187,31.606816
Edirne,Enez,ENEZ,18097,64.0,40.648333,26.233333
Edirne,Havsa,HAVSA,18098,123.0,41.536111,26.854722
Edirne,İpsala,İPSALA,17632,81.0,40.889364,26.390959
Edirne,İpsala,İPSALA/HACI KÖYÜ,18790,97.0,40.988611,26.550833
Edirne,Keşan,KEŞAN,18393,90.0,40.837778,26.627778
Edirne,Keşan,KEŞAN/MECİDİYE KÖYÜ,19108,48.0,40.643711,26.543338
Edirne,Lalapaşa,LALAPAŞA,18096,180.0,41.830303,26.736515
Edirne,Lalapaşa,LALAPAŞA/HAMZEBEYLİ KÖYÜ,19106,391.0,41.966275,26.639197
Edirne,Lalapaşa,LALAPAŞA/ÖMEROBA KÖYÜ,18791,345.0,41.932222,26.934444
Edirne,Meriç,MERİÇ,18394,50.0,41.1975,26.424444
Edirne,Merkez,EDİRNE,17050,51.0,41.676694,26.550838
Edirne,Merkez,EDİRNE/KEMAL KÖYÜ,19107,63.0,41.734874,26.406247
Edirne,Süloğlu,SÜLOĞLU,18395,190.0,41.774167,26.916389
Edirne,Uzunköprü,UZUNKÖPRÜ,17608,45.0,41.272568,26.705622
Elazığ,Alacakaya,ALACAKAYA,19260,1145.0,38.46062,39.86771
Elazığ,Arıcak,ARICAK,18351,1078.0,38.554167,40.138611
Elazığ,Arıcak,ARICAK/ERİMLİ MEVKİ,18765,967.0,38.491944,39.999722
Elazığ,Ağın,AĞIN,17766,900.0,38.941333,38.718167
Elazığ,Baskil,BASKİL,17843,1285.0,38.577629,38.837139
Elazığ,Baskil,BASKİL/AŞAĞIKULUŞAĞI BELDESİ,19084,1343.0,38.623452,38.560467
Elazığ,Baskil,BASKİL/KUŞSARAYI,18943,730.0,38.450222,38.807025
Elazığ,Karakoçan,KARAKOÇAN,17774,1090.0,38.948628,40.049348
Elazığ,Karakoçan,KARAKOÇAN/ÖZLÜCE BARAJI,18952,1160.0,39.128963,40.091334
Elazığ,Keban,KEBAN,17804,812.0,38.7972,38.7365
Elazığ,Kovancılar,KOVANCILAR,18178,1028.0,38.701667,39.849167
Elazığ,Kovancılar,KOVANCILAR/KOLLUCA KÖYÜ,19261,1087.0,38.71868,39.62536
Elazığ,Kovancılar,KOVANCILAR/YARIMCA,18192,881.0,38.661667,39.771944
Elazığ,Maden,MADEN,17846,1047.0,38.392371,39.675655
Elazığ,Merkez,ELAZIĞ BÖLGE,17201,989.0,38.6443,39.25605
Elazığ,Merkez,ELAZIĞ HAVALİMANI,17202,881.0,38.598635,39.294561
Elazığ,Merkez,ELAZIĞ/HARPUT,18191,1483.0,38.7135,39.2435
Elazığ,Merkez,ELAZIĞ/YOLÇATI KÖYÜ,19262,1291.0,38.539379,39.024938
Elazığ,Merkez,ELAZIĞ/YURTBAŞI,19083,921.0,38.651944,39.356667
Elazığ,Merkez,ELAZIĞ/ÇÖTELİ KÖYÜ,18766,1076.0,38.749722,39.015278
Elazığ,Merkez,FIRAT ÜNİVERSİTESİ,19926,1145.0,38.686594,39.191669
Elazığ,Palu,PALU,17806,880.0,38.696133,39.932616
Elazığ,Sivrice,SİVRİCE,17844,1254.0,38.450828,39.310373
Elazığ,Sivrice,SİVRİCE/GÖZELİ,18190,1384.0,38.452778,39.079167
Elazığ,Sivrice,SİVRİCE/HAZARBABA DAĞI,18589,2075.0,38.410697,39.320549
Erzincan,İliç,İLİÇ,18361,1085.0,39.461111,38.563333
Erzincan,Kemah,KEMAH,18200,1071.0,39.601111,39.032778
Erzincan,Kemah,KEMAH/DEDEOĞLU KÖYÜ,19075,1486.0,39.74,38.994444
Erzincan,Kemaliye,KEMALİYE,18362,910.0,39.280833,38.490556
Erzincan,Merkez,ERZİNCAN,17094,1216.0,39.751406,39.486753
Erzincan,Merkez,ERZİNCAN HAVALİMANI,17092,1154.0,39.708474,39.5400874
Erzincan,Merkez,ERZİNCAN/DEREYURT KÖYÜ,18998,1514.0,39.819844,39.406393
Erzincan,Merkez,ERZİNCAN/SAKALTUTAN GEÇİDİ,19071,2152.0,39.875833,39.128889
Erzincan,Otlukbeli,OTLUKBELİ,18363,1740.0,39.970278,40.02
Erzincan,Refahiye,REFAHİYE,18199,1594.0,39.904655,38.767112
Erzincan,Refahiye,REFAHİYE/KAYI KÖYÜ,18987,1443.0,39.96897,38.624667
Erzincan,Refahiye,REFAHİYE/YURTBAŞI KÖYÜ,19252,1988.0,39.882652,39.032308
Erzincan,Tercan,TERCAN,17718,1429.0,39.776869,40.390558
Erzincan,Tercan,TERCAN/KARGIN BELDESİ,19070,1384.0,39.668611,40.193056
Erzincan,Çayırlı,ÇAYIRLI,18360,1515.0,39.815207,40.036373
Erzincan,Üzümlü,ÜZÜMLÜ,18364,1318.0,39.696374,39.678204
Erzurum,Aziziye,AZİZİYE,19284,1770.0,39.938016,41.122694
Erzurum,Aziziye,AZİZİYE/KUZGUN KÖYÜ,19255,2141.0,40.178973,41.071471
Erzurum,Aşkale,AŞKALE,18205,1691.0,39.930835,40.709292
Erzurum,Aşkale,AŞKALE/OVACIK KÖYÜ,19074,2001.0,39.718889,40.613056
Erzurum,Horasan,HORASAN,17690,1540.0,40.0415,42.173013
Erzurum,Hınıs,HINIS,17740,1715.0,39.368833,41.695667
Erzurum,İspir,İSPİR,17666,1223.0,40.486062,40.999566
Erzurum,İspir,İSPİR/ULUTAŞ,19253,2629.0,40.610561,40.876532
Erzurum,İspir,İSPİR/ÇAMLIKAYA BELDESİ,19073,982.0,40.633611,41.177222
Erzurum,İspir,ÇAYIRÖZÜ KÖYÜ,18906,2200.0,40.570674,40.911283
Erzurum,Karayazı,KARAYAZI,18204,2246.0,39.696714,42.124889
Erzurum,Karaçoban,KARAÇOBAN,18365,1530.0,39.345904,42.099835
Erzurum,Köprüköy,KÖPRÜKÖY,18366,1685.0,39.990833,41.852222
Erzurum,Köprüköy,KÖPRÜKÖY/YILANLI KÖYÜ,19254,1965.0,39.805679,41.762267
Erzurum,Narman,NARMAN,18202,1650.0,40.345037,41.884302
Erzurum,Oltu,OLTU,17668,1312.0,40.549373,41.995363
Erzurum,Olur,OLUR,18367,1395.0,40.833454,42.127051
Erzurum,Palandöken,DOĞU ANADOLU GÖZLEMEVİ,19919,3148.0,39.78,41.22617
Erzurum,Palandöken,PALANDÖKEN/KONAKLI KÖYÜ,18960,2258.0,39.801268,41.197
Erzurum,Pasinler,PASİNLER/TOPRAK SU ARŞ. (TAGEM),18201,1720.0,39.99,41.574167
Erzurum,Pazaryolu,PAZARYOLU,18368,1520.0,40.420278,40.789167
Erzurum,Tekman,TEKMAN,18370,1980.0,39.647778,41.5125
Erzurum,Tekman,TEKMAN/HACIÖMER KÖYÜ,19072,1830.0,39.599167,41.754167
Erzurum,Tortum,TORTUM,17688,1576.0,40.301333,41.540856
Erzurum,Uzundere,UZUNDERE,17660,1151.0,40.528404,41.552919
Erzurum,Yakutiye,ERZURUM BÖLGE,17095,1860.0,39.905833,41.254444
Erzurum,Yakutiye,ERZURUM HAVALİMANI,17096,1758.0,39.954419,41.189571
Erzurum,Çat,ÇAT,18203,1907.0,39.60581,40.97503
Erzurum,Şenkaya,ŞENKAYA,18369,1846.0,40.572778,42.343333
Eskişehir,Alpu,ALPU,18088,771.0,39.766111,30.955556
Eskişehir,Alpu,ALPU/ALAPINAR KÖYÜ,18590,1250.0,40.010556,30.880833
Eskişehir,Beylikova,BEYLİKOVA,18388,756.0,39.703333,31.193056
Eskişehir,Günyüzü,Eskişehir / GÜNYÜZÜ/KAYAKENT MEVKİ,19147,1600.0,39.292619,31.74924
Eskişehir,Günyüzü,GÜNYÜZÜ,18090,856.0,39.392222,31.816111
Eskişehir,Han,HAN,18389,1234.0,39.155278,30.862778
Eskişehir,İnönü,İNÖNÜ/THK TESİSLERİ,19143,833.0,39.8184,30.12428
Eskişehir,Mahmudiye,MAHMUDİYE TİGEM,17899,888.0,39.485,30.988611
Eskişehir,Mihalgazi,MİHALGAZİ,19372,236.0,40.0296,30.5746
Eskişehir,Mihalıçcık,MİHALIÇÇIK,18092,1388.0,39.873333,31.488889
Eskişehir,Mihalıçcık,MİHALIÇÇIK/KIZILTEPE ORMAN SAHASI,18833,1341.0,40.020833,31.181944
Eskişehir,Mihalıçcık,MİHALIÇÇIK/ÇATACIK,18089,1586.0,39.968333,31.131667
Eskişehir,Odunpazarı,ESKİŞEHİR BÖLGE,17126,801.0,39.765352,30.550635
Eskişehir,Odunpazarı,ODUNPAZARI/KANLIPINAR KÖYÜ,18739,873.0,39.74111,30.68278
Eskişehir,Odunpazarı,ODUNPAZARI/KİREÇKÖYÜ,18946,914.0,39.771964,30.781859
Eskişehir,Odunpazarı,ODUNPAZARI/TÜRKMENDAĞI,19904,1224.0,39.532706,30.343161
Eskişehir,Sarıcakaya,SARICAKAYA,18091,256.0,40.043301,30.613801
Eskişehir,Seyitgazi,SEYİTGAZİ,18390,1008.0,39.451153,30.700611
Eskişehir,Seyitgazi,SEYİTGAZİ/İDRİSYAYLA KÖYÜ,19145,1576.0,39.399335,30.3996
Eskişehir,Seyitgazi,SEYİTGAZİ/KIRKA BELDESİ,18832,1045.0,39.290556,30.519444
Eskişehir,Seyitgazi,SEYİTGAZİ/YENİKENT KÖYÜ,19146,930.0,39.569801,30.742901
Eskişehir,Sivrihisar,SİVRİHİSAR,17973,1065.0,39.445544,31.527817
Eskişehir,Sivrihisar,SİVRİHİSAR HAVALİMANI,17125,968.0,39.446911,31.383312
Eskişehir,Sivrihisar,SİVRİHİSAR/KARACAKAYA KÖYÜ,18740,1218.0,39.60472,31.56583
Eskişehir,Sivrihisar,SİVRİHİSAR/KAYMAZ BELDESİ,18900,1075.0,39.516313,31.211676
Eskişehir,Sivrihisar,SİVRİHİSAR/OĞLAKÇI KÖYÜ,19144,819.0,39.553881,31.735169
Eskişehir,Tepebaşı,ANADOLU ÜNİVERSİTESİ,17121,788.0,39.808296,30.532028
Eskişehir,Tepebaşı,ESKİŞEHİR HASAN POLATKAN HAVALİMANI,17123,787.0,39.808967,30.505033
Eskişehir,Tepebaşı,ESKİŞEHİR HAVALİMANI,17124,786.0,39.781377,30.597842
Eskişehir,Tepebaşı,TEPEBAŞI/BOZDAĞ MEVKİ,18602,1274.0,39.888124,30.555122
Eskişehir,Tepebaşı,TEPEBAŞI/ÇANAKKIRAN KÖYÜ,18834,993.0,39.666111,30.246667
Eskişehir,Çifteler,ÇİFTELER,17723,900.0,39.365884,31.020866
Gaziantep,Araban,ARABAN,18152,533.0,37.419,37.6839
Gaziantep,İslahiye,İSLAHİYE,17965,470.0,36.9585,36.5882
Gaziantep,İslahiye,İSLAHİYE/ALACA KÖYÜ,18865,942.0,36.991667,36.832222
Gaziantep,Karkamış,KARKAMIŞ,18150,357.0,36.835453,38.000805
Gaziantep,Nizip,NİZİP,18153,580.0,37.044,37.811
Gaziantep,Nizip,NİZİP/ULUYATIR,19175,562.0,36.96478,37.6937
Gaziantep,Nurdağı,NURDAĞI,18151,489.0,37.1685,36.759
Gaziantep,Oğuzeli,GAZİANTEP HAVALİMANI,17260,700.0,36.943328,37.490281
Gaziantep,Oğuzeli,OĞUZELİ,19286,703.0,36.9565,37.5162
Gaziantep,Oğuzeli,OĞUZELİ/KOVANLI KÖYÜ,18864,536.0,36.81,37.700833
Gaziantep,Yavuzeli,YAVUZELİ,18273,584.0,37.3092,37.5577
Gaziantep,Şahinbey,GAZİANTEP,17261,854.0,37.0585,37.351
Gaziantep,Şahinbey,ŞAHİNBEY,18271,954.0,37.034167,37.303889
Gaziantep,Şehitkamil,ŞEHİTKAMİL,18272,927.0,37.170133,37.287689
Gaziantep,Şehitkamil,ŞEHİTKAMİL/GAZİANTEP SOFT TEPE RADAR SAHASI,19176,1452.0,37.13699,37.13743
Giresun,Alucra,ALUCRA,18224,1477.0,40.327721,38.752222
Giresun,Alucra,ALUCRA/GÜRBULAK KÖYÜ,19055,1770.0,40.283735,38.82932
Giresun,Alucra,ALUCRA/ÇAKRAK KÖYÜ,18722,2103.0,40.533056,38.647222
Giresun,Bulancak,BULANCAK,18558,286.0,40.914597,38.194169
Giresun,Bulancak,BULANCAK/KOVANLIK,19239,1103.0,40.75061,38.10812
Giresun,Bulancak,BULANCAK/SERPİN YAYLASI,18721,1733.0,40.611944,38.043333
Giresun,Dereli,DERELİ,19377,401.0,40.736381,38.455895
Giresun,Dereli,DERELİ/KÜMBET YAYLASI,17686,1730.0,40.559167,38.439722
Giresun,Dereli,DERELİ/TAMDERE KÖYÜ,18720,1946.0,40.553889,38.340833
Giresun,Dereli,DERELİ/YAVUZKEMAL,18222,1711.0,40.589444,38.278889
Giresun,Dereli,Giresun / DERELİ/KÜMBET KAYAK MERKEZİ,18921,1859.0,40.568204,38.480889
Giresun,Doğankent,DOĞANKENT,18221,177.0,40.810556,38.912778
Giresun,Espiye,ESPİYE,19237,2.0,40.946567,38.693028
Giresun,Espiye,ESPİYE/AVLUCA,19238,680.0,40.765072,38.761995
Giresun,Eynesil,EYNESİL/ÖREN BELDESİ,18559,772.0,41.001667,39.145
Giresun,Görele,GÖRELE/KUŞÇULU KÖYÜ,18560,330.0,41.0175,38.951944
Giresun,Görele,GÖRELE/SİS DAĞI,18730,2133.0,40.881389,39.103889
Giresun,Güce,GÜCE,18561,390.0,40.901545,38.804012
Giresun,Keşap,KEŞAP/YİVDİNCİK KÖYÜ,18562,680.0,40.852222,38.571389
Giresun,Merkez,GİRESUN,17034,38.0,40.922667,38.387833
Giresun,Merkez,GİRESUN/İNİŞDİBİ KÖYÜ,19054,1113.0,40.726389,38.3175
Giresun,Tirebolu,TİREBOLU,18225,5.0,40.9775,38.765833
Giresun,Yağlıdere,YAĞLIDERE,18563,83.0,40.881798,38.632445
Giresun,Yağlıdere,YAĞLIDERE/SINIRKÖY KÖYÜ,19053,1080.0,40.674167,38.618889
Giresun,Çamoluk,ÇAMOLUK,18220,1037.0,40.133889,38.724722
Giresun,Çanakçı,ÇANAKÇI,18223,149.0,40.927683,39.007759
Giresun,Şebinkarahisar,ŞEBİNKARAHİSAR,17682,1364.0,40.287167,38.419333
Giresun,Şebinkarahisar,ŞEBİNKARAHİSAR/GÜRPINAR KÖYÜ,19240,1743.0,40.377532,38.548997
Gümüşhane,Kelkit,KELKİT,18228,1483.0,40.150556,39.436111
Gümüşhane,Kelkit,KELKİT/GÜLTEPE KÖYÜ,19057,1903.0,40.053611,39.285556
Gümüşhane,Kelkit,KELKİT/KARACAÖREN KÖYÜ,18729,1851.0,39.948333,39.5475
Gümüşhane,Kelkit,KELKİT/ÇAMUR KÖYÜ,19241,1882.0,39.977542,39.723149
Gümüşhane,Köse,KÖSE,18564,1635.0,40.221667,39.657778
Gümüşhane,Kürtün,KÜRTÜN,18226,739.0,40.6825,39.145556
Gümüşhane,Kürtün,KÜRTÜN/ARPACIK KÖYÜ,18727,2366.0,40.504722,39.041944
Gümüşhane,Kürtün,KÜRTÜN/BEYTARLA KÖYÜ,18725,1944.0,40.525565,38.846527
Gümüşhane,Kürtün,KÜRTÜN/ELCİĞEZ KÖYÜ,18724,1931.0,40.675,38.993611
Gümüşhane,Merkez,GÜMÜŞHANE,17088,1216.0,40.460237,39.465422
Gümüşhane,Merkez,GÜMÜŞHANE/AŞAĞIYUVALI KÖYÜ,18726,2375.0,40.528611,39.911944
Gümüşhane,Merkez,GÜMÜŞHANE/OLUCAK KARAYAYLA,18728,2535.0,40.559167,39.644444
Gümüşhane,Merkez,GÜMÜŞHANE/SARGINKAYA KÖYÜ,18723,1814.0,40.360833,39.7375
Gümüşhane,Merkez,GÜMÜŞHANE/SUNGURBEYLİ KÖYÜ,19056,1770.0,40.315278,39.555833
Gümüşhane,Merkez,GÜMÜŞHANE/SÜLEYMANİYE KAYAK MERKEZİ,18920,2227.0,40.42733,39.440649
Gümüşhane,Torul,Gümüşhane / ZİGANA KAYAK MERKEZİ,17696,2050.0,40.641333,39.403667
Gümüşhane,Torul,TORUL,18227,1009.0,40.568464,39.299282
Gümüşhane,Torul,TORUL/GÜLAÇAR KÖYÜ,19242,1468.0,40.390636,39.220636
Gümüşhane,Şiran,ŞİRAN,18565,1490.0,40.185556,39.128889
Hakkari,Merkez,HAKKARİ,17285,1727.0,37.5745,43.738833
Hakkari,Merkez,HAKKARİ KAYAK MERKEZİ,19909,2516.0,37.571393,43.6818
Hakkari,Merkez,HAKKARİ/DURANKAYA BELDESİ,18771,1825.0,37.56,43.609444
Hakkari,Yüksekova,HAKKARİ YÜKSEKOVA SELAHADDİN EYYUBİ HAVALİMANI,17815,1854.0,37.553868,44.224381
Hakkari,Yüksekova,YÜKSEKOVA,17920,1877.0,37.5785,44.286167
Hakkari,Şemdinli,ŞEMDİNLİ,18234,1317.0,37.295265,44.581943
Hatay,Altınözü,ALTINÖZÜ,18058,350.0,36.119136,36.242897
Hatay,Antakya,ANTAKYA,17372,157.0,36.236837,36.132912
Hatay,Antakya,HATAY HAVALİMANI,17371,82.0,36.365403,36.293039
Hatay,Arsuz,ARSUZ,18858,24.0,36.450556,35.950278
Hatay,Belen,BELEN,18057,624.0,36.488082,36.217063
Hatay,Defne,DEFNE,19363,91.0,36.171664,36.113494
Hatay,Dörtyol,DÖRTYOL,17962,29.0,36.824356,36.198131
Hatay,Erzin,ERZİN,18274,185.0,36.956944,36.208611
Hatay,Hassa,HASSA,18275,363.0,36.798,36.5393
Hatay,İskenderun,İSKENDERUN,17370,4.0,36.592358,36.158158
Hatay,Kumlu,KUMLU,18277,84.0,36.358388,36.417312
Hatay,Kırıkhan,KIRIKHAN,18276,210.0,36.485652,36.341171
Hatay,Payas,PAYAS,19378,86.0,36.755368,36.234816
Hatay,Reyhanlı,REYHANLI TİGEM,17645,96.0,36.265772,36.498125
Hatay,Samandağ,SAMANDAĞ,17986,4.0,36.081448,35.949034
Hatay,Yayladağı,YAYLADAĞI,18278,437.0,35.908056,36.064444
Isparta,Aksu,AKSU/ANAMAS,17865,1240.0,37.800354,31.050659
Isparta,Atabey,ATABEY,17885,1069.0,37.95443,30.63526
Isparta,Eğirdir,EĞİRDİR,17882,920.0,37.837671,30.872013
Isparta,Eğirdir,EĞİRDİR/SARIİDRİS BELDESİ,18616,1442.0,37.946735,30.999857
Isparta,Gelendost,GELENDOST,18114,1010.0,38.124167,30.998611
Isparta,Gönen,ISPARTA SÜLEYMAN DEMİREL HAVALİMANI,17241,869.0,37.849091,30.360991
Isparta,Gönen,ISPARTA/GÖNEN,18315,964.0,37.92649,30.48689
Isparta,Keçiborlu,KEÇİBORLU,18316,1030.0,37.929722,30.293611
Isparta,Merkez,EĞİRDİR/BARLA,19160,1187.0,38.02138,30.78333
Isparta,Merkez,ISPARTA,17240,997.0,37.785101,30.566723
Isparta,Merkez,ISPARTA/DAVRAZ KAYAK MERKEZİ,17888,1951.0,37.770299,30.742508
Isparta,Merkez,ISPARTA/GÖLCÜK MİLLİ PARKI,19155,1400.0,37.72166,30.49305
Isparta,Senirkent,SENİRKENT,17826,959.0,38.104969,30.557828
Isparta,Sütçüler,SÜTÇÜLER,17893,985.0,37.501838,30.972545
Isparta,Sütçüler,SÜTÇÜLER / AYVALIIPINAR BELDESİ,18845,1205.0,37.680833,31.043889
Isparta,Sütçüler,SÜTÇÜLER/BEYDİLİ KÖYÜ,18608,1529.0,37.434722,31.109167
Isparta,Sütçüler,SÜTÇÜLER/KASIMLAR BELDESİ,18844,992.0,37.524515,31.188272
Isparta,Uluborlu,ULUBORLU,17864,1025.0,38.086048,30.458162
Isparta,Yalvaç,YALVAÇ,17828,1096.0,38.283097,31.178545
Isparta,Yalvaç,YALVAÇ/AKDAĞ MEVKİ,18624,1412.0,38.183889,30.892778
Isparta,Yalvaç,YALVAÇ/YARIKKAYA KÖYÜ,18846,1444.0,38.455833,31.053056
Isparta,Yalvaç,YALVAÇ/ÇETİNCE,19100,1091.0,38.189444,31.230556
Isparta,Yenişarbademli,YENİŞARBADEMLİ,18115,1169.0,37.718056,31.405556
Isparta,Yenişarbademli,YENİŞARBADEMLİ/DEDEGÖL TEPESİ,19105,1890.0,37.674722,31.338056
Isparta,Şarkikaraağaç,ŞARKİKARAAĞAÇ/KIZILDAĞ MİLLİ PARKI,19905,1437.0,38.041831,31.368111
Isparta,Şarkikaraağaç,ŞARKİKARAAĞAÇ/SARIKAYA KÖYÜ,19159,1163.0,37.935781,31.297731
Isparta,Şarkikaraağaç,ŞARKİKARAĞAÇ,17863,1158.0,38.063017,31.355789
Iğdır,Aralık,ARALIK,18195,826.0,39.868333,44.511667
Iğdır,Karakoyunlu,KARAKOYUNLU,18371,850.0,39.991732,44.145248
Iğdır,Merkez,IĞDIR,17100,856.0,39.925912,44.05372
Iğdır,Merkez,IĞDIR ÜNİVERSİTESİ,19903,1259.0,39.800997,44.071791
Iğdır,Merkez,IĞDIR ŞEHİT BÜLENT AYDIN HAVALİMANI,17763,937.0,39.979545,43.868009
Iğdır,Tuzluca,TUZLUCA,18372,1110.0,40.044722,43.667222
İstanbul,Arnavutköy,ARNAVUTKÖY,18402,140.0,41.22111,28.707882
İstanbul,Arnavutköy,ARNAVUTKÖY/TERKOS BARAJI,18734,16.0,41.33639,28.6175
İstanbul,Arnavutköy,İSTANBUL HAVALİMANI,17058,99.0,41.264714,28.728836
İstanbul,Bakırköy,FLORYA,17636,37.0,40.975837,28.786531
İstanbul,Bakırköy,İSTANBUL ATATÜRK HAVALİMANI,17060,33.0,40.966936,28.815562
İstanbul,Beykoz,BEYKOZ,18396,5.0,41.141667,29.073889
İstanbul,Beykoz,BEYKOZ/ANADOLU FENERİ,18421,58.0,41.223333,29.165833
İstanbul,Beylikdüzü,BEYLİKDÜZÜ,19110,90.0,40.965729,28.622512
İstanbul,Büyükçekmece,BÜYÜKÇEKMECE,18099,20.0,41.045278,28.59
İstanbul,Eyüp,EYÜPSULTAN,18101,54.0,41.102778,28.924167
İstanbul,Fatih,FATİH/İST.DEN.BİL.ENS.,17603,10.0,41.015546,28.960097
İstanbul,Güngören,GÜNGÖREN/DAVUTPAŞA MARMARA,17814,68.0,41.0266,28.8853
İstanbul,Kadıköy,KADIKÖY GÖZTEPE RIHTIM,17062,5.0,40.9883,29.01895
İstanbul,Kadıköy,KADIKÖY/GÖZTEPE,17813,41.0,40.979451,29.057147
İstanbul,Kartal,İSTANBUL BÖLGE,17064,18.0,40.911345,29.155803
İstanbul,Kartal,KARTAL/AYDOS DAĞI,19112,321.0,40.931748,29.228568
İstanbul,Pendik,İSTANBUL SABİHA GÖKÇEN HAVALİMANI,17063,99.0,40.892797,29.297236
İstanbul,Pendik,PENDİK/ÖMERLİ BARAJI,18736,70.0,41.00833,29.34194
İstanbul,Sancaktepe,SAMANDIRA HAVALİMANI,17065,123.0,40.986676,29.214909
İstanbul,Sancaktepe,SANCAKTEPE,18399,110.0,41.008611,29.282222
İstanbul,Sarıyer,SARIYER,17061,59.0,41.146515,29.050201
İstanbul,Sarıyer,SARIYER/İTÜ MASLAK YERLEŞKESİ,18980,75.0,41.099909,29.025127
İstanbul,Sarıyer,SARIYER/KUMKÖY-KİLYOS,17059,38.0,41.25047,29.038367
İstanbul,Sarıyer,SARIYER/YAVUZ SULTAN SELİM KÖPRÜSÜ,19365,90.0,41.20993,29.104873
İstanbul,Silivri,SİLİVRİ,18400,195.0,41.185556,28.1575
İstanbul,Silivri,SİLİVRİ ORMAN SAHASI,18793,208.0,41.306389,28.186944
İstanbul,Tuzla,TUZLA,18100,3.0,40.827623,29.292767
İstanbul,Çatalca,ÇATALCA,19111,40.0,41.168037,28.490868
İstanbul,Çatalca,ÇATALCA RADAR SAHASI,17047,381.0,41.340943,28.356803
İstanbul,Çekmeköy,ÇEKMEKÖY/ÖMERLİ,18397,80.0,41.078333,29.325556
İstanbul,Ümraniye,ÜMRANİYE,18403,191.0,41.029444,29.138333
İstanbul,Üsküdar,ÜSKÜDAR,18404,75.0,41.032778,29.046389
İstanbul,Şile,ŞİLE,17610,83.0,41.168851,29.600454
İstanbul,Şile,ŞİLE/DARLIK KÖYÜ,18792,256.0,41.043056,29.571667
İstanbul,Şile,ŞİLE/İSAKÖY,18735,6.0,41.10833,29.82833
İstanbul,Şişli,ŞİŞLİ,18401,60.0,41.054722,28.968333
İzmir,Aliağa,ALİAĞA,17787,27.0,38.792202,26.968166
İzmir,Aliağa,ALİAĞA/BOZKÖY ORMAN SAHASI,18038,144.0,38.717458,26.961256
İzmir,Balçova,BALÇOVA,19133,120.0,38.376944,27.040083
İzmir,Bayraklı,BAYRAKLI,18440,85.0,38.477683,27.148952
İzmir,Bayındır,BAYINDIR,18049,70.0,38.197456,27.671864
İzmir,Bayındır,BAYINDIR/ÇINARDİBİ KÖYÜ,18822,709.0,38.287778,27.516111
İzmir,Bergama,BERGAMA,17742,53.0,39.109827,27.170721
İzmir,Bergama,BERGAMA/İNCECİKLER ORMAN SAHASI,18823,746.0,39.241389,27.1475
İzmir,Bergama,BERGAMA/ÇAMAVLU KÖYÜ,18821,572.0,39.326944,27.138611
İzmir,Bergama,BERGAMA/ÇAMKÖY,18945,86.0,39.079088,27.077708
İzmir,Beydağ,BEYDAĞ,18441,215.0,38.087222,28.223333
İzmir,Bornova,BORNOVA ORMAN SAHASI,18442,349.0,38.503215,27.27063
İzmir,Bornova,BORNOVA/ZEYTİNCİLİK ARŞ.(TAGEM),18031,14.0,38.451733,27.1979
İzmir,Buca,BUCA,18443,150.0,38.375,27.195278
İzmir,Dikili,DİKİLİ,17180,3.0,39.07372,26.887984
İzmir,Dikili,DİKİLİ/ÇUKURALAN KÖYÜ,18901,643.0,39.195556,26.960556
İzmir,Foça,FOÇA TOPRAK SU,17782,37.0,38.6856,26.7392
İzmir,Gaziemir,İZMİR ADNAN MENDERES HAVALİMANI,17219,120.0,38.280751,27.159211
İzmir,Gaziemir,İZMİR GAZİEMİR HAVALİMANI,17821,130.0,38.314511,27.159765
İzmir,Güzelbahçe,GÜZELBAHÇE,18444,20.0,38.371667,26.890833
İzmir,Karabağlar,İZMİR ÇATALKAYA RADAR SAHASI,18445,965.0,38.310556,27.0006
İzmir,Karaburun,KARABURUN,18032,132.0,38.640108,26.5081
İzmir,Karşıyaka,KARŞIYAKA,18446,2.0,38.481111,27.032222
İzmir,Kemalpaşa,KEMALPAŞA,17749,208.0,38.4639,27.3705
İzmir,Kemalpaşa,KEMALPAŞA/BAĞYURDU KÖYÜ,19134,157.0,38.422644,27.631852
İzmir,Kemalpaşa,KEMALPAŞA/OVACIK KÖYÜ,18439,800.0,38.347778,27.683611
İzmir,Kiraz,KİRAZ,18447,310.0,38.219167,28.202778
İzmir,Konak,İZMİR BÖLGE,17220,23.0,38.3945,27.0821
İzmir,Konak,KONAK,18448,283.0,38.40488,27.189487
İzmir,Kınık,KINIK,18917,84.0,39.087231,27.393908
İzmir,Kınık,KINIK/KÖSELER KÖYÜ,18820,424.0,39.012222,27.369444
İzmir,Menderes,MENDERES ORMAN SAHASI,18034,145.0,38.244675,27.084883
İzmir,Menderes,MENDERES/GÜMÜLDÜR,18050,70.0,38.072033,27.002578
İzmir,Menderes,MENDERES/ÇİLEME KÖYÜ,18449,63.0,38.140833,27.185833
İzmir,Menemen,MENEMEN,17789,10.0,38.623722,27.043259
İzmir,Narlıdere,NARLIDERE,18450,240.0,38.384167,27.004444
İzmir,Seferihisar,SEFERİHİSAR,17820,30.0,38.192065,26.840446
İzmir,Selçuk,SELÇUK,17854,18.0,37.9423,27.3669
İzmir,Selçuk,SELÇUK EFES HAVALİMANI,17226,4.0,37.949713,27.335135
İzmir,Tire,TİRE,18029,70.0,38.13295,27.816492
İzmir,Tire,TİRE/SOMAK KÖYÜ,19136,716.0,37.985867,27.766083
İzmir,Torbalı,TORBALI,18030,60.0,38.174269,27.362317
İzmir,Urla,URLA,18028,60.0,38.362778,26.832222
İzmir,Urla,URLA/UZUNKUYU ORMAN SAHASI,18035,149.0,38.2836,26.57695
İzmir,Çeşme,ÇEŞME,17221,5.0,38.303858,26.372882
İzmir,Çiğli,İZMİR KAKLIÇ HAVALİMANI,17225,5.0,38.507941,26.979649
İzmir,Çiğli,ÇİĞLİ HAVALİMANI,17218,5.0,38.502418,27.013355
İzmir,Ödemiş,ÖDEMİŞ,17822,111.0,38.215539,27.963887
İzmir,Ödemiş,ÖDEMİŞ/DEMİRDERE KÖYÜ,18599,780.0,38.021195,28.004229
Kahramanmaraş,Afşin,AFŞİN,17868,1230.0,38.2405,36.919
Kahramanmaraş,Afşin,AFŞİN/TÜRKÇAYIRI KÖYÜ,18868,1471.0,38.335278,36.752222
Kahramanmaraş,Andırın,ANDIRIN,18156,1108.0,37.5915,36.364377
Kahramanmaraş,Andırın,ANDIRIN/KALEBOYNU KÖYÜ,18645,1401.0,37.684654,36.430397
Kahramanmaraş,Andırın,ANDIRIN/YEŞİLOVA KÖYÜ,19179,184.0,37.44372,36.31486
Kahramanmaraş,Dulkadiroğlu,KAHRAMANMARAŞ HAVALİMANI,17256,525.0,37.535551,36.944704
Kahramanmaraş,Ekinözü,EKİNÖZÜ,18280,1246.0,38.049406,37.187152
Kahramanmaraş,Ekinözü,EKİNÖZÜ/ALİŞAR KÖYÜ,18649,1640.0,37.931667,37.055556
Kahramanmaraş,Elbistan,ELBİSTAN,17870,1137.0,38.203916,37.197752
Kahramanmaraş,Elbistan,ELBİSTAN/AKARCA MEVKİ,18646,1525.0,38.445,37.291944
Kahramanmaraş,Elbistan,ELBİSTAN/KANGAL KÖYÜ,18647,1520.0,38.217778,37.503611
Kahramanmaraş,Göksun,GÖKSUN,17866,1344.0,38.024,36.482333
Kahramanmaraş,Göksun,GÖKSUN/KARAÖMER KÖYÜ,19178,1390.0,38.128244,36.67878
Kahramanmaraş,Nurhak,NURHAK,18281,1368.0,37.956389,37.447222
Kahramanmaraş,Onikişubat,KAHRAMANMARAŞ,17255,572.0,37.576,36.915
Kahramanmaraş,Onikişubat,ONİKİŞUBAT/TEKİR BELDESİ,18867,1095.0,37.888333,36.617222
Kahramanmaraş,Onikişubat,ONİKİŞUBAT/ÇAMLIBEL KÖYÜ,19177,635.0,37.79988,36.78956
Kahramanmaraş,Pazarcık,PAZARCIK,18157,787.0,37.473611,37.238611
Kahramanmaraş,Pazarcık,PAZARCIK/ÇINARLI,18988,693.0,37.4619,37.0797
Kahramanmaraş,Türkoğlu,TÜRKOĞLU,18282,535.0,37.38354,36.842681
Kahramanmaraş,Türkoğlu,TÜRKOĞLU/ÇAKIROĞLU KÖYÜ,18658,1175.0,37.308889,36.655833
Kahramanmaraş,Çağlayancerit,ÇAĞLAYANCERİT,18279,1001.0,37.747222,37.372222
Karabük,Eflani,EFLANİ,18159,930.0,41.425174,32.970402
Karabük,Eflani,EFLANİ/GÖLLER KÖYÜ,19019,1067.0,41.331944,32.919722
Karabük,Eskipazar,ESKİPAZAR,17641,757.0,40.944348,32.532964
Karabük,Eskipazar,KARABÜK/KARATEPE,18261,1543.0,41.034722,32.723889
Karabük,Merkez,KARABÜK,17078,268.0,41.204446,32.632828
Karabük,Merkez,KARABÜK KAPULLU,17077,485.0,41.23274,32.62943
Karabük,Merkez,KARABÜK/KELTEPE KAYAK MERKEZİ,19215,1680.0,41.064,32.4625
Karabük,Ovacık,KARABÜK/OVACIK,18266,1155.0,41.077778,32.91
Karabük,Safranbolu,SAFRANBOLU,17904,581.0,41.263556,32.695111
Karabük,Safranbolu,SAFRANBOLU ORMAN SAHASI,19010,1092.0,41.359444,32.698056
Karabük,Safranbolu,SAFRANBOLU/OVACUMA BELDESİ,17719,353.0,41.451042,32.749707
Karabük,Safranbolu,SAFRANBOLU/TOPRAKCUMA KÖYÜ,19018,394.0,41.204722,32.908611
Karabük,Yenice,KARABÜK/YENİCE,18262,182.0,41.198333,32.326667
Karaman,Ayrancı,AYRANCI,18211,1186.0,37.337222,33.721111
Karaman,Ayrancı,AYRANCI/BERENDİ KÖYÜ,18893,1621.0,37.248333,33.99
Karaman,Başyayla,BAŞYAYLA,18890,1480.0,36.758889,32.678889
Karaman,Ermenek,ERMENEK,18210,1378.0,36.633611,32.9075
Karaman,Ermenek,ERMENEK/BALKUSAN KÖYÜ,18892,1769.0,36.784444,32.903889
Karaman,Kazımkarabekir,KAZIMKARABEKİR,18484,1070.0,37.218611,32.956389
Karaman,Merkez,KARAMAN,17246,1018.0,37.193167,33.220167
Karaman,Merkez,KARAMAN RADAR SAHASI,19198,2244.0,37.392153,33.138695
Karaman,Merkez,KARAMAN/BUCAKKIŞLA BELDESİ,19199,417.0,36.948532,33.037005
Karaman,Merkez,KARAMAN/TAŞKALE BELDESİ,18891,1520.0,37.1275,33.619444
Karaman,Sarıveliler,SARIVELİLER,18485,1669.0,36.702292,32.615464
Kars,Akyaka,AKYAKA,18373,1495.0,40.741944,43.616667
Kars,Arpaçay,ARPAÇAY,17656,1720.0,40.853889,43.317778
Kars,Digor,DİGOR,18374,1640.0,40.371667,43.431111
Kars,Kağızman,KAĞIZMAN,18198,1349.0,40.153333,43.126111
Kars,Merkez,KARS,17097,1777.0,40.606059,43.111878
Kars,Merkez,KARS HARAKANİ HAVALİMANI,17098,1795.0,40.555717,43.101058
Kars,Merkez,KARS/SOYLU KÖYÜ,19077,1652.0,40.574722,43.497222
Kars,Sarıkamış,SARIKAMIŞ,17692,2102.0,40.3329,42.598263
Kars,Sarıkamış,SARIKAMIŞ/KARAKURT BELDESİ,19076,1756.0,40.169716,42.580437
Kars,Selim,SELİM,18197,1860.0,40.462252,42.790949
Kars,Selim,SELİM/BEYKÖY,19256,2142.0,40.528222,42.58141
Kars,Susuz,SUSUZ,18375,1737.0,40.778069,43.162843
Kastamonu,Abana,ABANA,19221,10.0,41.97741,34.00006
Kastamonu,Araç,ARAÇ,18215,680.0,41.246471,33.330556
Kastamonu,Araç,ARAÇ ORMAN SAHASI,18705,930.0,41.270973,33.335932
Kastamonu,Azdavay,AZDAVAY,18514,825.0,41.636111,33.283611
Kastamonu,Ağlı,AĞLI,19031,1180.0,41.684325,33.554549
Kastamonu,Bozkurt,BOZKURT/MAMATLAR KÖYÜ,19032,1523.0,41.794722,34.1275
Kastamonu,Bozkurt,KASTAMONU/BOZKURT,17606,167.0,41.95974,34.00324
Kastamonu,Cide,CİDE,17604,36.0,41.882205,32.947619
Kastamonu,Daday,DADAY,18515,1000.0,41.499818,33.438832
Kastamonu,Devrekani,DEVREKANİ,17618,1050.0,41.599571,33.834547
Kastamonu,Devrekani,DEVREKANİ/KUZ KÖYÜ,19030,1431.0,41.772778,34.044167
Kastamonu,Doğanyurt,DOĞANYURT,18516,10.0,42.006667,33.459722
Kastamonu,İhsangazi,İHSANGAZİ,18517,850.0,41.218541,33.540141
Kastamonu,İhsangazi,İHSANGAZİ/İNCİĞEZ KÖYÜ,18704,1231.0,41.258611,33.481111
Kastamonu,İnebolu,İNEBOLU,17024,64.0,41.978937,33.762945
Kastamonu,İnebolu,İNEBOLU/YOLÜSTÜ KÖYÜ,18914,743.0,41.913113,33.728463
Kastamonu,Küre,KÜRE,18518,1015.0,41.810556,33.711111
Kastamonu,Merkez,HANÖNÜ,19222,431.0,41.62828,34.5001
Kastamonu,Merkez,KASTAMONU,17074,800.0,41.370966,33.77561
Kastamonu,Merkez,KASTAMONU/BAŞÖREN KÖYÜ,18706,962.0,41.294444,34.117222
Kastamonu,Merkez,KASTAMONU/MESCİT KÖYÜ,18997,1148.0,41.249877,33.898894
Kastamonu,Pınarbaşı,KASTAMONU/PINARBAŞI,18513,640.0,41.617778,33.124444
Kastamonu,Pınarbaşı,PINARBAŞI KAR,18519,1019.0,41.556635,33.078865
Kastamonu,Seydiler,SEYDİLER,18520,1052.0,41.624444,33.718611
Kastamonu,Taşköprü,TAŞKÖPRÜ,18522,632.0,41.494282,34.222299
Kastamonu,Tosya,TOSYA,17650,870.0,41.013202,34.036988
Kastamonu,Çatalzeytin,ÇATALZEYTİN,17625,75.0,41.953764,34.217955
Kastamonu,Şenpazar,ŞENPAZAR,18521,380.0,41.810833,33.23
Kayseri,Akkışla,AKKIŞLA,18454,1390.0,39.004444,36.180556
Kayseri,Akkışla,AKKIŞLA/ORTAKÖY KÖYÜ,18662,1530.0,39.042778,36.274167
Kayseri,Bünyan,BÜNYAN,18455,1335.0,38.853773,35.849494
Kayseri,Develi,DEVELİ,17836,1204.0,38.374429,35.479706
Kayseri,Develi,DEVELİ/KÜÇÜKKÜNYE KÖYÜ,18663,1619.0,38.149167,35.827222
Kayseri,Develi,DEVELİ/ÖKSÜT,19912,1824.0,38.314394,35.50698
Kayseri,Felahiye,FELAHİYE,18456,1370.0,39.084444,35.572222
Kayseri,Hacılar,HACILAR,19185,1301.0,38.659505,35.47117
Kayseri,İncesu,İNCESU,18457,1130.0,38.625278,35.175278
Kayseri,Kocasinan,KAYSERİ ERKİLET HAVALİMANI,17195,1053.0,38.771201,35.507858
Kayseri,Kocasinan,KOCASİNAN/HİMMETDEDE KÖYÜ,18923,1234.0,38.941047,35.058238
Kayseri,Kocasinan,KOCASİNAN/YAMULA BARAJI,18148,1075.0,38.902088,35.269278
Kayseri,Melikgazi,KAYSERİ BÖLGE,17196,1094.0,38.689465,35.500029
Kayseri,Pınarbaşı,KAYSERİ/PINARBAŞI,17802,1542.0,38.725148,36.390355
Kayseri,Pınarbaşı,PINARBAŞI/PAZARSU KÖYÜ,19187,1610.0,39.104251,36.649477
Kayseri,Pınarbaşı,PINARBAŞI/YUKARIKIZILÇEVRİK KÖYÜ,18664,1859.0,38.802726,36.639285
Kayseri,Sarıoğlan,SARIOĞLAN,18459,1220.0,39.082778,35.946389
Kayseri,Sarıoğlan,SARIOĞLAN/TUZLA GÖLÜ,18873,1166.0,39.035278,35.789722
Kayseri,Sarız,SARIZ,17840,1599.0,38.478136,36.503531
Kayseri,Sarız,SARIZ/YEDİOLUK KÖYÜ,18875,1833.0,38.56434,36.436255
Kayseri,Talas,TALAS/ALİ DAĞI,18460,1745.0,38.667778,35.5475
Kayseri,Talas,TALAS/ERCİYES ÜNİVERSİTESİ,19188,1106.0,38.709713,35.546479
Kayseri,Talas,TALAS/KAMBER KÖYÜ,18874,1592.0,38.633056,35.771944
Kayseri,Tomarza,TOMARZA,17837,1402.0,38.452192,35.791164
Kayseri,Tomarza,TOMARZA/ARSLANTAŞ KÖYÜ,19186,1836.0,38.376242,36.140545
Kayseri,Tomarza,TOMARZA/GÜZELSU KÖYÜ,18665,1733.0,38.540833,35.930833
Kayseri,Yahyalı,YAHYALI,18461,1125.0,38.1425,35.362778
Kayseri,Yahyalı,YAHYALI/AVLAĞA KÖYÜ,18661,1469.0,37.981111,35.500833
Kayseri,Yahyalı,YAHYALI/DEREBAĞ KÖYÜ,18660,1970.0,38.101667,35.264722
Kayseri,Yahyalı,YAHYALI/SÜLEYMANFAKILI KÖYÜ,18941,1438.0,38.142651,35.546667
Kayseri,Yeşilhisar,YEŞİLHİSAR,18207,1141.0,38.340676,35.087377
Kayseri,Özvatan,ÖZVATAN,18458,1375.0,39.113611,35.679444
Kilis,Elbeyli,ELBEYLİ,18155,508.0,36.6725,37.473056
Kilis,Merkez,KİLİS,17262,640.0,36.708436,37.112022
Kilis,Merkez,KİLİS/MISIRCIK KÖYÜ,18869,694.0,36.831111,37.3025
Kilis,Merkez,KİLİS/RESUL OSMAN DAĞI,18971,943.0,36.746846,37.121678
Kilis,Musabeyli,MUSABEYLİ,18154,739.0,36.885,36.920278
Kilis,Polateli,POLATELİ,18283,851.0,36.84229,37.149388
Kocaeli,Başiskele,BAŞİSKELE,18409,105.0,40.708056,29.965368
Kocaeli,Başiskele,BAŞİSKELE/YUVACIK ORMAN SAHASI,18801,1045.0,40.596667,29.950833
Kocaeli,Darıca,DARICA,18410,128.0,40.772388,29.390487
Kocaeli,Derince,DERİNCE,19116,52.0,40.77,29.85278
Kocaeli,Derince,DERİNCE/KARAGÖLLÜ KÖYÜ,18802,181.0,40.9525,29.805
Kocaeli,Dilovası,DİLOVASI,18411,160.0,40.781111,29.572778
Kocaeli,Gebze,GEBZE,17639,176.0,40.822732,29.434456
Kocaeli,Gölcük,GÖLCÜK,17067,18.0,40.726779,29.806569
Kocaeli,Gölcük,GÖLCÜK/AYVAZPINARI KÖYÜ,19117,810.0,40.625078,29.74331
Kocaeli,İzmit,İZMİT ORMAN SAHASI,18800,420.0,40.834722,29.914167
Kocaeli,İzmit,İZMİT/AKMEŞE BELDESİ,18799,246.0,40.847321,30.188434
Kocaeli,İzmit,KOCAELİ,17066,74.0,40.766325,29.917347
Kocaeli,Kandıra,KANDIRA,18104,40.0,41.061667,30.131667
Kocaeli,Kandıra,KANDIRA/AKÇAOVA BELDESİ,18798,86.0,41.036667,29.956111
Kocaeli,Karamürsel,KARAMÜRSEL,18412,114.0,40.677222,29.556111
Kocaeli,Kartepe,KARTEPE,18413,80.0,40.710833,30.025
Kocaeli,Kartepe,KOCAELİ CENGİZ TOPEL HAVALİMANI,17068,70.0,40.733241,30.094771
Kocaeli,Körfez,KÖRFEZ,18414,90.0,40.776389,29.765
Kocaeli,Çayırova,ÇAYIROVA,19115,152.0,40.848452,29.398757
Konya,Ahırlı,AHIRLI,18486,1185.0,37.240278,32.114722
Konya,Akören,AKÖREN,18487,1114.0,37.451725,32.380321
Konya,Akşehir,AKŞEHİR,17239,1002.0,38.368833,31.429667
Konya,Altınekin,ALTINEKİN,18488,1080.0,38.298889,32.879167
Konya,Beyşehir,BEYŞEHİR,17242,1141.0,37.677667,31.746333
Konya,Beyşehir,BEYŞEHİR/YEŞİLDAĞ ORMAN SAHASI,18897,1240.0,37.522608,31.421211
Konya,Bozkır,BOZKIR,18489,1170.0,37.183514,32.246016
Konya,Bozkır,BOZKIR/SARIOĞLAN BELDESİ,18758,1496.0,37.237778,32.540833
Konya,Bozkır,BOZKIR/SORKUN YAYLASI,18591,1695.0,37.151667,32.093056
Konya,Cihanbeyli,CİHANBEYLİ,17191,973.0,38.650578,32.92186
Konya,Cihanbeyli,CİHANBEYLİ/TURANLAR KÖYÜ,18684,1261.0,38.858889,32.635833
Konya,Cihanbeyli,CİHANBEYLİ/YENİCEOBA BELDESİ,18887,955.0,38.88,32.766944
Konya,Derbent,DERBENT,18491,1540.0,38.016389,32.017222
Konya,Derbent,DERBENT/ALADAĞ,18898,1950.0,37.988418,32.047
Konya,Derebucak,DEREBUCAK,18492,1275.0,37.391944,31.514444
Konya,Doğanhisar,DOĞANHİSAR,18493,1335.0,38.136944,31.676389
Konya,Emirgazi,EMİRGAZİ,18494,1100.0,37.8925,33.841111
Konya,Ereğli,EREĞLİ,17248,1046.0,37.5255,34.0485
Konya,Güneysınır,GÜNEYSINIR,18495,1190.0,37.267972,32.720792
Konya,Güneysınır,GÜNEYSINIR/SARIHACI KÖYÜ,18894,924.0,37.031944,32.676111
Konya,Hadim,HADİM,17928,1552.0,36.988552,32.45648
Konya,Hadim,HADİM/DEDEMLİ DOLHANLAR,18681,1592.0,37.033056,32.288611
Konya,Halkapınar,HALKAPINAR/İVRİZ,18496,1170.0,37.441389,34.151944
Konya,Hüyük,HÜYÜK,18497,1323.0,37.9625,31.5968
Konya,Ilgın,ILGIN,17832,1036.0,38.276333,31.894
Konya,Kadınhanı,KADINHANI,19321,1155.0,38.2309,32.2173
Konya,Kadınhanı,KADINHANI/ALTINOVA TİGEM,17744,1002.0,38.718866,32.174886
Konya,Kadınhanı,KADINHANI/ATLANTI BELDESİ,18682,983.0,38.416667,32.155278
Konya,Karapınar,KARAPINAR,17902,996.0,37.7153,33.5256
Konya,Karapınar,KARAPINAR/SAZLIPINAR KÖYÜ,18895,1004.0,37.674167,33.195556
Konya,Karatay,KARATAY/BAHRİ DAĞDAŞ ARŞ. (TAGEM),18213,1011.0,37.860556,32.583889
Konya,Karatay,KARATAY/ESENTEPE KÖYÜ,18683,1060.0,38.018333,33.384444
Konya,Karatay,KARATAY/GÖÇÜ KÖYÜ BOZDAĞ,18687,1723.0,37.8925,33.062778
Konya,Kulu,KULU,17754,1005.0,39.078833,33.065667
Konya,Meram,KONYA BÖLGE,17245,1029.0,37.868678,32.471331
Konya,Meram,MERAM/GÜNEYDERE KÖYÜ,18686,1625.0,37.613611,32.174722
Konya,Meram,MERAM/İNLİCE BELDESİ,18759,1590.0,37.715833,32.085556
Konya,Meram,MERAM/KAYHÜYÜK KÖYÜ,18685,1440.0,37.656389,32.404444
Konya,Meram,MERAM/KONYA KENT ORMANI,18760,1538.0,37.885,32.210556
Konya,Meram,MERAM/LORAS DAĞI,19200,1223.0,37.801997,32.389323
Konya,Sarayönü,SARAYÖNÜ,19322,1060.0,38.261434,32.387616
Konya,Sarayönü,SARAYÖNÜ/GÖZLÜ TİGEM,17897,1030.0,38.49194,32.456295
Konya,Selçuklu,KONYA HAVALİMANI,17244,1031.0,37.968664,32.553926
Konya,Selçuklu,SELÇUKLU/BAĞRIKURT,18896,1167.0,38.107979,32.493262
Konya,Selçuklu,SELÇUKLU/SİLLE BARAJI,18753,1305.0,37.928889,32.401389
Konya,Seydişehir,SEYDİŞEHİR,17972,1107.0,37.448707,31.853393
Konya,Seydişehir,SEYDİŞEHİR/ALACABEL,18212,1558.0,37.234167,31.916944
Konya,Taşkent,TAŞKENT,18498,1679.0,36.909293,32.497615
Konya,Taşkent,TAŞKENT/BALCILAR BELDESİ,18592,1590.0,36.896944,32.681667
Konya,Tuzlukçu,TUZLUKÇU,18499,1008.0,38.466467,31.653323
Konya,Yalıhüyük,YALIHÜYÜK,18500,1170.0,37.291414,32.111878
Konya,Yunak,YUNAK,17798,1148.0,38.8205,31.725833
Konya,Çeltik,ÇELTİK,18490,872.0,39.023921,31.803972
Konya,Çumra,ÇUMRA,17900,1014.0,37.565833,32.79
Konya,Çumra,ÇUMRA/APA BARAJI,19918,1064.0,37.36526,32.53993
Kütahya,Altıntaş,ALTINTAŞ,18093,1022.0,39.058768,30.1003
Kütahya,Altıntaş,KÜTAHYA ZAFER HAVALİMANI,17154,1011.0,39.103148,30.138556
Kütahya,Aslanapa,ASLANAPA,18391,1041.0,39.221444,29.866451
Kütahya,Domaniç,DOMANİÇ,18094,886.0,39.785278,29.584722
Kütahya,Domaniç,DOMANİÇ/KOCAYAYLA,18601,1394.0,39.863611,29.656389
Kütahya,Dumlupınar,DUMLUPINAR,17747,1250.0,38.852632,29.978915
Kütahya,Emet,EMET,17707,976.0,39.33911,29.271328
Kütahya,Emet,EMET/ESATLAR KÖYÜ,18604,1075.0,39.331389,29.610833
Kütahya,Gediz,GEDİZ,17750,736.0,38.994715,29.400269
Kütahya,Gediz,GEDİZ/YAYLAKÖY,19148,1174.0,39.077205,29.464315
Kütahya,Hisarcık,HİSARCIK,18835,853.0,39.23,29.2625
Kütahya,Merkez,KÜTAHYA,17155,969.0,39.417144,29.989066
Kütahya,Merkez,KÜTAHYA HAVALİMANI,17755,922.0,39.431181,30.012435
Kütahya,Merkez,KÜTAHYA/KİRAZLIYAYLASI KÖYÜ,18605,1673.0,39.407778,29.790833
Kütahya,Pazarlar,PAZARLAR,18392,934.0,38.989444,29.123056
Kütahya,Simav,SİMAV,17748,801.0,39.1252,28.991853
Kütahya,Simav,SİMAV/SÖĞÜT ORMAN SAHASI,18836,1300.0,39.165833,29.082222
Kütahya,Tavşanlı,TAVŞANLI,17704,833.0,39.538121,29.494323
Kütahya,Tavşanlı,TAVŞANLI/BALIKÖY,19149,477.0,39.529842,29.101446
Kütahya,Tavşanlı,TAVŞANLI/GÜMÜŞYENİKÖY,18607,1289.0,39.6775,29.736111
Kütahya,Çavdarhisar,ÇAVDARHİSAR,18095,1056.0,39.175833,29.587778
Kütahya,Şaphane,ŞAPHANE,18606,970.0,39.012222,29.200278
Kırklareli,Babaeski,BABAESKİ,18405,85.0,41.443333,27.062222
Kırklareli,Babaeski,BABAESKİ/YENİMAHALLE KÖYÜ,18794,109.0,41.583408,27.104391
Kırklareli,Demirköy,DEMİRKÖY,18102,347.0,41.8252,27.7588
Kırklareli,Demirköy,DEMİRKÖY/BEĞENDİK KÖYÜ,18795,20.0,41.963889,28.023333
Kırklareli,Kofçaz,KOFÇAZ,18406,425.0,41.941111,27.153889
Kırklareli,Lüleburgaz,LÜLEBURGAZ TİGEM,17631,46.0,41.351291,27.310797
Kırklareli,Lüleburgaz,LÜLEBURGAZ/AHMETBEY BELDESİ,18796,100.0,41.434167,27.573333
Kırklareli,Lüleburgaz,LÜLEBURGAZ/CELALİYE KÖYÜ,19113,121.0,41.52814,27.3693
Kırklareli,Merkez,KIRKLARELİ,17052,232.0,41.738155,27.217845
Kırklareli,Merkez,KIRKLARELİ ÜNİVERSİTESİ,19900,270.0,41.788442,27.168334
Kırklareli,Merkez,KIRKLARELİ/ÜSKÜP KÖYÜ,19114,302.0,41.73879,27.416895
Kırklareli,Pehlivanköy,PEHLİVANKÖY,18407,50.0,41.355556,26.939444
Kırklareli,Pınarhisar,PINARHİSAR,18398,272.0,41.631111,27.523611
Kırklareli,Pınarhisar,PINARHİSAR/MAHYA DAĞI,18797,842.0,41.76843,27.6309
Kırklareli,Vize,VİZE,19320,153.0,41.566415,27.769299
Kırklareli,Vize,VİZE/KAZANDERE BARAJI,18737,13.0,41.61556,28.075
Kırklareli,Vize,VİZE/KIYIKÖY,18103,8.0,41.637778,28.066111
Kırklareli,Vize,VİZE/YUMURTATEPE,18408,335.0,41.708382,27.865532
Kırıkkale,Balışeyh,BALIŞEYH,18264,886.0,39.915278,33.714722
Kırıkkale,Delice,DELİCE,18081,674.0,39.940556,34.032778
Kırıkkale,Delice,DELİCE/TAŞYAZI,19022,1170.0,39.998611,33.920833
Kırıkkale,Karakeçili,KARAKEÇİLİ,17735,814.0,39.5944,33.3817
Kırıkkale,Keskin,KESKİN,17730,1140.0,39.668033,33.611482
Kırıkkale,Keskin,KESKİN/KASIMAĞA KÖYÜ,19020,969.0,39.575278,33.758889
Kırıkkale,Merkez,KIRIKKALE,17135,751.0,39.843304,33.51807
Kırıkkale,Merkez,KIRIKKALE/HACILAR,18263,787.0,39.735556,33.429722
Kırıkkale,Sulakyurt,SULAKYURT,18255,878.0,40.160556,33.713056
Kırıkkale,Yahşihan,YAHŞİHAN,19216,748.0,39.85798,33.45901
Kırıkkale,Yahşihan,YAHŞİHAN/KILIÇLAR KÖYÜ,19371,785.0,39.88988,33.34129
Kırıkkale,Çelebi,ÇELEBİ,18254,1299.0,39.464167,33.517778
Kırşehir,Akpınar,AKPINAR,18119,1156.0,39.447921,33.976629
Kırşehir,Akçakent,AKÇAKENT,18462,1450.0,39.612778,34.094444
Kırşehir,Boztepe,BOZTEPE/MALYA TİGEM,17745,1127.0,39.303849,34.342109
Kırşehir,Kaman,KAMAN,17756,1131.0,39.365242,33.706403
Kırşehir,Kaman,KAMAN/TEPEKÖY KÖYÜ,18876,1121.0,39.211944,33.850833
Kırşehir,Kaman,KAMAN/YELEK BELDESİ,18926,1231.0,39.287155,33.685714
Kırşehir,Merkez,KIRŞEHİR,17160,1007.0,39.164372,34.155929
Kırşehir,Merkez,KIRŞEHİR/GÖLLÜ KÖYÜ,18666,1391.0,39.465556,34.296111
Kırşehir,Merkez,KIRŞEHİR/TOKLÜMEN KÖYÜ,19189,862.0,39.125934,33.723907
Kırşehir,Merkez,KIRŞEHİR/ÇAYAĞZI BELDESİ,18877,1289.0,39.277222,34.068889
Kırşehir,Mucur,MUCUR,17758,1097.0,39.0616,34.3416
Kırşehir,Mucur,MUCUR/KEPEZ KÖYÜ,18961,1020.0,38.97814,34.34486
Kırşehir,Çiçekdağı,ÇİÇEKDAĞI,17732,900.0,39.606393,34.423823
Kırşehir,Çiçekdağı,ÇİÇEKDAĞI TİGEM,18120,806.0,39.656551,34.407431
Malatya,Akçadağ,AKÇADAĞ/HANÇERLİ KÖYÜ,18767,1715.0,38.313611,37.868889
Malatya,Akçadağ,AKÇADAĞ/SULTANSUYU TİGEM,17706,877.0,38.338,38.0571
Malatya,Akçadağ,MALATYA ERHAÇ HAVALİMANI,17200,849.0,38.442951,38.099256
Malatya,Arapkir,ARAPGİR,17764,1200.0,39.040369,38.487794
Malatya,Arguvan,ARGUVAN,18189,1176.0,38.786772,38.266306
Malatya,Arguvan,ARGUVAN/ÇOBANDERE KÖYÜ,19086,1455.0,38.986944,38.232778
Malatya,Battalgazi,BATTALGAZİ/MEYVECİLİK ARŞ.(TAGEM),18187,738.0,38.453056,38.356389
Malatya,Darende,DARENDE,18185,1069.0,38.5692,37.4861
Malatya,Darende,DARENDE/BALABAN,17842,1098.0,38.472833,37.591333
Malatya,Doğanyol,DOĞANYOL,18352,933.0,38.3133,39.04
Malatya,Doğanşehir,DOĞANŞEHİR,17872,1223.0,38.095833,37.887333
Malatya,Doğanşehir,DOĞANŞEHİR/GÖVDELİ KÖYÜ,19263,1163.0,38.00184,37.65401
Malatya,Doğanşehir,DOĞANŞEHİR/KURUCAOVA MEVKİ,19089,1535.0,37.978611,38.134722
Malatya,Doğanşehir,DOĞANŞEHİR/POLAT BARAJI,18950,1436.0,38.13,37.779722
Malatya,Doğanşehir,DOĞANŞEHİR/SÜRGÜ BELDESİ,19085,1345.0,38.009444,37.983333
Malatya,Hekimhan,HEKİMHAN,18183,1227.0,38.812522,37.949875
Malatya,Hekimhan,HEKİMHAN/KURŞUNLU BELDESİ,19087,1620.0,38.636944,37.856944
Malatya,Hekimhan,HEKİMHAN/KÖYLÜKÖYÜ,19913,1467.0,38.9913,37.8959
Malatya,Kale,MALATYA/KALE,17845,775.0,38.421841,38.768288
Malatya,Kale,MALATYA/KAPIKAYA BARAJI,18951,920.0,38.346659,38.604193
Malatya,Kuluncak,KULUNCAK,18184,1248.0,38.8605,37.6883
Malatya,Merkez,MALATYA TULGA HAVALİMANI,17197,919.0,38.360531,38.259479
Malatya,Merkez,MALATYA/BEYDAĞI MEVKİ,18770,1201.0,38.334722,38.331667
Malatya,Merkez,MALATYA/KAYISI ARŞ. ENS.,18353,1010.0,38.322757,38.285455
Malatya,Merkez,YEŞİLYURT/ÜÇGÖZE KÖYÜ,19264,2000.0,38.21601,38.34229
Malatya,Pötürge,PÜTÜRGE,18186,1265.0,38.195833,38.874167
Malatya,Pötürge,PÜTÜRGE ORMAN SAHASI,19088,1530.0,38.332778,38.886667
Malatya,Yazıhan,YAZIHAN,18188,835.0,38.601068,38.179313
Malatya,Yeşilyurt,MALATYA,17199,950.0,38.336667,38.217333
Manisa,Ahmetli,AHMETLİ,18451,62.0,38.548964,27.926845
Manisa,Akhisar,AKHİSAR,17184,92.0,38.911407,27.823009
Manisa,Akhisar,AKHİSAR HAVALİMANI,17181,79.0,38.802057,27.845295
Manisa,Akhisar,AKHİSAR/KARAKÖY ORMAN DEPOSU,18036,209.0,39.028333,27.9175
Manisa,Akhisar,AKHİSAR/MECİDİYE BELDESİ,18824,92.0,38.8875,27.673889
Manisa,Alaşehir,ALAŞEHİR,17797,189.0,38.373221,28.526891
Manisa,Demirci,DEMİRCİ,17746,855.0,39.034865,28.648152
Manisa,Demirci,DEMİRCİ/İCİKLER,19139,722.0,38.789722,28.603889
Manisa,Gölmarmara,GÖLMARMARA,18043,92.0,38.697236,27.948061
Manisa,Gölmarmara,GÖLMARMARA BELEDİYESİ,19921,203.0,38.732271,27.948398
Manisa,Gördes,GÖRDES,18041,616.0,38.937412,28.303885
Manisa,Kula,KULA,18042,720.0,38.527233,28.636808
Manisa,Köprübaşı,KÖPRÜBAŞI,17795,250.0,38.748184,28.399222
Manisa,Kırkağaç,KIRKAĞAÇ,19137,158.0,39.108182,27.692605
Manisa,Salihli,SALİHLİ,17792,111.0,38.482797,28.123585
Manisa,Salihli,SALİHLİ/İĞDECİK KÖYÜ,18827,475.0,38.564722,28.381944
Manisa,Salihli,SALİHLİ/ÇAKALDOĞANLAR KÖYÜ,19138,583.0,38.408353,28.236545
Manisa,Saruhanlı,SARUHANLI,18051,37.0,38.738025,27.574464
Manisa,Saruhanlı,SARUHANLI/SARIÇAM KÖYÜ,18825,102.0,38.809167,27.506111
Manisa,Saruhanlı,SARUHANLI/TİRKEŞ KÖYÜ,18826,75.0,38.79914,27.674723
Manisa,Sarıgöl,SARIGÖL,18452,203.0,38.245278,28.693889
Manisa,Selendi,SELENDİ,18453,475.0,38.751111,28.863889
Manisa,Selendi,SELENDİ/TAVAK KÖYÜ,18600,907.0,38.888056,28.870833
Manisa,Soma,SOMA,18040,166.0,39.188611,27.628056
Manisa,Soma,SOMA/CENKYERİ ORMAN SAHASI,18039,134.0,39.160833,27.48705
Manisa,Turgutlu,TURGUTLU,18052,45.0,38.547909,27.706424
Manisa,Yunusemre,MANİSA,17186,71.0,38.615329,27.404941
Manisa,Yunusemre,MANİSA KENT ORMANI,18033,212.0,38.605128,27.383264
Manisa,Yunusemre,YUNUSEMRE/ÇAKMAK ORMAN SAHASI,18044,320.0,38.707683,27.252172
Manisa,Şehzadeler,ŞEHZADELER/SPİL DAĞI MİLLİ PARKI,17771,1238.0,38.553901,27.448491
Mardin,Artuklu,ARTUKLU/BAĞLICA KÖYÜ,18784,866.0,37.524431,40.687701
Mardin,Artuklu,MARDİN,17275,1026.0,37.310445,40.728004
Mardin,Dargeçit,DARGEÇİT,18330,940.0,37.553333,41.703333
Mardin,Dargeçit,DARGEÇİT/ILISU BARAJ SAHASI,18160,547.0,37.533389,41.820136
Mardin,Derik,DERİK,18331,700.0,37.346437,40.257266
Mardin,Derik,DERİK/KUTLUCA KÖYÜ,19101,447.0,37.096944,40.171944
Mardin,Kızıltepe,KIZILTEPE,18332,480.0,37.205833,40.5725
Mardin,Kızıltepe,MARDİN HAVALİMANI,17276,505.0,37.217181,40.623766
Mardin,Mazıdağı,MAZIDAĞI,18167,1032.0,37.476111,40.491389
Mardin,Midyat,MİDYAT,18168,946.0,37.436389,41.327222
Mardin,Midyat,MİDYAT/HANLAR KÖYÜ,18785,974.0,37.452335,41.577295
Mardin,Nusaybin,NUSAYBİN,17948,488.0,37.094269,41.186869
Mardin,Savur,SAVUR,18334,940.0,37.534722,40.888889
Mardin,Yeşilli,YEŞİLLİ,18335,769.0,37.337131,40.813089
Mardin,Ömerli,MARDİN/ÖMERLİ,18333,1134.0,37.396111,40.934722
Mersin,Akdeniz,AKDENİZ/YANPAR KÖYÜ,19182,145.0,36.92505,34.72415
Mersin,Anamur,ANAMUR,17320,2.0,36.068614,32.864876
Mersin,Aydıncık,MERSİN/AYDINCIK,18061,10.0,36.143449,33.322365
Mersin,Bozyazı,BOZYAZI,18284,20.0,36.137042,33.129614
Mersin,Bozyazı,BOZYAZI/AKPINAR YAYLASI,18654,1598.0,36.410589,32.888806
Mersin,Erdemli,ERDEMLİ,17958,7.0,36.6268,34.337989
Mersin,Erdemli,ERDEMLİ/TÖMÜK,18285,120.0,36.681667,34.366667
Mersin,Erdemli,ERDEMLİ/YAĞDA KÖYÜ,18651,1362.0,36.74,34.048611
Mersin,Gülnar,GÜLNAR,18059,1013.0,36.348524,33.379238
Mersin,Gülnar,GÜLNAR/KONUR MEVKİ,18650,1294.0,36.409006,33.24648
Mersin,Mezitli,MEZİTLİ,19180,210.0,36.775358,34.483148
Mersin,Mezitli,MEZİTLİ/FINDIKPINARI,18990,1315.0,36.879559,34.353902
Mersin,Mezitli,MEZİTLİ/KUZUCUBELEN,18991,772.0,36.853156,34.436073
Mersin,Mezitli,MEZİTLİ/ÇEVLİK KÖYÜ,18989,279.0,36.785843,34.460015
Mersin,Mut,MUT,17956,340.0,36.651389,33.433889
Mersin,Mut,MUT/KIZILALAN MEVKİ,18655,1659.0,36.773056,33.103889
Mersin,Mut,MUT/SERTAVUL GEÇİDİ,19181,1660.0,36.914717,33.265707
Mersin,Mut,MUT/TOZLU YAYLASI,18653,1769.0,36.781925,33.620228
Mersin,Mut,MUT/ÇORTAK KÖYÜ,18871,312.0,36.510278,33.594444
Mersin,Silifke,SİLİFKE,17330,10.0,36.382073,33.936707
Mersin,Silifke,SİLİFKE/AKDERE ORMAN SAHASI,18870,123.0,36.225181,33.722423
Mersin,Silifke,SİLİFKE/GÜNDÜZLER KÖYÜ,18652,1426.0,36.537222,33.714444
Mersin,Silifke,SİLİFKE/UZUNCABURÇ,18062,1204.0,36.583094,33.926346
Mersin,Tarsus,TARSUS,17978,12.0,36.894167,34.959722
Mersin,Tarsus,TARSUS/ARDIÇLI,18206,1033.0,37.2314,34.7366
Mersin,Tarsus,ÇUKUROVA ULUSLARARASI HAVALİMANI,17345,7.0,36.901635,35.080849
Mersin,Toroslar,TOROSLAR/ARSLANKÖY,18287,1440.0,37.058056,34.362778
Mersin,Toroslar,TOROSLAR/DALAKDERESİ,18992,483.0,36.934659,34.562387
Mersin,Toroslar,TOROSLAR/GÖZNE,18993,1180.0,37.017782,34.549127
Mersin,Toroslar,TOROSLAR/KIZILBAĞ,18288,1070.0,37.004722,34.489444
Mersin,Toroslar,TOROSLAR/YAVCA,18994,1170.0,37.019227,34.37029
Mersin,Yenişehir,MERSİN,17340,7.0,36.780827,34.603055
Mersin,Çamlıyayla,ÇAMLIYAYLA/MEYVECİLİK ARŞ. (TAGEM),18060,1115.0,37.174765,34.604699
Muğla,Bodrum,BODRUM,17290,26.0,37.032611,27.439801
Muğla,Bodrum,BODRUM/TURGUTREİS MARİNA,17627,6.0,37.000281,27.259489
Muğla,Bodrum,IMSIK-BODRUM HAVALİMANI,17293,60.0,37.142021,27.672222
Muğla,Dalaman,DALAMAN,17294,12.0,36.771944,28.798611
Muğla,Dalaman,MUĞLA DALAMAN HAVALİMANI,17295,5.0,36.702552,28.790621
Muğla,Datça,DATÇA,17297,43.0,36.7078,27.6917
Muğla,Fethiye,FETHİYE,17296,3.0,36.626611,29.123804
Muğla,Fethiye,FETHİYE/DEĞİRMENBAŞI EKİP ORMAN DEPOSU,18018,70.0,36.666667,29.163056
Muğla,Fethiye,FETHİYE/NİF(ARPACIK) KÖYÜ,18626,948.0,36.837222,29.174167
Muğla,Kavaklıdere,KAVAKLIDERE/KOCATAŞ ORMAN SAHASI,18022,973.0,37.450833,28.362222
Muğla,Köyceğiz,KÖYCEĞİZ,17924,24.0,36.970007,28.686868
Muğla,Köyceğiz,KÖYCEĞİZ/OTMANLAR KÖYÜ,18627,854.0,37.031667,28.927778
Muğla,Köyceğiz,KÖYCEĞİZ/ZEYTİNALANI EKİP ORMAN DEPOSU,18019,133.0,36.953889,28.751667
Muğla,Marmaris,MARMARİS,17298,16.0,36.83926,28.244995
Muğla,Marmaris,MARMARİS/ÇETİBELİ ORMAN DEPOSU,18017,54.0,36.993333,28.305833
Muğla,Menteşe,MENTEŞE/GÖKTEPE BELDESİ,19162,510.0,37.417903,28.568115
Muğla,Menteşe,MENTEŞE/MURATLAR KÖYÜ,19163,640.0,37.25955,28.63266
Muğla,Menteşe,MENTEŞE/ŞENYAYLA ORMAN,18629,1177.0,37.319722,28.4975
Muğla,Menteşe,MUĞLA,17292,646.0,37.209486,28.366834
Muğla,Milas,MİLAS,17884,57.0,37.302584,27.780668
Muğla,Milas,MİLAS ORMAN SAHASI,18849,529.0,37.305424,27.908979
Muğla,Milas,MİLAS/DENİZCİK ORMAN DEPOSU,18020,254.0,37.254167,27.796389
Muğla,Milas,MİLAS/ÖREN,17921,4.0,37.026944,27.968333
Muğla,Milas,MUĞLA MİLAS-BODRUM HAVALİMANI,17291,11.0,37.249911,27.678669
Muğla,Ortaca,ORTACA,18317,13.0,36.825737,28.77183
Muğla,Seydikemer,SEYDİKEMER,18847,131.0,36.649167,29.353889
Muğla,Seydikemer,SEYDİKEMER/BOĞALAR KÖYÜ,18628,1223.0,36.876389,29.664167
Muğla,Seydikemer,SEYDİKEMER/KAVAKLI ORMAN EKİP,18625,679.0,36.7,29.411667
Muğla,Ula,ULA/AKYAKA,18048,1.0,37.050609,28.326989
Muğla,Ula,ULA/HELİKOPTER PİSTİ ORMAN SAHASI,18021,661.0,37.1282,28.3811
Muğla,Ula,ULA/KAVAKÇALI KÖYÜ,18848,453.0,37.102778,28.636944
Muğla,Yatağan,YATAĞAN,17886,365.0,37.339542,28.136864
Muş,Bulanık,BULANIK,18581,1480.0,39.096111,42.261667
Muş,Hasköy,HASKÖY,19094,1437.0,38.670779,41.685975
Muş,Korkut,KORKUT,18582,1325.0,38.717778,41.86
Muş,Malazgirt,MALAZGİRT,17780,1540.0,39.143646,42.530761
Muş,Merkez,MUŞ,17204,1322.0,38.750226,41.501747
Muş,Merkez,MUŞ HAVALİMANI,17206,1265.0,38.743291,41.676659
Muş,Merkez,MUŞ KAYAK MERKEZİ,19267,1377.0,38.765989,41.430566
Muş,Merkez,MUŞ/BERCE ALPARSLAN TARIM İŞLETMESİ,18916,1257.0,38.796033,41.509444
Muş,Merkez,MUŞ/MERCİMEKKALE BARAJI,19093,1270.0,38.963333,41.5325
Muş,Merkez,MUŞ/YAYGIN BELDESİ,19095,1289.0,38.901748,41.306839
Muş,Varto,VARTO,17778,1510.0,39.176333,41.4455
Nevşehir,Acıgöl,ACIGÖL,18463,1250.0,38.548014,34.513974
Nevşehir,Avanos,AVANOS,17833,951.0,38.722111,34.856672
Nevşehir,Avanos,AVANOS/ALTIPINAR KÖYÜ,19191,1466.0,38.926067,34.8569
Nevşehir,Avanos,AVANOS/TOPAKLI KÖYÜ,18879,1200.0,39.003889,34.822778
Nevşehir,Derinkuyu,DERİNKUYU,18121,1320.0,38.338893,34.714196
Nevşehir,Derinkuyu,DERİNKUYU/DOĞALA KÖYÜ,19190,1406.0,38.433572,34.586513
Nevşehir,Gülşehir,GÜLŞEHİR,18464,905.0,38.749722,34.624722
Nevşehir,Gülşehir,GÜLŞEHİR/GÖKÇETOPRAK KÖYÜ,18878,1100.0,38.658611,34.306111
Nevşehir,Hacıbektaş,HACIBEKTAŞ,18122,1275.0,38.942807,34.558002
Nevşehir,Kozaklı,KOZAKLI,18123,1103.0,39.209132,34.850801
Nevşehir,Merkez,NEVŞEHİR,17193,1260.0,38.616324,34.702483
Nevşehir,Merkez,NEVŞEHİR/GÖREME,18902,1083.0,38.647878,34.836915
Nevşehir,Ürgüp,ÜRGÜP,17835,1068.0,38.621767,34.914686
Niğde,Altunhisar,ALTUNHİSAR,18501,1185.0,38.001463,34.358761
Niğde,Altunhisar,ALTUNHİSAR/KARAKAPI BELDESİ,19910,1325.0,38.026833,34.196348
Niğde,Bor,BOR,18502,1215.0,37.920581,34.554013
Niğde,Bor,BOR/KILAVUZ KÖYÜ,19201,1727.0,37.7981,34.8049
Niğde,Merkez,NİĞDE,17250,1211.0,37.9585,34.6795
Niğde,Merkez,NİĞDE/BAĞLAMA BELDESİ,19001,1347.0,38.227778,34.660278
Niğde,Merkez,NİĞDE/KIZILÖREN KÖYÜ,19002,1616.0,38.011667,35.028333
Niğde,Merkez,NİĞDE/KONAKLI BELDESİ,18688,1360.0,38.155828,34.892414
Niğde,Merkez,NİĞDE/ULUAĞAÇ KÖYÜ,18690,1950.0,37.963889,34.854722
Niğde,Ulukışla,ULUKIŞLA,17906,1453.0,37.548,34.486667
Niğde,Ulukışla,ULUKIŞLA/ALTAY KÖYÜ,18899,1181.0,37.686497,34.442127
Niğde,Ulukışla,ULUKIŞLA/BOLKAR DAĞI,18910,2330.0,37.424779,34.571161
Niğde,Ulukışla,ULUKIŞLA/ÇİFTEKÖY KÖYÜ,18689,1392.0,37.625556,34.746944
Niğde,Çamardı,ÇAMARDI,18214,1605.0,37.835973,34.997656
Niğde,Çiftlik,ÇİFTLİK,18503,1630.0,38.143056,34.461944
Ordu,Akkuş,AKKUŞ,18131,1327.0,40.803061,37.014562
Ordu,Altınordu,ORDU,17033,5.0,40.983833,37.885833
Ordu,Altınordu,ORDU ÜNİVERSİTE KAMPÜSÜ,18527,3.0,40.975556,37.967222
Ordu,Aybastı,AYBASTI,18523,980.0,40.674907,37.376977
Ordu,Aybastı,AYBASTI/TOYGAR KÖYÜ,18707,1404.0,40.629167,37.343889
Ordu,Fatsa,FATSA,17689,7.0,41.046214,37.485078
Ordu,Fatsa,FATSA/ILICA,18973,96.0,40.955827,37.642196
Ordu,Gölköy,GÖLKÖY,18130,1009.0,40.692081,37.59686
Ordu,Gülyalı,ORDU-GİRESUN HAVALİMANI,17616,4.0,40.966358,38.099716
Ordu,Gürgentepe,GÜRGENTEPE,18528,1260.0,40.786111,37.592778
Ordu,İkizce,İKİZCE/ŞENBOLLUK,18529,735.0,41.052778,37.003889
Ordu,Kabadüz,KABADÜZ/YOKUŞDİBİ BELDESİ,19033,1261.0,40.764201,37.936024
Ordu,Kabataş,KABATAŞ,18530,636.0,40.743935,37.454286
Ordu,Korgan,KORGAN,19223,1067.0,40.80439,37.3254
Ordu,Kumru,KUMRU,18531,670.0,40.864042,37.276194
Ordu,Mesudiye,MESUDİYE,18532,1191.0,40.466098,37.775956
Ordu,Mesudiye,MESUDİYE/TOPÇAM,19034,823.0,40.629167,37.776944
Ordu,Perşembe,PERŞEMBE/EKİNCİLER KÖYÜ,18976,667.0,41.029119,37.697655
Ordu,Perşembe,PERŞEMBE/KIRLI BELDESİ,18533,190.0,40.985,37.709167
Ordu,Ulubey,ORDU/ULUBEY,18534,610.0,40.872585,37.752505
Ordu,Çamaş,ÇAMAŞ,18524,510.0,40.911303,37.508464
Ordu,Çatalpınar,ÇATALPINAR,19224,115.0,40.88309,37.45483
Ordu,Çaybaşı,ÇAYBAŞI,18526,510.0,41.020523,37.103404
Ordu,Ünye,ÜNYE,17624,16.0,41.143221,37.292821
Osmaniye,Bahçe,BAHÇE,18063,580.0,37.198022,36.570761
Osmaniye,Düziçi,DÜZİÇİ,18064,284.0,37.271024,36.416528
Osmaniye,Hasanbeyli,HASANBEYLİ,18289,909.0,37.133333,36.566667
Osmaniye,Kadirli,KADİRLİ,17907,86.0,37.362515,36.095649
Osmaniye,Kadirli,KADİRLİ/KARATEPE KÖYÜ,18872,204.0,37.311667,36.248889
Osmaniye,Merkez,OSMANİYE,17355,94.0,37.102111,36.253939
Osmaniye,Sumbas,SUMBAS,19184,172.0,37.465682,36.023805
Osmaniye,Toprakkale,TOPRAKKALE,18290,62.0,37.0626,36.1415
Rize,Ardeşen,ARDEŞEN,19243,6.0,41.19332,40.98271
Rize,Ardeşen,ARDEŞEN/YEŞİLTEPE,17772,573.0,41.152547,41.069971
Rize,Derepazarı,DEREPAZARI/MALTEPE KÖYÜ,18566,397.0,40.989722,40.428889
Rize,Fındıklı,FINDIKLI,18567,190.0,41.270278,41.155556
Rize,Fındıklı,FINDIKLI/YENİŞEHİTLİK KÖYÜ,18934,930.0,41.22911,41.25132
Rize,Güneysu,GÜNEYSU,17800,122.0,40.9898,40.608333
Rize,Güneysu,GÜNEYSU/HANDÜZÜ YAYLASI,18935,1867.0,40.88012,40.652413
Rize,Hemşin,HEMŞİN,17769,297.0,41.0511,40.898615
Rize,İkizdere,İKİZDERE,19334,525.0,40.780279,40.558491
Rize,İkizdere,İKİZDERE/CİMİL,18569,2072.0,40.730724,40.794715
Rize,İkizdere,İKİZDERE/DEREKÖY,17757,970.0,40.725833,40.598889
Rize,İkizdere,İKİZDERE/OVİT,18963,2693.0,40.624443,40.781174
Rize,İkizdere,İKİZDERE/SİVRİKAYA,17741,1926.0,40.672349,40.711039
Rize,İkizdere,İKİZDERE/ÇAĞRANKAYA YAYLASI,18732,2230.0,40.827222,40.643333
Rize,Kalkandere,KALKANDERE,17040,196.0,40.931882,40.444862
Rize,Merkez,RİZE,17040,3.0,41.04,40.501333
Rize,Merkez,RİZE/ANDON,18568,615.0,40.870909,40.582501
Rize,Merkez,RİZE/TAŞKÖPRÜ KÖYÜ,18937,453.0,40.958726,40.550858
Rize,Pazar,RİZE ARTVİN HAVALİMANI,17044,4.0,41.177687,40.835223
Rize,Pazar,RİZE/PAZAR,17628,77.0,41.178036,40.900168
Rize,Çamlıhemşin,ÇAMLIHEMŞİN,17765,390.0,41.0125,40.994167
Rize,Çamlıhemşin,ÇAMLIHEMŞİN/AYDER FIRTINA DERESİ,17713,1354.0,40.951833,41.110333
Rize,Çamlıhemşin,ÇAMLIHEMŞİN/HUSER YAYLASI,19059,2422.0,40.975833,41.1125
Rize,Çamlıhemşin,ÇAMLIHEMŞİN/KALEKÖY,18731,2281.0,40.791389,40.9575
Rize,Çamlıhemşin,ÇAMLIHEMŞİN/PALOVİT YAYLASI,19058,2345.0,40.900161,41.088621
Rize,Çayeli,ÇAYELİ BAKIR,18905,100.0,41.040833,40.766944
Rize,Çayeli,ÇAYELİ TEİAŞ,17781,54.0,41.060278,40.741667
Rize,Çayeli,ÇAYELİ/KAPTANPAŞA,17785,487.0,40.958639,40.779079
Sakarya,Adapazarı,SAKARYA,17069,30.0,40.767231,30.393831
Sakarya,Akyazı,AKYAZI,18415,55.0,40.668333,30.625833
Sakarya,Erenler,ERENLER,19380,36.0,40.757365,30.495262
Sakarya,Ferizli,FERİZLİ,18416,45.0,40.933889,30.485556
Sakarya,Ferizli,FERİZLİ/GÖLKENT BELDESİ,19119,18.0,41.02192,30.55348
Sakarya,Geyve,GEYVE,17662,100.0,40.520995,30.296135
Sakarya,Geyve,GEYVE/HİSARLIK KÖYÜ,18803,701.0,40.409444,30.177222
Sakarya,Hendek,HENDEK,18105,65.0,40.777778,30.679722
Sakarya,Hendek,HENDEK/YENİYAYLA KÖYÜ,18595,1080.0,40.66694,30.82222
Sakarya,Karapürçek,KARAPÜRÇEK,18417,140.0,40.646667,30.534167
Sakarya,Karasu,KARASU,17644,5.0,41.084442,30.772822
Sakarya,Kaynarca,KAYNARCA,18418,40.0,41.020833,30.316944
Sakarya,Kocaali,KOCAALİ,18419,10.0,41.068056,30.846944
Sakarya,Kocaali,KOCAALİ/MELEN,18738,126.0,41.00583,30.95722
Sakarya,Pamukova,PAMUKOVA,19118,75.0,40.48801,30.17561
Sakarya,Pamukova,PAMUKOVA/AKÇAY BARAJI,19922,960.0,40.584328,30.173913
Sakarya,Pamukova,PAMUKOVA/KEMALİYE KÖYÜ,18915,760.0,40.525014,30.010506
Sakarya,Sapanca,SAPANCA,18106,73.0,40.685974,30.241371
Sakarya,Serdivan,SERDİVAN,19120,197.0,40.743287,30.326254
Sakarya,Taraklı,TARAKLI,18420,460.0,40.396944,30.520833
Samsun,Alaçam,ALAÇAM,17623,7.0,41.630652,35.635264
Samsun,Asarcık,ASARCIK,18535,832.0,41.0234,36.22283
Samsun,Atakum,ATAKUM/SAMSUN RADAR SAHASI,18507,1309.0,41.314811,36.037377
Samsun,Atakum,SAMSUN BÖLGE,17030,4.0,41.344286,36.255794
Samsun,Ayvacık,SAMSUN/AYVACIK,18536,72.0,40.977778,36.633889
Samsun,Bafra,BAFRA,17622,103.0,41.551018,35.924752
Samsun,Bafra,BAFRA ORMAN SAHASI,19036,148.0,41.555278,35.769722
Samsun,Bafra,BAFRA/KIZILIRMAK KUŞ CENNETİ,19225,1.0,41.64383,36.08264
Samsun,Bafra,BAFRA/TOPRAK SU ARŞ.(TAGEM),18133,15.0,41.601641,35.919034
Samsun,Canik,CANİK,19381,25.0,41.250706,36.3007
Samsun,Canik,CANİK/DÜZÖREN KÖYÜ,18972,632.0,41.142177,36.292879
Samsun,Canik,CANİK/KAŞYAYLA KÖYÜ,18537,534.0,41.221606,36.31863
Samsun,Havza,HAVZA,18539,675.0,40.990833,35.708889
Samsun,Havza,HAVZA/YEŞİLALAN KÖYÜ,18709,949.0,41.247222,35.8075
Samsun,İlkadım,İLKADIM,19339,142.0,41.270083,36.301612
Samsun,Kavak,KAVAK,18540,741.0,41.09981,36.05512
Samsun,Kavak,KAVAK/DORUK KÖYÜ,18974,918.0,41.022478,35.863565
Samsun,Kavak,KAVAK/MAHMUTBEYLİ,18975,706.0,41.186215,35.994405
Samsun,Ladik,LADİK,18135,900.0,40.910186,35.910794
Samsun,Ondokuzmayıs,ONDOKUZMAYIS,18541,5.0,41.513889,36.118611
Samsun,Salıpazarı,SALIPAZARI,18542,75.0,41.086944,36.825
Samsun,Salıpazarı,SALIPAZARI/DÜZDAĞ YAYLAKÖY,18543,921.0,41.005236,36.770586
Samsun,Tekkeköy,TEKKEKÖY/KARADENİZ ARŞ. (TAGEM),18132,6.0,41.230278,36.498611
Samsun,Terme,TERME,19340,2.0,41.204124,36.99992
Samsun,Terme,TERME/KOZLUK BELDESİ,18544,8.0,41.138903,37.159447
Samsun,Vezirköprü,VEZİRKÖPRÜ,18134,343.0,41.136711,35.468567
Samsun,Vezirköprü,VEZİRKÖPRÜ/GÖLKÖY ORMAN SAHASI,19038,872.0,41.179379,35.156151
Samsun,Yakakent,YAKAKENT,19226,10.0,41.62899,35.5566
Samsun,Yakakent,YAKAKENT/KARAABA KÖYÜ,18545,660.0,41.551111,35.405278
Samsun,Çarşamba,SAMSUN ÇARŞAMBA HAVALİMANI,17031,7.0,41.263073,36.558718
Samsun,Çarşamba,ÇARŞAMBA,18538,20.0,41.209444,36.734722
Samsun,Çarşamba,ÇARŞAMBA/EĞRİDERE KÖYÜ,18708,663.0,41.050539,36.543262
Samsun,Çarşamba,ÇARŞAMBA/ÇAKMAK BARAJI,19035,135.0,41.110762,36.635939
Siirt,Baykan,BAYKAN,18169,780.0,38.166454,41.791363
Siirt,Eruh,ERUH,18337,1130.0,37.752222,42.187778
Siirt,Kurtalan,KURTALAN,18338,730.0,37.918611,41.706389
Siirt,Merkez,SİİRT,17210,895.0,37.931903,41.935389
Siirt,Pervari,PERVARİ,18339,1440.0,37.928901,42.546585
Siirt,Pervari,PERVARİ/OKÇULAR KÖYÜ,18786,1510.0,37.738056,42.44306
Siirt,Pervari,PERVARİ/SARIYAPRAK KÖYÜ,18787,1834.0,37.721389,42.835833
Siirt,Tillo,TİLLO,19269,1217.0,37.951351,42.011326
Siirt,Şirvan,ŞİRVAN,18340,1025.0,38.055882,42.035741
Siirt,Şirvan,ŞİRVAN/DOĞRUCA KÖYÜ,19102,1216.0,38.068056,42.269444
Sinop,Ayancık,AYANCIK,19039,40.0,41.924274,34.580732
Sinop,Ayancık,AYANCIK/AKÖREN KÖYÜ,18546,630.0,41.832222,34.771389
Sinop,Ayancık,AYANCIK/ZİNDAN KÖYÜ,19228,691.0,41.78455,34.37438
Sinop,Ayancık,AYANCIK/ÇANGAL,19040,1056.0,41.720556,34.652222
Sinop,Boyabat,BOYABAT,17620,350.0,41.463017,34.785291
Sinop,Boyabat,BOYABAT DRANAZ TÜNELİ,18711,1110.0,41.620341,34.885201
Sinop,Boyabat,BOYABAT/KAVACIK KÖYÜ,19043,1133.0,41.378197,34.588774
Sinop,Dikmen,DİKMEN,18547,385.0,41.663611,35.2725
Sinop,Dikmen,DİKMEN/KÜÇÜKKIZIK KÖYÜ,19042,1009.0,41.530278,35.253889
Sinop,Durağan,DURAĞAN,18548,287.0,41.434444,35.050556
Sinop,Durağan,DURAĞAN/TEKİR YAYLASI,19041,993.0,41.346389,35.298056
Sinop,Erfelek,ERFELEK,18136,190.0,41.879444,34.894722
Sinop,Gerze,GERZE,18549,84.0,41.78217,35.1951
Sinop,Merkez,SİNOP,17026,32.0,42.029916,35.15447
Sinop,Merkez,SİNOP HAVALİMANI,17028,7.0,42.020891,35.079039
Sinop,Merkez,SİNOP/SARIKUM KÖYÜ,19227,42.0,42.025435,34.926335
Sinop,Merkez,SİNOP/SAZLI KÖYÜ,19229,1029.0,41.72357,34.87399
Sinop,Saraydüzü,SARAYDÜZÜ,18550,417.0,41.32853,34.84972
Sinop,Türkeli,TÜRKELİ,18551,127.0,41.941111,34.334167
Sivas,Akıncılar,AKINCILAR,18465,885.0,40.110833,38.341111
Sivas,Altınyayla,SİVAS/ALTINYAYLA,18466,1443.0,39.276201,36.718201
Sivas,Divriği,DİVRİĞİ,17734,1121.0,39.361833,38.114167
Sivas,Divriği,DİVRİĞİ/ÇAKMAKDÜZÜ KÖYÜ,18670,1684.0,39.114444,38.175
Sivas,Doğanşar,DOĞANŞAR,18467,1340.0,40.216944,37.533333
Sivas,Gemerek,GEMEREK,17162,1182.0,39.185,36.0805
Sivas,Gemerek,GEMEREK/SIZIR BELDESİ,19192,1388.0,39.305492,35.966261
Sivas,Gölova,GÖLOVA,18468,1375.0,40.063611,38.607778
Sivas,Gürün,GÜRÜN,17841,1390.0,38.723889,37.271389
Sivas,Gürün,GÜRÜN/GÖBEKÖREN KÖYÜ,19194,1791.0,38.739553,36.929336
Sivas,Hafik,HAFİK,18469,1305.0,39.853056,37.384167
Sivas,Hafik,HAFİK/DERİNCE KÖYÜ,18881,1623.0,39.611667,37.514722
Sivas,İmranlı,İMRANLI,18470,1595.0,39.875833,38.098333
Sivas,İmranlı,İMRANLI/KUZKÖY KÖYÜ,18675,2029.0,39.851667,38.343056
Sivas,İmranlı,İMRANLI/YONCABAYIRI KÖYÜ,18668,1755.0,39.635833,38.2675
Sivas,Kangal,KANGAL,17762,1521.0,39.242833,37.389
Sivas,Kangal,KANGAL/YENİKÖY KÖYÜ,18667,1509.0,38.9975,37.421944
Sivas,Koyulhisar,KOYULHİSAR,18471,860.0,40.300833,37.823889
Sivas,Merkez,SİVAS,17090,1294.0,39.743667,37.002
Sivas,Merkez,SİVAS NURİ DEMİRAĞ HAVALİMANI,17091,1600.0,39.800794,36.899781
Sivas,Merkez,SİVAS/HANLI KÖYÜ,18671,1332.0,39.464444,36.669444
Sivas,Suşehri,SUŞEHRİ,17684,1164.0,40.162333,38.075167
Sivas,Suşehri,SUŞEHRİ TARIM,19906,969.0,40.171477,38.100202
Sivas,Suşehri,SUŞEHRİ/GEMİNBELİ GEÇİDİ,18882,2029.0,39.989444,37.979722
Sivas,Ulaş,ULAŞ TİGEM,17710,1392.0,39.441388,37.027589
Sivas,Ulaş,ULAŞ/YAĞDONDURAN GEÇİDİ,19193,1754.0,39.321294,37.140117
Sivas,Yıldızeli,YILDIZELİ,18140,1385.0,39.8623,36.5749
Sivas,Yıldızeli,YILDIZELİ/ALACA KÖYÜ,18673,1657.0,39.957778,36.599167
Sivas,Yıldızeli,YILDIZELİ/DİREKLİ KÖYÜ,18676,1312.0,39.718056,36.649444
Sivas,Yıldızeli,YILDIZELİ/YUKARIEKECİK KÖYÜ,18677,1262.0,39.813056,36.196111
Sivas,Yıldızeli,YILDIZELİ/ÇUBUK KÖYÜ,18880,1259.0,39.617222,36.505556
Sivas,Zara,ZARA,17716,1350.0,39.883914,37.735966
Sivas,Zara,ZARA/SÖĞÜTLÜ KÖYÜ,18674,1968.0,40.052222,37.806667
Sivas,Şarkışla,ŞARKIŞLA,18139,1253.0,39.333056,36.440833
Tekirdağ,Ergene,ERGENE/VAKIFLAR BELDESİ,19121,113.0,41.235072,27.714828
Tekirdağ,Hayrabolu,HAYRABOLU,18108,108.0,41.217222,27.085278
Tekirdağ,Kapaklı,KAPAKLI,19122,206.0,41.3377,28.0036
Tekirdağ,Malkara,MALKARA,17634,207.0,40.887309,26.907969
Tekirdağ,Malkara,MALKARA/DOĞANKÖY,18805,248.0,41.072778,26.840556
Tekirdağ,Marmaraereğlisi,MARMARAEREĞLİSİ,19343,49.0,40.999486,27.951853
Tekirdağ,Muratlı,MURATLI,18422,113.0,41.153601,27.494761
Tekirdağ,Saray,TEKİRDAĞ/SARAY,18423,160.0,41.446737,27.934121
Tekirdağ,Süleymanpaşa,SÜLEYMANPAŞA/BANARLI MAHALLESİ,18804,139.0,41.0775,27.339722
Tekirdağ,Süleymanpaşa,TEKİRDAĞ,17056,4.0,40.957959,27.496181
Tekirdağ,Çerkezköy,ÇERKEZKÖY,17640,160.0,41.2602,27.9236
Tekirdağ,Çorlu,TEKİRDAĞ ÇORLU HAVALİMANI,17051,160.0,41.130871,27.909726
Tekirdağ,Çorlu,ÇORLU,17054,145.0,41.179781,27.816013
Tekirdağ,Şarköy,ŞARKÖY,18107,10.0,40.606806,27.075178
Tekirdağ,Şarköy,ŞARKÖY/GANOS DAĞI,18806,743.0,40.765278,27.218056
Tokat,Almus,ALMUS,18145,816.0,40.366389,36.907778
Tokat,Almus,ALMUS/ALANKÖYÜ,19044,1439.0,40.281389,37.138611
Tokat,Artova,ARTOVA,18143,1180.0,40.112778,36.306944
Tokat,Başçiftlik,BAŞÇİFTLİK,17717,1446.0,40.550967,37.162464
Tokat,Erbaa,ERBAA,18142,198.0,40.697086,36.574636
Tokat,Erbaa,ERBAA/GÖKAL,19231,1390.0,40.83676,36.62118
Tokat,Merkez,TOKAT,17086,611.0,40.331167,36.557667
Tokat,Merkez,TOKAT HAVALİMANI,17087,560.0,40.323427,36.378196
Tokat,Merkez,TOKAT/AVLUNLAR BELDESİ,18712,1129.0,40.542671,36.763565
Tokat,Merkez,TOKAT/KEMALPAŞA KÖYÜ,18944,717.0,40.365141,36.501385
Tokat,Merkez,TOKAT/TOPRAK VE SU ARŞ. (TAGEM),18147,579.0,40.326111,36.45
Tokat,Merkez,TOKAT/ÇAMLIBEL BELDESİ,19230,1122.0,40.08349,36.47812
Tokat,Niksar,NİKSAR,18141,333.0,40.597778,36.935278
Tokat,Niksar,NİKSAR/ÇAMİÇİ YAYLASI,19045,1198.0,40.638333,36.996389
Tokat,Pazar,PAZAR/BALLICA KÖYÜ,18939,990.0,40.233359,36.296412
Tokat,Pazar,TOKAT/PAZAR,18552,625.0,40.281771,36.299868
Tokat,Reşadiye,REŞADİYE,18146,554.0,40.398333,37.325833
Tokat,Reşadiye,REŞADİYE/KIZILCAÖREN BELDESİ,18713,1459.0,40.454444,37.511111
Tokat,Reşadiye,REŞADİYE/YOLÜSTÜ KÖYÜ,18940,976.0,40.444735,37.276682
Tokat,Sulusaray,SULUSARAY,18144,1025.0,39.993333,36.074722
Tokat,Turhal,TURHAL,17683,528.0,40.375247,36.097178
Tokat,Yeşilyurt,YEŞİLYURT,18553,1135.0,40.000705,36.210789
Tokat,Zile,ZİLE,17681,719.0,40.296575,35.890626
Trabzon,Akçaabat,AKÇAABAT,17626,3.0,41.0325,39.5615
Trabzon,Araklı,ARAKLI,19344,220.0,40.936993,40.038063
Trabzon,Araklı,ARAKLI/KAYAİÇİ YAYLASI,19063,1252.0,40.635795,39.909689
Trabzon,Araklı,ARAKLI/TURNALI KÖYÜ,19060,968.0,40.803889,39.968889
Trabzon,Arsin,ARSİN,18233,169.0,40.948611,39.949722
Trabzon,Beşikdüzü,BEŞİKDÜZÜ,18231,374.0,41.032778,39.214444
Trabzon,Dernekpazarı,DERNEKPAZARI,18570,721.0,40.799722,40.271944
Trabzon,Düzköy,DÜZKÖY,18229,622.0,40.886096,39.436491
Trabzon,Düzköy,DÜZKÖY/ÇAL KÖYÜ,18978,1276.0,40.86382,39.37422
Trabzon,Hayrat,HAYRAT/PAZARÖNÜ,18232,395.0,40.886222,40.346043
Trabzon,Köprübaşı,KÖPRÜBAŞI/BEŞKÖY,18571,975.0,40.771,40.133889
Trabzon,Maçka,MAÇKA/ALTINDERE SÜMELA,17714,1030.0,40.697939,39.653113
Trabzon,Maçka,MAÇKA/HAMSİKÖY,19902,1732.0,40.662369,39.415301
Trabzon,Maçka,MAÇKA/ÖRNEKALAN KÖYÜ,18572,955.0,40.845,39.605278
Trabzon,Of,OF/FİDANLIK,17775,6.0,40.983366,40.331949
Trabzon,Ortahisar,ORTAHİSAR,19366,2.0,40.999526,39.682142
Trabzon,Ortahisar,TRABZON BÖLGE,17037,25.0,40.998565,39.760797
Trabzon,Ortahisar,TRABZON HAVALİMANI,17038,39.0,40.999133,39.779248
Trabzon,Sürmene,SÜRMENE/DENİZ BİLİMLERİ FAKÜLTESİ,18574,5.0,40.922898,40.209373
Trabzon,Tonya,TONYA,19350,762.0,40.8822,39.2897
Trabzon,Tonya,TONYA/KALINÇAM,18230,1100.0,40.780424,39.261848
Trabzon,Vakfıkebir,VAKFIKEBİR/HAMZALI KÖYÜ,18575,845.0,41.001502,39.379322
Trabzon,Yomra,YOMRA/ÖZDİL BELDESİ,19061,1264.0,40.831111,39.804722
Trabzon,Çarşıbaşı,ÇARŞIBAŞI/YOROZ,18573,370.0,41.095171,39.420507
Trabzon,Çaykara,ÇAYKARA,19246,434.0,40.75142,40.24323
Trabzon,Çaykara,ÇAYKARA/DEMİRKAPI KÖYÜ,19064,1984.0,40.556414,40.406959
Trabzon,Çaykara,ÇAYKARA/LUSTRA YAYLASI,19062,1749.0,40.604167,40.334444
Trabzon,Çaykara,ÇAYKARA/UZUNGÖL,17569,1114.0,40.619333,40.29939
Trabzon,Şalpazarı,ŞALPAZARI,19247,406.0,40.943405,39.176944
Trabzon,Şalpazarı,ŞALPAZARI/SÜTPINAR KÖYÜ,18936,978.0,40.856446,39.202316
Tunceli,Hozat,HOZAT,18354,1485.0,39.100278,39.231389
Tunceli,Mazgirt,MAZGİRT,17736,1400.0,39.018843,39.602414
Tunceli,Merkez,TUNCELİ,17165,981.0,39.109686,39.545686
Tunceli,Nazımiye,NAZIMİYE,18355,1602.0,39.178664,39.817862
Tunceli,Ovacık,TUNCELİ/OVACIK,18179,1280.0,39.368056,39.241944
Tunceli,Pertek,PERTEK/AŞAĞIGÜLBAHÇE KÖYÜ,18769,1056.0,38.934167,39.167222
Tunceli,Pertek,PERTEK/ELMAKAŞI KÖYÜ,19090,1430.0,38.958056,39.354722
Tunceli,Pertek,PERTEK/KOÇPINAR KÖYÜ,19265,1215.0,38.84763,39.52206
Tunceli,Pülümür,PÜLÜMÜR,18586,1565.0,39.484131,39.891821
Tunceli,Çemişgezek,ÇEMİŞGEZEK,17768,898.0,39.041097,38.917454
Uşak,Banaz,BANAZ,18069,987.0,38.7525,29.743611
Uşak,Banaz,BANAZ ORMAN SAHASI,18857,1098.0,38.763889,29.691667
Uşak,Banaz,BANAZ/AHAT KÖYÜ,19171,992.0,38.666,29.7732
Uşak,Banaz,BANAZ/BAHADIR KÖYÜ,18744,1084.0,38.825556,29.784167
Uşak,Banaz,BANAZ/BALTALI KÖYÜ,18640,1278.0,38.823889,29.541944
Uşak,Eşme,EŞME,17827,809.0,38.396305,28.990694
Uşak,Eşme,EŞME/DELİBAŞLI KÖYÜ,18855,490.0,38.603056,28.921111
Uşak,Karahallı,KARAHALLI,18304,905.0,38.324167,29.5425
Uşak,Merkez,UŞAK,17188,919.0,38.671125,29.403955
Uşak,Merkez,UŞAK HAVALİMANI,17185,874.0,38.679921,29.482825
Uşak,Merkez,UŞAK TEKSTİL OSB,18856,660.0,38.666389,29.175
Uşak,Merkez,UŞAK/KAYAAĞIL KÖYÜ,18918,756.0,38.636674,29.29378
Uşak,Merkez,UŞAK/SELVİOĞLU KÖYÜ,19172,1073.0,38.73016,29.32331
Uşak,Merkez,UŞAK/SUSUZÖREN KÖYÜ,18752,927.0,38.532778,29.449167
Uşak,Sivaslı,SİVASLI,18071,990.0,38.498611,29.695278
Uşak,Ulubey,ULUBEY/KURUDERE KÖYÜ,18742,648.0,38.238646,29.187828
Uşak,Ulubey,UŞAK/ULUBEY,18070,730.0,38.416944,29.278611
Van,Bahçesaray,BAHÇESARAY,18235,1648.0,38.119167,42.808056
Van,Bahçesaray,BAHÇESARAY/KARABET TEPESİ,18774,2599.0,38.146389,42.858333
Van,Başkale,BAŞKALE,17880,2286.0,38.0435,44.017333
Van,Başkale,BAŞKALE/ALBAYRAK KÖYÜ,18772,2069.0,38.144818,44.207806
Van,Başkale,BAŞKALE/ÇALDIRAN KÖYÜ,18773,2010.0,37.786944,44.122778
Van,Edremit,VAN BÖLGE,17172,1675.0,38.469147,43.346005
Van,Edremit,VAN FERİT MELEN HAVALİMANI,17170,1665.0,38.459994,43.326168
Van,Erciş,ERCİŞ,17784,1678.0,39.019667,43.338167
Van,Gevaş,GEVAŞ,17852,1694.0,38.296333,43.119667
Van,Gevaş,GEVAŞ/AYDINOCAK KÖYÜ,18778,1887.0,38.384167,42.839167
Van,Gürpınar,GÜRPINAR,18237,1751.0,38.322761,43.407806
Van,Gürpınar,GÜRPINAR/SEVİNDİK KÖYÜ,18776,2179.0,38.306389,43.879167
Van,İpekyolu,İPEKYOLU/ORTANCA KÖYÜ,18780,2245.0,38.556667,43.687778
Van,İpekyolu,İPEKYOLU/YUKARIGÜNEYCE KÖYÜ,18777,2250.0,38.723992,43.753054
Van,Muradiye,MURADİYE,17786,1708.0,38.989833,43.763
Van,Saray,VAN/SARAY,18585,2120.0,38.644167,44.177222
Van,Tuşba,TUŞBA/YÜZÜNCÜ YIL ÜNİVERSİTESİ,19353,1673.0,38.567646,43.290131
Van,Çaldıran,ÇALDIRAN,18238,2055.0,39.137715,43.924444
Van,Çaldıran,ÇALDIRAN/AŞAĞIYANIKTAŞ KÖYÜ,18779,2188.0,39.235474,43.895686
Van,Çaldıran,ÇALDIRAN/BEZİRHANE KÖYÜ,18775,2019.0,39.101667,44.011667
Van,Çatak,ÇATAK,18583,1510.0,37.995642,43.052191
Van,Özalp,ÖZALP,17812,2000.0,38.657333,43.976667
Yalova,Altınova,ALTINOVA,18109,1.0,40.714167,29.509167
Yalova,Altınova,ALTINOVA/AKTOPRAK KÖYÜ,19123,238.0,40.57706,29.47576
Yalova,Armutlu,ARMUTLU,18110,101.0,40.547778,28.840833
Yalova,Merkez,YALOVA,17119,4.0,40.660344,29.28663
Yalova,Merkez,YALOVA ARAŞTIRMA,18948,6.0,40.657778,29.283056
Yalova,Termal,TERMAL,18424,102.0,40.604444,29.196944
Yalova,Çiftlikköy,YALOVA HAVALİMANI,17122,13.0,40.685854,29.370944
Yalova,Çiftlikköy,ÇİFTLİKKÖY/SUGÖREN RADAR MEVKİ,18807,876.0,40.565556,29.371667
Yalova,Çınarcık,ÇINARCIK,17658,16.0,40.642068,29.106033
Yozgat,Akdağmadeni,AKDAĞMADENİ,18209,1508.0,39.666322,35.914794
Yozgat,Akdağmadeni,AKDAĞMADENİ/AKÇAKIŞLA KÖYÜ,18679,1270.0,39.536667,35.642778
Yozgat,Aydıncık,YOZGAT/AYDINCIK,18472,930.0,40.128333,35.279722
Yozgat,Boğazlıyan,BOĞAZLIYAN,17760,1070.0,39.193951,35.255227
Yozgat,Boğazlıyan,BOĞAZLIYAN/OVAKENT BELDESİ,18659,1219.0,39.054167,35.243611
Yozgat,Boğazlıyan,BOĞAZLIYAN/UZUNLU BELDESİ,19195,1184.0,39.259862,35.395873
Yozgat,Kadışehri,KADIŞEHRİ,18475,1067.0,39.995326,35.78665
Yozgat,Merkez,YOZGAT,17140,1301.0,39.824342,34.815914
Yozgat,Merkez,YOZGAT/ESENLİ KÖYÜ,19907,1116.0,39.607979,35.075545
Yozgat,Merkez,YOZGAT/TOPÇU KÖYÜ,18678,1354.0,39.700833,34.809444
Yozgat,Merkez,YOZGAT/ÇADIRARDIÇ BELDESİ,18884,1198.0,39.949229,34.406944
Yozgat,Saraykent,SARAYKENT,18476,1235.0,39.695278,35.525
Yozgat,Sarıkaya,SARIKAYA,18477,1175.0,39.486389,35.346944
Yozgat,Sorgun,SORGUN,17712,1116.0,39.801767,35.180575
Yozgat,Yenifakılı,YENİFAKILI,18479,1055.0,39.206552,34.998353
Yozgat,Yerköy,YERKÖY,19355,773.0,39.66457,34.492111
Yozgat,Yerköy,YERKÖY/HACIUŞAĞI KÖYÜ,19196,963.0,39.805925,34.439183
Yozgat,Yerköy,YERKÖY/SARAY BELDESİ,18886,997.0,39.691464,34.659838
Yozgat,Çandır,ÇANDIR,18473,1218.0,39.232911,35.497545
Yozgat,Çayıralan,ÇAYIRALAN,18474,1400.0,39.305278,35.674722
Yozgat,Çekerek,ÇEKEREK,18208,942.0,40.070833,35.509444
Yozgat,Çekerek,ÇEKEREK/BEYYURDU KÖYÜ,18883,1272.0,39.959167,35.358889
Yozgat,Şefaatli,ŞEFAATLİ,18478,906.0,39.502106,34.743053
Zonguldak,Alaplı,ALAPLI,18265,20.0,41.148611,31.413333
Zonguldak,Devrek,DEVREK,17613,85.0,41.230972,31.972893
Zonguldak,Devrek,DEVREK/ACISU TEPESİ RADAR SAHASI,17018,1112.0,41.181333,31.798518
Zonguldak,Devrek,DEVREK/EĞERCİ BELDESİ,19023,250.0,41.096028,31.834718
Zonguldak,Gökçebey,GÖKÇEBEY,18267,73.0,41.306706,32.151205
Zonguldak,Karadeniz Ereğli,KARADENİZ EREĞLİ,17611,19.0,41.256022,31.434087
Zonguldak,Kilimli,KİLİMLİ,19379,6.0,41.492333,31.835863
Zonguldak,Kozlu,KOZLU,19383,8.0,41.436083,31.737477
Zonguldak,Merkez,ZONGULDAK,17022,135.0,41.449334,31.778335
Zonguldak,Merkez,ZONGULDAK/BEYCUMA,19217,232.0,41.32703,31.97936
Zonguldak,Çaycuma,ZONGULDAK ÇAYCUMA HAVALİMANI,17023,13.0,41.497961,32.089405
Zonguldak,Çaycuma,ÇAYCUMA,19356,78.0,41.419659,32.073523
Çanakkale,Ayvacık,ÇANAKKALE/AYVACIK,18435,341.0,39.607858,26.395833
Çanakkale,Bayramiç,BAYRAMİÇ,18436,92.0,39.814722,26.590556
Çanakkale,Bayramiç,BAYRAMİÇ/KARAKÖY KÖYÜ,18817,310.0,39.836836,26.894318
Çanakkale,Biga,BİGA,18084,34.0,40.233056,27.263611
Çanakkale,Biga,BİGA/KEMER KÖYÜ,17614,56.0,40.408976,27.059993
Çanakkale,Bozcaada,BOZCAADA,17111,30.0,39.832678,26.073161
Çanakkale,Eceabat,ECEABAT MİLLİ PARKI,18580,43.0,40.208333,26.281667
Çanakkale,Ezine,EZİNE,17671,51.0,39.800775,26.343773
Çanakkale,Ezine,EZİNE/ÇAMLICA KÖYÜ ORMAN SAHASI,18819,436.0,39.895505,26.421511
Çanakkale,Gelibolu,GELİBOLU,17773,51.0,40.408056,26.641667
Çanakkale,Gökçeada,GÖKÇEADA,17110,79.0,40.190644,25.906741
Çanakkale,Gökçeada,ÇANAKKALE GÖKÇEADA HAVALİMANI,17109,19.0,40.198757,25.883021
Çanakkale,Lapseki,LAPSEKİ,18438,40.0,40.339737,26.697505
Çanakkale,Merkez,AYVACIK/BEHRAM,19130,109.0,39.497707,26.314548
Çanakkale,Merkez,YENİCE/AŞAĞIÇAVUŞ KÖYÜ,19132,317.0,39.816362,27.109767
Çanakkale,Merkez,YENİCE/TABANKÖY,19131,616.0,40.073442,27.425952
Çanakkale,Merkez,ÇANAKKALE,17112,6.0,40.141428,26.399616
Çanakkale,Merkez,ÇANAKKALE HAVALİMANI,17113,8.0,40.130845,26.416681
Çanakkale,Merkez,ÇANAKKALE/KİRAZLI BELDESİ,18818,375.0,40.040556,26.699722
Çanakkale,Yenice,ÇANAKKALE/YENİCE,18085,245.0,39.934509,27.266687
Çanakkale,Çan,ÇAN,18437,139.0,40.016111,27.056389
Çankırı,Atkaracalar,ATKARACALAR,18249,1292.0,40.820556,33.08
Çankırı,Bayramören,BAYRAMÖREN,18251,1450.0,40.928889,33.2425
Çankırı,Bayramören,BAYRAMÖREN/KAVAKKÖY KÖYÜ,18696,1153.0,41.022222,33.120833
Çankırı,Eldivan,ELDİVAN BELEDİYE,18080,923.0,40.535,33.495
Çankırı,Ilgaz,ILGAZ,17648,885.0,40.915633,33.625782
Çankırı,Ilgaz,ILGAZ DAĞI,19991,1966.0,41.059444,33.722778
Çankırı,Korgun,KORGUN,18252,1042.0,40.736944,33.504444
Çankırı,Kurşunlu,KURŞUNLU,17643,1075.0,40.832828,33.269111
Çankırı,Kurşunlu,KURŞUNLU/DUMANLI KÖYÜ,19211,1417.0,40.69513,33.25144
Çankırı,Kızılırmak,KIZILIRMAK,18079,574.0,40.343611,33.983889
Çankırı,Merkez,ÇANKIRI,17080,755.0,40.608167,33.610231
Çankırı,Merkez,ÇANKIRI/PEHLİVANLI KÖYÜ,18697,940.0,40.578333,33.868056
Çankırı,Merkez,ÇANKIRI/TÜNEY KÖYÜ,19014,706.0,40.360833,33.532778
Çankırı,Orta,ORTA,18253,1321.0,40.631989,33.076797
Çankırı,Orta,ORTA/KAYIÖREN KÖYÜ,18698,1570.0,40.577447,32.949097
Çankırı,Yapraklı,YAPRAKLI,17647,1267.0,40.75894,33.77229
Çankırı,Yapraklı,YAPRAKLI/MÜSELLİM KÖYÜ,19015,1304.0,40.759575,34.016707
Çankırı,Çerkeş,ÇERKEŞ,17646,1126.0,40.815043,32.883403
Çankırı,Çerkeş,ÇERKEŞ/GÖYNÜKÇUKURU KÖYÜ,19016,1221.0,40.829444,32.663611
Çankırı,Çerkeş,ÇERKEŞ/KARACAHÖYÜK KÖYÜ,19210,1178.0,40.945898,33.025468
Çankırı,Şabanözü,ŞABANÖZÜ,17665,1060.0,40.474243,33.285719
Çorum,Alaca,ALACA,18124,941.0,40.161389,34.839444
Çorum,Alaca,ALACA/KARNIKARA KÖYÜ,18703,1220.0,40.030278,35.038889
Çorum,Bayat,BAYAT,18710,1100.0,40.632078,34.270556
Çorum,Boğazkale,BOĞAZKALE,18508,998.0,40.024232,34.6065
Çorum,Dodurga,DODURGA,18509,826.0,40.880556,34.791389
Çorum,İskilip,İSKİLİP,18128,725.0,40.723824,34.480617
Çorum,Kargı,KARGI,18510,446.0,41.138611,34.478333
Çorum,Kargı,KARGI/AKKAYA YAYLASI,18700,1530.0,41.197383,34.639078
Çorum,Laçin,LAÇİN,18511,750.0,40.774686,34.873847
Çorum,Mecitözü,MECİTÖZÜ,18125,868.0,40.517161,35.283646
Çorum,Mecitözü,MECİTÖZÜ/BOĞAZKAYA KÖYÜ,19220,659.0,40.56475,35.44432
Çorum,Mecitözü,MECİTÖZÜ/EMİRBAĞI KÖYÜ,19219,664.0,40.41468,35.27418
Çorum,Merkez,ÇORUM,17084,776.0,40.546117,34.936221
Çorum,Merkez,ÇORUM/AHMEDİYE KÖYÜ,19029,1199.0,40.609444,35.071667
Çorum,Merkez,ÇORUM/BÜYÜKGÜLÜCEK KÖYÜ,18702,1151.0,40.348889,34.754444
Çorum,Merkez,ÇORUM/KONAKLI BELDESİ,18701,937.0,40.62,35.216111
Çorum,Ortaköy,ÇORUM/ORTAKÖY,18129,798.0,40.272222,35.2525
Çorum,Osmancık,OSMANCIK,17652,419.0,40.979171,34.800848
Çorum,Osmancık,OSMANCIK/TEPEYOLALTI KÖYÜ,19027,861.0,40.945833,34.523333
Çorum,Osmancık,OSMANCIK/ÖBEKTAŞ KÖYÜ,19028,795.0,41.027222,34.976111
Çorum,Oğuzlar,OĞUZLAR,18126,684.0,40.744093,34.707266
Çorum,Sungurlu,SUNGURLU,18127,771.0,40.1725,34.401389
Çorum,Uğurludağ,UĞURLUDAĞ,18512,853.0,40.441169,34.460279
Şanlıurfa,Akçakale,AKÇAKALE,17980,365.0,36.7276,38.9473
Şanlıurfa,Akçakale,AKÇAKALE/KORUKLU GAP TOPRAK SU (TAGEM),18172,385.0,36.901389,38.918611
Şanlıurfa,Birecik,BİRECİK,17966,347.0,37.013983,37.971583
Şanlıurfa,Bozova,BOZOVA,17944,622.0,37.3651,38.5134
Şanlıurfa,Ceylanpınar,CEYLANPINAR TİGEM,17968,360.0,36.840599,40.030732
Şanlıurfa,Halfeti,HALFETİ,18170,662.0,37.228432,37.946311
Şanlıurfa,Haliliye,HALİLİYE/ÜNİVERSİTE OSMANBEY KAMPÜSÜ,18173,496.0,37.163889,38.999167
Şanlıurfa,Haliliye,ŞANLIURFA,17270,550.0,37.160455,38.786723
Şanlıurfa,Harran,HARRAN,19270,362.0,36.859159,39.038315
Şanlıurfa,Harran,HARRAN/YENİCE KÖYÜ,19103,470.0,36.807222,39.485558
Şanlıurfa,Hilvan,HİLVAN,17914,589.0,37.582381,38.950717
Şanlıurfa,Karaköprü,KARAKÖPRÜ,19341,692.0,37.263952,38.796174
Şanlıurfa,Karaköprü,ŞANLIURFA GAP HAVALİMANI,17271,825.0,37.438194,38.884693
Şanlıurfa,Siverek,SİVEREK,17912,801.0,37.752191,39.329443
Şanlıurfa,Siverek,SİVEREK/ALANYURT KÖYÜ,19104,738.0,37.403889,39.2975
Şanlıurfa,Siverek,SİVEREK/KARACADAĞ RADAR SAHASI,18922,1946.0,37.715095,39.829292
Şanlıurfa,Siverek,SİVEREK/YENİCELİ KÖYÜ,18788,1057.0,37.637131,39.652695
Şanlıurfa,Suruç,SURUÇ,18171,522.0,37.033333,38.4125
Şanlıurfa,Viranşehir,VİRANŞEHİR,17946,542.0,37.205377,39.781787
Şırnak,Beytüşşebap,BEYTÜŞŞEBAP,18342,1440.0,37.574435,43.160889
Şırnak,Beytüşşebap,BEYTÜŞŞEBAP/BOĞAZÖREN KÖYÜ,18789,1460.0,37.528056,43.018333
Şırnak,Beytüşşebap,BEYTÜŞŞEBAP/KATO DAĞI,19923,2662.0,37.610719,43.045329
Şırnak,Cizre,CİZRE,17950,407.0,37.331478,42.210308
Şırnak,Cizre,ŞIRNAK ŞERAFETTİN ELÇİ HAVALİMANI,17949,618.0,37.370319,42.047515
Şırnak,Güçlükonak,GÜÇLÜKONAK,18336,811.0,37.468889,41.920278
Şırnak,İdil,İDİL,18343,760.0,37.339244,41.901179
Şırnak,Merkez,ŞIRNAK,17287,1269.0,37.520361,42.445099
Şırnak,Merkez,ŞIRNAK/JANDARMA HELİKOPTER PİSTİ,17919,1402.0,37.5175,42.467778
Şırnak,Silopi,SİLOPİ,18344,498.0,37.230933,42.486454
Şırnak,Silopi,SİLOPİ/GÖRÜMLÜ BELDESİ,19271,884.0,37.330625,42.565222
Şırnak,Uludere,ULUDERE,18175,1190.0,37.4475,42.845278
Şırnak,Uludere,ULUDERE/GÜRVİLTEPE,18587,1928.0,37.383686,42.791768
