{"type": "Feature", "properties": {"name": "Turkey"}, "geometry": {"type": "MultiPolygon", "coordinates": [[[[27.0028582, 38.9176322], [27.0163118, 38.9236394], [27.00814, 38.9229123], [27.0272756, 38.9297684], [27.0355016, 38.9408104], [27.0435062, 38.9411547], [27.0519396, 38.9346404], [27.0535454, 38.928848], [27.0473336, 38.9302764], [27.0571363, 38.913488], [27.0444796, 38.909685], [27.0421411, 38.8985044], [27.0370009, 38.8953666], [27.0619187, 38.8894177], [27.0659611, 38.8791715], [27.060472, 38.8767309], [27.062466, 38.868914], [27.0437784, 38.8683588], [27.030101, 38.854929], [27.0193322, 38.8626494], [27.026986, 38.872009], [27.0238657, 38.8723411], [27.007602, 38.866875], [27.0025259, 38.8571075], [26.9907446, 38.8562692], [26.9869571, 38.8470832], [26.9704401, 38.8464239], [26.962396, 38.830386], [26.9781832, 38.8294164], [26.9839507, 38.8243666], [26.9764991, 38.8074429], [26.9695984, 38.8046297], [26.9553486, 38.8026861], [26.9418649, 38.812678], [26.9445312, 38.8360343], [26.9245412, 38.8278578], [26.9140323, 38.817447], [26.8925535, 38.8242078], [26.8948097, 38.8137689], [26.9049136, 38.8066724], [26.9251921, 38.7768059], [26.927008, 38.781086], [26.9332041, 38.7808467], [26.9283782, 38.7754329], [26.9380164, 38.7673701], [26.9303672, 38.7672644], [26.9393626, 38.7646428], [26.9300843, 38.7562718], [26.9295387, 38.7617496], [26.9246756, 38.7573038], [26.9195276, 38.7655106], [26.9187965, 38.7619362], [26.9140807, 38.7674984], [26.9160678, 38.7633242], [26.9072629, 38.7664358], [26.9039878, 38.7591398], [26.9071781, 38.75372], [26.9040864, 38.7512267], [26.9044843, 38.7523441], [26.8985252, 38.7522884], [26.8978199, 38.7515186], [26.9009559, 38.7447048], [26.8954775, 38.734114], [26.8756086, 38.7358625], [26.8574501, 38.752894], [26.8366984, 38.7421898], [26.8324583, 38.7505311], [26.8378391, 38.7528046], [26.830841, 38.7613182], [26.823806, 38.7621704], [26.8128172, 38.7513692], [26.7872441, 38.746969], [26.78076, 38.7364136], [26.7793154, 38.7401387], [26.769483, 38.734772], [26.7686992, 38.7422302], [26.758111, 38.7360314], [26.7399129, 38.7414595], [26.7432518, 38.7325726], [26.7293893, 38.7274033], [26.7267747, 38.7209374], [26.732567, 38.7190123], [26.7285641, 38.7149157], [26.7332307, 38.7037915], [26.7287064, 38.6951864], [26.7411778, 38.6816096], [26.733407, 38.6751897], [26.7466095, 38.6784404], [26.7548676, 38.6690323], [26.7506978, 38.6696036], [26.7533909, 38.6660349], [26.7489924, 38.6634931], [26.7453508, 38.6687367], [26.7410318, 38.6633751], [26.7346696, 38.6668619], [26.7343588, 38.6596359], [26.7236826, 38.6560464], [26.7228337, 38.6520703], [26.7334959, 38.653994], [26.7331048, 38.647621], [26.7428539, 38.6454622], [26.7439107, 38.6372635], [26.7494504, 38.6345564], [26.7661998, 38.640978], [26.7704209, 38.6353551], [26.7638579, 38.636333], [26.7544876, 38.6283847], [26.759134, 38.6194644], [26.7566518, 38.6158693], [26.7746567, 38.6125596], [26.7793886, 38.6175304], [26.7948502, 38.6091551], [26.7997858, 38.6111342], [26.8035134, 38.6042413], [26.8003834, 38.599527], [26.8045662, 38.6031072], [26.8009524, 38.5994158], [26.8055225, 38.6021287], [26.8164886, 38.5945259], [26.8138945, 38.5903786], [26.8190828, 38.5868762], [26.8273369, 38.5909776], [26.8304616, 38.5780503], [26.8344708, 38.5880513], [26.8401897, 38.5876827], [26.8400128, 38.5804931], [26.8441988, 38.5818297], [26.848149, 38.5752387], [26.8416636, 38.568094], [26.846793, 38.5601649], [26.8306385, 38.5577675], [26.8368291, 38.5612713], [26.8322893, 38.5673795], [26.8337633, 38.5618937], [26.813924, 38.5437275], [26.8297247, 38.5253261], [26.8830362, 38.5084722], [26.9085476, 38.4867101], [26.9226657, 38.4676502], [26.9240071, 38.4548776], [26.9520764, 38.4437323], [26.9439432, 38.427929], [26.9545863, 38.4439652], [26.9628703, 38.4430645], [26.9633375, 38.4472303], [26.9675424, 38.4500168], [26.9722235, 38.4337818], [26.9768597, 38.4398062], [26.972529, 38.4423959], [26.9736431, 38.4549352], [26.9842554, 38.4483674], [26.9848775, 38.4568603], [26.9887448, 38.4547636], [26.9891775, 38.4582792], [26.9890423, 38.4506125], [26.9952294, 38.4581232], [27.009356, 38.461327], [27.010989, 38.457988], [27.013276, 38.460813], [27.009683, 38.461841], [27.015237, 38.465436], [27.016543, 38.461326], [27.0312406, 38.4633809], [27.024712, 38.466205], [27.032225, 38.46569], [27.030919, 38.467745], [27.033534, 38.469542], [27.039413, 38.466201], [27.0390072, 38.4591826], [27.0404503, 38.4655984], [27.0535641, 38.472896], [27.0587975, 38.4731882], [27.0563751, 38.4689504], [27.0594487, 38.4688238], [27.0594674, 38.4741327], [27.0652925, 38.4725738], [27.0676761, 38.4646438], [27.078479, 38.4675301], [27.0934278, 38.4533719], [27.1120793, 38.4486887], [27.1333395, 38.4647549], [27.1588968, 38.4670338], [27.1709014, 38.4483216], [27.1657235, 38.448714], [27.1677916, 38.4408183], [27.1626544, 38.4417193], [27.1623974, 38.4465435], [27.1595131, 38.4408651], [27.1573747, 38.4417413], [27.1591842, 38.4455589], [27.1546223, 38.4474129], [27.147462, 38.4422653], [27.1487875, 38.4472236], [27.1195461, 38.4111918], [27.1019685, 38.4077482], [27.0868051, 38.3986554], [27.0699194, 38.4045001], [27.060605, 38.415079], [27.0519102, 38.4130271], [27.05715, 38.4135277], [27.058062, 38.4094986], [27.0530385, 38.405546], [27.0459697, 38.4090626], [27.0485353, 38.4128734], [27.0354995, 38.4108067], [27.0174828, 38.4181065], [27.0106629, 38.409003], [26.9984393, 38.4079056], [26.9804453, 38.396534], [26.9329733, 38.3832342], [26.8792854, 38.3797866], [26.8833956, 38.3782143], [26.8350441, 38.3705779], [26.8031722, 38.3551417], [26.7647745, 38.367992], [26.7624158, 38.3840837], [26.7500066, 38.391275], [26.7493081, 38.4001795], [26.7413022, 38.4027933], [26.7350835, 38.4139784], [26.7349303, 38.4191564], [26.7403108, 38.4214947], [26.7354947, 38.4292969], [26.7325034, 38.4221328], [26.7247554, 38.4358997], [26.7196224, 38.4367176], [26.7240696, 38.4290627], [26.7209057, 38.4265637], [26.706921, 38.434372], [26.6858787, 38.4146295], [26.682932, 38.4091239], [26.6863417, 38.4028767], [26.6755334, 38.3921611], [26.6754562, 38.3823132], [26.6826344, 38.3737371], [26.6806066, 38.3660038], [26.6887179, 38.3514135], [26.6844382, 38.3504426], [26.6779984, 38.3601162], [26.6730101, 38.346489], [26.6922827, 38.3440912], [26.7037299, 38.3196865], [26.6923243, 38.3118924], [26.6744897, 38.3113133], [26.6560461, 38.3302796], [26.6521739, 38.3290219], [26.6534269, 38.3262443], [26.6534751, 38.3243621], [26.651728, 38.3290456], [26.654475, 38.3349167], [26.6437367, 38.3398549], [26.6405512, 38.3482383], [26.6443109, 38.3720756], [26.6397883, 38.3788399], [26.628116, 38.3831621], [26.6110015, 38.4226508], [26.600874, 38.4157923], [26.5840088, 38.4273615], [26.5876012, 38.4322292], [26.599099, 38.4339535], [26.6030612, 38.4410176], [26.5983968, 38.4462347], [26.604026, 38.4514581], [26.5983895, 38.4615175], [26.5974876, 38.4581308], [26.5884576, 38.4616409], [26.5973484, 38.467811], [26.5863161, 38.4693197], [26.6206181, 38.4726574], [26.6311017, 38.4632765], [26.6401413, 38.4657986], [26.6314899, 38.500221], [26.6337189, 38.5114612], [26.6297951, 38.5152278], [26.6350557, 38.5113878], [26.628892, 38.5174094], [26.6260336, 38.5159886], [26.6246176, 38.5313385], [26.6144898, 38.5294385], [26.6047824, 38.5329612], [26.5910913, 38.546767], [26.5692071, 38.5589568], [26.5619436, 38.6020134], [26.5485836, 38.6018988], [26.5358742, 38.6222722], [26.5305011, 38.6228709], [26.533179, 38.6259385], [26.5236142, 38.6296025], [26.5216751, 38.6404136], [26.5281332, 38.6439647], [26.5227859, 38.6499231], [26.5173784, 38.651611], [26.5133141, 38.6471255], [26.5012607, 38.6532132], [26.4754315, 38.6745427], [26.4652127, 38.6694394], [26.4354965, 38.6709812], [26.4274077, 38.6790667], [26.4171028, 38.6805814], [26.3980253, 38.6674279], [26.3606095, 38.6596254], [26.3532361, 38.6379849], [26.3578542, 38.6221164], [26.3549257, 38.6139581], [26.3631317, 38.5896716], [26.3596163, 38.566658], [26.3704851, 38.5597573], [26.3685974, 38.5558859], [26.3747276, 38.5509361], [26.3741181, 38.5480306], [26.3805865, 38.5445354], [26.3809555, 38.5236926], [26.3749512, 38.5415163], [26.3717243, 38.5308351], [26.3815279, 38.5191845], [26.3849345, 38.5231505], [26.3906496, 38.5210967], [26.3949273, 38.5083885], [26.3893069, 38.5056943], [26.4007887, 38.5055058], [26.4033795, 38.4974632], [26.4120812, 38.4940209], [26.4051267, 38.4872099], [26.4052989, 38.478478], [26.3913209, 38.4633159], [26.3930596, 38.4474429], [26.401615, 38.4470721], [26.4047824, 38.4566504], [26.4129764, 38.4578838], [26.413483, 38.4690029], [26.4192845, 38.4761325], [26.4351854, 38.4774815], [26.4955224, 38.4480243], [26.5158324, 38.4278139], [26.5066959, 38.4144538], [26.5014873, 38.4155717], [26.5032235, 38.4064595], [26.4913108, 38.4007074], [26.469531, 38.4272213], [26.4630934, 38.4239556], [26.451026, 38.4279485], [26.4528395, 38.4201645], [26.4618459, 38.4183021], [26.4597261, 38.4093081], [26.4670573, 38.4127877], [26.4757627, 38.4017969], [26.4731402, 38.3870415], [26.4832102, 38.3760496], [26.4724132, 38.372664], [26.4508196, 38.3480449], [26.4200645, 38.3391283], [26.4188836, 38.3359892], [26.4251221, 38.3357389], [26.4229309, 38.3324333], [26.4091656, 38.3319465], [26.3961501, 38.3204168], [26.3935911, 38.3249837], [26.4015793, 38.3347785], [26.3946088, 38.3427529], [26.3868185, 38.3373146], [26.3851785, 38.3493489], [26.3824701, 38.3383029], [26.3885966, 38.332032], [26.3852887, 38.3175607], [26.375297, 38.3088851], [26.363064, 38.3077652], [26.35792, 38.3111793], [26.3612, 38.3133393], [26.3438899, 38.319907], [26.3446085, 38.3337025], [26.3382146, 38.3246237], [26.3184625, 38.3302742], [26.3120619, 38.3394336], [26.3173882, 38.3408803], [26.3166376, 38.3475387], [26.3231051, 38.3462892], [26.3244467, 38.3530232], [26.3186797, 38.3581909], [26.311419, 38.3528139], [26.3188368, 38.3617407], [26.3139508, 38.3644559], [26.3153119, 38.3766091], [26.3019993, 38.3636821], [26.304818, 38.3577147], [26.3014828, 38.3552611], [26.2845404, 38.376778], [26.2848683, 38.3450838], [26.30334, 38.3208742], [26.294199, 38.325059], [26.2870848, 38.3171232], [26.2812875, 38.3228956], [26.2828528, 38.3009607], [26.2726352, 38.2904085], [26.2492115, 38.2852097], [26.2429886, 38.2940901], [26.2339926, 38.2938229], [26.2323879, 38.2669354], [26.2414667, 38.2633529], [26.2603644, 38.2699192], [26.2861857, 38.264953], [26.3025087, 38.2557481], [26.3071095, 38.2407146], [26.3354171, 38.2258598], [26.366577, 38.2276221], [26.3737836, 38.2403773], [26.3862108, 38.2460537], [26.3866469, 38.253458], [26.379278, 38.2612004], [26.3916574, 38.2608344], [26.4021597, 38.2443448], [26.389611, 38.2366005], [26.3893055, 38.2240095], [26.4303248, 38.1982999], [26.41945, 38.2215394], [26.4430643, 38.2184427], [26.4390059, 38.2129544], [26.4514768, 38.2090042], [26.451752, 38.2015062], [26.4620007, 38.2038695], [26.4582646, 38.1917204], [26.4908481, 38.1954136], [26.4925353, 38.1917848], [26.4863884, 38.1856713], [26.4967981, 38.1777051], [26.5010345, 38.1836628], [26.5069737, 38.1760596], [26.5182498, 38.1878529], [26.5233133, 38.1832687], [26.5169854, 38.1753259], [26.5202944, 38.1652204], [26.5157128, 38.1703567], [26.5124038, 38.1676218], [26.5238579, 38.1553469], [26.5215671, 38.1422692], [26.5327667, 38.1390661], [26.5313162, 38.128117], [26.5413551, 38.1303969], [26.5458, 38.1277187], [26.5437376, 38.1202502], [26.5524507, 38.1225815], [26.5524047, 38.1183558], [26.5605698, 38.1179912], [26.5666851, 38.1270327], [26.5624625, 38.143804], [26.5714561, 38.1438707], [26.5856252, 38.1218139], [26.5815526, 38.111534], [26.5924128, 38.1031889], [26.5988611, 38.1072614], [26.6044609, 38.1032557], [26.6136241, 38.1105327], [26.6097758, 38.1267389], [26.6128122, 38.1352991], [26.6070688, 38.1348414], [26.6014038, 38.147111], [26.6068691, 38.1394978], [26.6235526, 38.1383869], [26.633084, 38.1671975], [26.6282574, 38.1864455], [26.6314805, 38.1995962], [26.6390288, 38.2004776], [26.6358604, 38.2079421], [26.6452637, 38.2022478], [26.6535299, 38.2102719], [26.6745303, 38.2047125], [26.6784305, 38.2117782], [26.6855636, 38.2089242], [26.6835218, 38.2045284], [26.6841823, 38.2044036], [26.6853695, 38.2028925], [26.686423, 38.2024391], [26.6966385, 38.2114957], [26.7030114, 38.2072384], [26.7104304, 38.2122544], [26.7326001, 38.2073602], [26.7359272, 38.2163264], [26.7451589, 38.2129172], [26.7456203, 38.2194328], [26.7571887, 38.2220861], [26.7621742, 38.2150619], [26.7699525, 38.2143064], [26.7750403, 38.2045697], [26.7888643, 38.1992503], [26.7827682, 38.1907068], [26.7827763, 38.1957037], [26.7723967, 38.1969515], [26.7726909, 38.1825686], [26.7676398, 38.1757947], [26.7746486, 38.1743551], [26.7747343, 38.1616308], [26.7969109, 38.1730659], [26.8242955, 38.1583985], [26.8196849, 38.1438807], [26.8367833, 38.1315356], [26.8333128, 38.1247963], [26.8511729, 38.1017439], [26.8458723, 38.0720047], [26.8558111, 38.0578443], [26.8573517, 38.0462059], [26.8679878, 38.0396976], [26.8649885, 38.0325553], [26.8718495, 38.0301752], [26.8835515, 38.0514708], [26.8975761, 38.0612079], [26.9398807, 38.0740538], [26.9796587, 38.0747767], [27.0178024, 38.0546451], [27.0464191, 38.0500532], [27.0680685, 38.0338826], [27.0759366, 38.0124732], [27.0783583, 38.0163717], [27.0973863, 38.0165325], [27.1151096, 38.00116], [27.118946, 37.9923095], [27.125498, 37.993651], [27.1313574, 37.9871766], [27.1387586, 37.9888953], [27.1457483, 37.9832455], [27.1537677, 37.9865649], [27.1671853, 37.9812715], [27.1861278, 37.9905677], [27.2161759, 37.9927945], [27.2189374, 37.9890632], [27.2221089, 37.9894365], [27.2222121, 37.9881002], [27.2302559, 37.9856187], [27.2313316, 37.9840624], [27.2385472, 37.985731], [27.254451, 37.974049], [27.2719252, 37.948284], [27.276967, 37.9269411], [27.2755118, 37.922089], [27.2660733, 37.9215777], [27.2608366, 37.9129719], [27.2643229, 37.9053767], [27.2710252, 37.9098199], [27.2726998, 37.8979415], [27.2639567, 37.8901514], [27.266161, 37.8771868], [27.2603599, 37.8729115], [27.2593052, 37.8674604], [27.2630552, 37.8728516], [27.2632992, 37.8663387], [27.2412679, 37.8597437], [27.2434961, 37.8466388], [27.2360312, 37.8399098], [27.2432982, 37.8250415], [27.2605693, 37.8235348], [27.2696689, 37.8101662], [27.2628843, 37.7721948], [27.2440685, 37.7348682], [27.2044216, 37.7076968], [27.1027544, 37.6811918], [27.065219, 37.6862311], [27.0476224, 37.6805963], [27.0306681, 37.6898202], [27.0152937, 37.6847971], [27.0106854, 37.670088], [27.0055459, 37.6683851], [27.00877, 37.66222], [27.003047, 37.6594703], [27.0064217, 37.6548234], [27.013455, 37.656569], [27.01927, 37.65477], [27.0130981, 37.6497356], [27.017331, 37.650403], [27.0167561, 37.647461], [27.0283555, 37.6511926], [27.05674, 37.640886], [27.0947232, 37.6394823], [27.1040243, 37.632322], [27.124562, 37.6309248], [27.133115, 37.6236554], [27.1315329, 37.6296279], [27.1422397, 37.6206174], [27.1721994, 37.6141328], [27.1794132, 37.6065344], [27.189759, 37.6117099], [27.2041052, 37.6102217], [27.2009537, 37.6041782], [27.2040011, 37.5981655], [27.226966, 37.582369], [27.218399, 37.577632], [27.213567, 37.581109], [27.217412, 37.57134], [27.19805, 37.572145], [27.208343, 37.55954], [27.185752, 37.55855], [27.187513, 37.553153], [27.179596, 37.548155], [27.174771, 37.554457], [27.173791, 37.549321], [27.17884, 37.548373], [27.171514, 37.541103], [27.176683, 37.544435], [27.175708, 37.541097], [27.181837, 37.540831], [27.17959, 37.545715], [27.188633, 37.549426], [27.187013, 37.546731], [27.196201, 37.544404], [27.192171, 37.544925], [27.19119, 37.539789], [27.198287, 37.540034], [27.191814, 37.531824], [27.195694, 37.535157], [27.202472, 37.53643], [27.210849, 37.532819], [27.195691, 37.533873], [27.19988, 37.532325], [27.199205, 37.52128], [27.206131, 37.518442], [27.201913, 37.508944], [27.207551, 37.506879], [27.201232, 37.49533], [27.215553, 37.486057], [27.227643, 37.486548], [27.22037, 37.479626], [27.227922, 37.472419], [27.222582, 37.464722], [27.223683, 37.455986], [27.21868, 37.452913], [27.2185143, 37.4198379], [27.220678, 37.4121994], [27.2301973, 37.4056413], [27.2268664, 37.4008111], [27.2100492, 37.3990462], [27.2099852, 37.3938051], [27.2180638, 37.3932419], [27.2084886, 37.3807901], [27.212097, 37.3768379], [27.2043931, 37.3730528], [27.2076274, 37.3682326], [27.2028363, 37.3607399], [27.192093, 37.3536814], [27.220968, 37.354261], [27.213545, 37.346696], [27.233293, 37.3501834], [27.2300048, 37.3428071], [27.236055, 37.342158], [27.2352332, 37.3389683], [27.2578616, 37.3373511], [27.2583484, 37.3347558], [27.2608362, 37.3335192], [27.2634709, 37.3341206], [27.2656013, 37.3369006], [27.2621205, 37.3338665], [27.2584771, 37.3352654], [27.2630185, 37.3359713], [27.2630432, 37.3409623], [27.2640959, 37.336937], [27.2625826, 37.3430908], [27.2816622, 37.3562555], [27.2960187, 37.3498458], [27.3075977, 37.3536516], [27.3056265, 37.3489731], [27.3128781, 37.3412551], [27.3145745, 37.3460691], [27.3184329, 37.3419034], [27.3301901, 37.3428521], [27.3334818, 37.348384], [27.3202216, 37.3606973], [27.3183117, 37.3689945], [27.3305194, 37.3720134], [27.3288261, 37.377944], [27.343002, 37.369255], [27.3596805, 37.372842], [27.3649367, 37.393244], [27.3761364, 37.405029], [27.4161516, 37.4159082], [27.4302007, 37.4021432], [27.4324963, 37.3825259], [27.4136743, 37.3831733], [27.405987, 37.3694122], [27.391259, 37.364738], [27.382686, 37.356161], [27.386189, 37.348956], [27.382923, 37.339462], [27.3883972, 37.3312946], [27.3854555, 37.3281459], [27.3939548, 37.3261198], [27.3886175, 37.322898], [27.4010124, 37.3211675], [27.3989851, 37.3145633], [27.4049381, 37.3141068], [27.4123805, 37.3051319], [27.4433231, 37.3029037], [27.471122, 37.320133], [27.477782, 37.330639], [27.470136, 37.342744], [27.4741377, 37.345425], [27.48039, 37.336023], [27.486345, 37.336513], [27.4826333, 37.3332932], [27.4848419, 37.3285737], [27.49243, 37.33212], [27.49799, 37.321565], [27.488232, 37.304907], [27.487837, 37.293605], [27.475748, 37.288517], [27.471467, 37.272349], [27.454337, 37.257002], [27.456871, 37.250827], [27.466228, 37.256827], [27.476503, 37.255374], [27.476272, 37.269761], [27.494906, 37.268143], [27.498501, 37.27712], [27.506879, 37.280038], [27.511026, 37.275268], [27.519075, 37.277031], [27.522425, 37.27342], [27.517042, 37.261883], [27.5250324, 37.2574474], [27.5142043, 37.2512025], [27.5223031, 37.2507629], [27.5103921, 37.2381837], [27.4982388, 37.2377934], [27.5069718, 37.2333256], [27.5050157, 37.2292263], [27.5225779, 37.22709], [27.5274817, 37.2294456], [27.5209286, 37.2394009], [27.5371123, 37.2447621], [27.534294, 37.2509225], [27.5517984, 37.2446098], [27.54055, 37.2543635], [27.5564644, 37.2776281], [27.5806489, 37.2711792], [27.5828325, 37.2791984], [27.5848557, 37.2739], [27.5882056, 37.2757445], [27.587936, 37.285443], [27.5963786, 37.2874541], [27.6021595, 37.2855722], [27.6001515, 37.2754534], [27.6078307, 37.2816797], [27.6129976, 37.2794543], [27.6101383, 37.2751607], [27.6174323, 37.2736531], [27.608223, 37.269413], [27.613496, 37.265533], [27.609597, 37.260415], [27.6187217, 37.260845], [27.6238323, 37.2582701], [27.628249, 37.261602], [27.6378791, 37.2547771], [27.6263643, 37.2515612], [27.6208482, 37.2596568], [27.610748, 37.2584048], [27.5991034, 37.2462053], [27.5977378, 37.2383807], [27.588813, 37.2374058], [27.5872052, 37.2230398], [27.5754423, 37.2150874], [27.593371, 37.199484], [27.604628, 37.201611], [27.60796, 37.196713], [27.60329, 37.194939], [27.6148397, 37.1872901], [27.609329, 37.187201], [27.601053, 37.196362], [27.595267, 37.195621], [27.6010527, 37.1919548], [27.5979906, 37.1900251], [27.5808253, 37.2071059], [27.5701565, 37.2113011], [27.554766, 37.1930437], [27.5442299, 37.1947793], [27.5427724, 37.1894706], [27.5259628, 37.1942595], [27.546375, 37.184425], [27.540546, 37.177515], [27.5442323, 37.1748767], [27.536985, 37.173421], [27.5404608, 37.1676388], [27.549938, 37.166682], [27.5395757, 37.1617083], [27.542936, 37.152585], [27.5493958, 37.1509031], [27.5552267, 37.157779], [27.5628734, 37.1533931], [27.5555821, 37.1520654], [27.5562052, 37.1368407], [27.5497479, 37.1359878], [27.5567733, 37.1336602], [27.572245, 37.1394826], [27.5812253, 37.1358532], [27.5718872, 37.1274334], [27.5372639, 37.1284088], [27.5314246, 37.1183295], [27.503488, 37.108443], [27.4984445, 37.1005468], [27.4884072, 37.100832], [27.4905014, 37.0943061], [27.4756882, 37.0884624], [27.4705501, 37.080514], [27.4572243, 37.082524], [27.4544269, 37.0882672], [27.4593923, 37.0963765], [27.445203, 37.0999523], [27.439708, 37.11756], [27.4298314, 37.1178349], [27.435093, 37.124], [27.431424, 37.12761], [27.421905, 37.117882], [27.413241, 37.117399], [27.4197765, 37.1280181], [27.4096759, 37.1283198], [27.4104087, 37.1348195], [27.3997638, 37.13065], [27.3956339, 37.1195647], [27.3863198, 37.1207388], [27.376293, 37.1332384], [27.389963, 37.144966], [27.3772934, 37.1420299], [27.377473, 37.150145], [27.368013, 37.151587], [27.3662253, 37.1563412], [27.3617523, 37.1553868], [27.3600072, 37.1414053], [27.3559193, 37.1415647], [27.3561341, 37.1470111], [27.3505693, 37.1441833], [27.3505573, 37.1345111], [27.3492381, 37.1311778], [27.3468835, 37.1306028], [27.3401964, 37.1331045], [27.3438764, 37.1504809], [27.3230919, 37.1591644], [27.3286435, 37.1460218], [27.3119903, 37.1384288], [27.3117134, 37.1339467], [27.3109174, 37.1320503], [27.3096433, 37.1319092], [27.3173708, 37.1275959], [27.319259, 37.120772], [27.3130025, 37.1157246], [27.3054863, 37.1239463], [27.303187, 37.1156684], [27.297496, 37.1237495], [27.2898785, 37.1218697], [27.2739338, 37.1404092], [27.2713493, 37.1339125], [27.2637612, 37.1340276], [27.264478, 37.1205177], [27.2531267, 37.1287973], [27.2563917, 37.1242723], [27.2540077, 37.1116756], [27.28074, 37.1208428], [27.2895697, 37.1198627], [27.2931553, 37.1116337], [27.2927534, 37.106689], [27.2854274, 37.1029208], [27.2818554, 37.106701], [27.2828923, 37.1019648], [27.2700914, 37.0987965], [27.2695902, 37.0968719], [27.2641293, 37.0923087], [27.2541135, 37.094123], [27.2515739, 37.0815076], [27.2389833, 37.0828901], [27.2352309, 37.0772772], [27.2388893, 37.066656], [27.2254912, 37.058444], [27.2294875, 37.0534118], [27.2340615, 37.0570517], [27.2369553, 37.0515944], [27.23009, 37.0401186], [27.2492028, 37.0317545], [27.2568289, 37.0052738], [27.2558562, 37.0050981], [27.2541237, 37.003338], [27.2548435, 36.9982706], [27.2559121, 37.0045795], [27.255933, 36.999082], [27.2595203, 36.9995941], [27.2550091, 36.9767775], [27.263903, 36.9642589], [27.272761, 36.9617059], [27.2793544, 36.9660732], [27.2865893, 36.957313], [27.2836174, 36.9654275], [27.2940093, 36.9682036], [27.3032861, 36.9571527], [27.3065913, 36.9621131], [27.3002943, 36.9728845], [27.312744, 36.979233], [27.3186154, 36.9776843], [27.331996, 36.988172], [27.3308377, 36.999545], [27.3406377, 36.9981702], [27.3390268, 37.0031412], [27.3299503, 37.0042099], [27.3278332, 37.0097488], [27.3323742, 37.0153279], [27.3476721, 37.0217738], [27.3635613, 37.0192132], [27.3664124, 37.0240631], [27.369948, 37.021586], [27.3732242, 37.0267298], [27.381947, 37.0266214], [27.3846069, 37.0236526], [27.3790914, 37.0192526], [27.375923, 36.998703], [27.384045, 37.0089808], [27.3890817, 37.0064429], [27.3884538, 37.0186689], [27.3959795, 37.029228], [27.4077749, 37.0297479], [27.3999564, 37.0187112], [27.408367, 37.0234409], [27.4122998, 37.0170845], [27.4121843, 37.0212878], [27.4193208, 37.0220035], [27.4167941, 37.0281781], [27.4249738, 37.0321631], [27.4242084, 37.0361897], [27.429689, 37.0341982], [27.4244886, 37.0308869], [27.4377926, 37.0318201], [27.4408287, 37.02726], [27.4363345, 37.0239562], [27.4505461, 37.0162658], [27.4507204, 37.0108354], [27.4644951, 36.9983281], [27.4809713, 36.9933914], [27.4823252, 36.9864045], [27.4893104, 36.98978], [27.502256, 36.9838175], [27.5183871, 36.9950556], [27.5492774, 36.9876699], [27.545374, 36.9831481], [27.5587304, 36.9855984], [27.5654311, 36.9749095], [27.5684308, 36.9766085], [27.5648843, 36.9826866], [27.569172, 36.9801809], [27.5756011, 36.9842012], [27.5610107, 36.9881575], [27.5853016, 36.9954822], [27.605206, 36.9914905], [27.6162681, 36.9814088], [27.6377934, 36.978012], [27.6476482, 36.9803669], [27.6416877, 36.9851628], [27.6482389, 36.9984808], [27.6630231, 36.9948193], [27.6851981, 37.0037227], [27.706973, 36.9965334], [27.7213373, 37.0027833], [27.7325216, 37.0015752], [27.7332795, 36.9931143], [27.7564151, 37.0009112], [27.7584314, 36.9903465], [27.7632649, 36.994287], [27.7753915, 36.992471], [27.7766519, 36.9990632], [27.779326, 36.9927684], [27.7817356, 36.9924885], [27.7889787, 36.9986789], [27.7879559, 37.0061629], [27.8007465, 37.0022635], [27.7987925, 36.9950583], [27.8212195, 37.012217], [27.8346153, 37.0118874], [27.8447273, 37.018915], [27.8930454, 37.0286963], [27.9064992, 37.0232714], [27.9275423, 37.0304654], [27.9454321, 37.0162409], [27.9684884, 37.0206915], [27.977825, 37.0321318], [28.0265667, 37.0218388], [28.065719, 37.0255499], [28.0782652, 37.0220598], [28.0886227, 37.0292491], [28.0903742, 37.0210977], [28.1015055, 37.0201566], [28.096799, 37.0145164], [28.0994553, 37.0121237], [28.1155089, 37.0159215], [28.1111261, 37.0196397], [28.1134835, 37.0229667], [28.0977868, 37.0284538], [28.1010241, 37.0347822], [28.1637213, 37.029054], [28.1974562, 37.0401432], [28.2409278, 37.0385261], [28.2753703, 37.0496991], [28.3288816, 37.0519021], [28.326713, 37.02605], [28.2676573, 37.0159165], [28.2659506, 37.0111125], [28.2450041, 37.0029665], [28.2572562, 36.9955436], [28.2500573, 36.9889085], [28.2327902, 36.9916354], [28.2206727, 36.9997234], [28.2132145, 36.9938755], [28.2150131, 36.985261], [28.1966042, 36.9826501], [28.2162353, 36.9774824], [28.2007719, 36.9692347], [28.206626, 36.959126], [28.2023064, 36.9487983], [28.1928961, 36.9482312], [28.1894977, 36.9399023], [28.185037, 36.9422957], [28.1875518, 36.9478018], [28.1776281, 36.9476341], [28.1744647, 36.9519305], [28.1755623, 36.9457611], [28.1685013, 36.9512192], [28.1581352, 36.9450328], [28.170961, 36.9394783], [28.1646673, 36.9386016], [28.1623858, 36.9371878], [28.1604792, 36.9335093], [28.1679446, 36.9356229], [28.1656976, 36.9315787], [28.1729103, 36.9267059], [28.1663499, 36.9195394], [28.173064, 36.920671], [28.1644436, 36.913341], [28.1672893, 36.9072829], [28.1596119, 36.907669], [28.1616688, 36.9169895], [28.1551681, 36.9230852], [28.1595879, 36.9212536], [28.15923, 36.926202], [28.1485763, 36.92868], [28.1506374, 36.9230321], [28.1458031, 36.9188859], [28.1384829, 36.9281997], [28.1389829, 36.9348417], [28.1344117, 36.9293568], [28.123821, 36.9380303], [28.1173306, 36.9322532], [28.0965329, 36.9408201], [28.09934, 36.933708], [28.0924487, 36.9306105], [28.097599, 36.935008], [28.072422, 36.942432], [28.061118, 36.935083], [28.046734, 36.936366], [28.043192, 36.934728], [28.069071, 36.931672], [28.072543, 36.928301], [28.060718, 36.929306], [28.041406, 36.921128], [28.020986, 36.925416], [28.027041, 36.923565], [28.023146, 36.919488], [28.039448, 36.918319], [28.044139, 36.910314], [28.015124, 36.905684], [28.026772, 36.903529], [28.031814, 36.897833], [28.05132, 36.897405], [28.0409, 36.883881], [28.0512071, 36.8798394], [28.0585114, 36.8839147], [28.0563638, 36.8717355], [28.046463, 36.869703], [28.059241, 36.868819], [28.03681, 36.865163], [28.030298, 36.856485], [28.015046, 36.863552], [28.016403, 36.857375], [28.001475, 36.852621], [28.014594, 36.853537], [28.012299, 36.849189], [28.018022, 36.846828], [28.012245, 36.845079], [28.0269912, 36.8383013], [28.0313207, 36.8395567], [28.0321464, 36.8391024], [28.0328439, 36.839276], [28.0332434, 36.8390791], [28.0277845, 36.8370409], [28.004144, 36.83667], [28.002522, 36.834885], [28.022556, 36.827264], [28.035084, 36.832037], [28.046867, 36.828979], [28.0578304, 36.8358799], [28.051297, 36.825729], [28.064699, 36.824325], [28.063822, 36.818681], [28.055966, 36.816696], [28.060063, 36.800988], [28.042009, 36.800634], [28.045299, 36.795981], [28.0321249, 36.7956169], [28.0353683, 36.7900579], [28.0323771, 36.7870676], [28.0169943, 36.7941257], [28.016152, 36.790068], [28.011832, 36.789462], [28.012877, 36.796004], [28.0069335, 36.7921664], [28.0060595, 36.7985534], [28.0007592, 36.795397], [27.9898489, 36.7980653], [27.991421, 36.8009619], [27.974235, 36.7952894], [27.940419, 36.8014525], [27.9203518, 36.7973846], [27.9038491, 36.810076], [27.8579063, 36.804152], [27.81628, 36.813316], [27.7920682, 36.8015165], [27.7835924, 36.8032046], [27.7722735, 36.7889558], [27.7207811, 36.7843092], [27.6908951, 36.7868381], [27.6814261, 36.7996111], [27.640843, 36.811051], [27.642197, 36.801153], [27.623957, 36.797396], [27.6284636, 36.7823392], [27.608836, 36.76369], [27.581726, 36.767936], [27.536282, 36.753891], [27.5036576, 36.7494475], [27.488419, 36.7546601], [27.475918, 36.750679], [27.4757842, 36.7583513], [27.464979, 36.7626952], [27.454241, 36.756288], [27.4545623, 36.748935], [27.448109, 36.745134], [27.4279585, 36.7486048], [27.4237474, 36.7371663], [27.4202015, 36.7408704], [27.416596, 36.732789], [27.4241395, 36.7267002], [27.421917, 36.713501], [27.3964846, 36.7006565], [27.38873, 36.7068677], [27.3827902, 36.7030933], [27.3615345, 36.7091604], [27.3734876, 36.6902721], [27.3724077, 36.6856024], [27.3633774, 36.6882848], [27.3633021, 36.6846896], [27.4022237, 36.6804137], [27.4050977, 36.6627864], [27.4235526, 36.670577], [27.4382335, 36.6622421], [27.4683063, 36.6617447], [27.4683374, 36.6524494], [27.4762821, 36.6550088], [27.4771614, 36.6473463], [27.4839982, 36.6568878], [27.4920447, 36.658441], [27.4902666, 36.6617082], [27.4991158, 36.6632787], [27.5162565, 36.6779565], [27.5326668, 36.6710027], [27.5348096, 36.676025], [27.5427417, 36.6740941], [27.5545702, 36.6819037], [27.5615971, 36.6791587], [27.5605065, 36.6722532], [27.5742269, 36.6851814], [27.582973, 36.679549], [27.5956972, 36.6825047], [27.597639, 36.678578], [27.606927, 36.683413], [27.627564, 36.671487], [27.639396, 36.675278], [27.651735, 36.663393], [27.67911, 36.657588], [27.671475, 36.659686], [27.675064, 36.6643007], [27.6715315, 36.6829651], [27.679614, 36.696894], [27.6756889, 36.7007578], [27.6809505, 36.7044508], [27.6908872, 36.7026268], [27.696175, 36.711185], [27.6957085, 36.7179946], [27.6876002, 36.7192643], [27.6916847, 36.7229478], [27.6865071, 36.7256231], [27.7007197, 36.7342757], [27.7127695, 36.7532152], [27.72632, 36.760975], [27.7517713, 36.763515], [27.7805156, 36.7556809], [27.7905325, 36.7606742], [27.7957108, 36.7553154], [27.8077416, 36.7642468], [27.833874, 36.756159], [27.8364755, 36.7450909], [27.849113, 36.748344], [27.858299, 36.741855], [27.871098, 36.74446], [27.868582, 36.747818], [27.8760369, 36.7576619], [27.8888158, 36.755456], [27.8870774, 36.74708], [27.897875, 36.741178], [27.8986587, 36.7474857], [27.8912483, 36.7521924], [27.8942233, 36.7563919], [27.91524, 36.751836], [27.919428, 36.755015], [27.925375, 36.745078], [27.921192, 36.742285], [27.930453, 36.742598], [27.955263, 36.761155], [27.967859, 36.759898], [27.96617, 36.752461], [27.962176, 36.752237], [27.965029, 36.750543], [27.975713, 36.762274], [27.98395, 36.757197], [28.00768, 36.76509], [28.015905, 36.75924], [28.022722, 36.76766], [28.031006, 36.766304], [28.0413153, 36.7830015], [28.050377, 36.7872894], [28.0392634, 36.7729505], [28.0508387, 36.7596376], [28.054195, 36.760816], [28.049511, 36.765115], [28.062591, 36.764228], [28.064973, 36.774868], [28.078233, 36.775391], [28.081879, 36.784864], [28.073626, 36.788535], [28.081825, 36.792314], [28.080594, 36.795665], [28.090479, 36.794418], [28.102418, 36.802786], [28.1254765, 36.8060609], [28.1258504, 36.8044807], [28.1245687, 36.8028225], [28.1254059, 36.8024656], [28.1279717, 36.8055521], [28.1249825, 36.8003499], [28.1315652, 36.7935758], [28.1221071, 36.7739403], [28.1301077, 36.7695219], [28.1314985, 36.7530228], [28.1268887, 36.7541209], [28.1125327, 36.7747211], [28.1094154, 36.7708323], [28.1144678, 36.7641003], [28.1093125, 36.7624425], [28.0999598, 36.7685417], [28.0843682, 36.7480456], [28.088444, 36.740872], [28.122509, 36.734647], [28.1287865, 36.7248953], [28.1135805, 36.7279539], [28.1134951, 36.7164107], [28.097844, 36.7048314], [28.0892663, 36.708171], [28.0853848, 36.717979], [28.0975099, 36.7268861], [28.0886692, 36.7228938], [28.0883292, 36.7283335], [28.0625774, 36.7230907], [28.0444072, 36.715827], [28.0422857, 36.7108544], [28.0432405, 36.7098791], [28.0429723, 36.706642], [28.0437042, 36.7035777], [28.0434331, 36.7028098], [28.0354138, 36.7082075], [28.0272009, 36.7049777], [28.0173969, 36.7083597], [28.0095128, 36.6977796], [28.0073164, 36.7054752], [27.9908806, 36.6937464], [27.9861489, 36.697518], [27.9812427, 36.6938839], [27.9864513, 36.687136], [27.9811036, 36.6832019], [27.9777016, 36.683173], [27.9773998, 36.6936108], [27.972622, 36.6849436], [27.9642411, 36.6835732], [27.9642085, 36.6756166], [27.9702359, 36.6787504], [27.9930442, 36.6705962], [28.0016883, 36.675256], [28.007468, 36.6689564], [28.0148115, 36.6723239], [28.0240139, 36.6683216], [28.0403249, 36.6746226], [28.0405707, 36.6820559], [28.0337165, 36.6866308], [28.0416154, 36.6936473], [28.0522381, 36.6838934], [28.0482821, 36.6746083], [28.0729935, 36.6755618], [28.0615302, 36.6589841], [28.0528381, 36.6582227], [28.054382, 36.654343], [28.0680493, 36.6565279], [28.0686843, 36.6555072], [28.0664393, 36.6526625], [28.0619507, 36.6511139], [28.0689231, 36.6487762], [28.0730694, 36.6602318], [28.0818481, 36.6611267], [28.0952558, 36.6460165], [28.0954343, 36.6408004], [28.080167, 36.62842], [28.0778836, 36.620433], [28.0638234, 36.6125793], [28.0640548, 36.6049675], [28.049614, 36.608397], [28.0450487, 36.6043964], [28.031683, 36.602002], [27.9728581, 36.6118527], [27.9744023, 36.6083385], [27.9631609, 36.6070806], [27.9565189, 36.6010366], [27.9794089, 36.5865554], [27.9655733, 36.581093], [27.9814483, 36.5674271], [27.9787373, 36.5536008], [27.9975646, 36.5684608], [28.0040271, 36.5630005], [28.0048029, 36.5665431], [28.0182094, 36.5652407], [28.0126782, 36.5672813], [28.0100125, 36.5764255], [28.0276862, 36.5680822], [28.0244006, 36.5611782], [28.034768, 36.5628358], [28.0403079, 36.5707235], [28.0498152, 36.5721005], [28.0506903, 36.5769993], [28.0434906, 36.5762589], [28.0482861, 36.5852822], [28.0515011, 36.5783381], [28.0659601, 36.5952227], [28.0792106, 36.59595], [28.079757, 36.5882225], [28.0886853, 36.5824222], [28.114984, 36.600353], [28.116536, 36.60856], [28.145903, 36.644249], [28.142488, 36.650447], [28.152061, 36.661659], [28.16329, 36.666174], [28.1545049, 36.6738955], [28.1650616, 36.6804695], [28.1634506, 36.6844034], [28.1762007, 36.6793637], [28.191676, 36.687088], [28.197726, 36.686386], [28.200029, 36.690858], [28.225195, 36.688675], [28.220545, 36.697201], [28.234163, 36.700914], [28.2244935, 36.7004129], [28.2384539, 36.7107644], [28.2383718, 36.7173901], [28.2475863, 36.7160419], [28.2470069, 36.7230112], [28.2562091, 36.7318517], [28.2662785, 36.7303088], [28.276636, 36.7366665], [28.2821657, 36.7318807], [28.2831601, 36.7215431], [28.2900733, 36.7201607], [28.3034857, 36.7304075], [28.2925439, 36.7334312], [28.2999744, 36.7377456], [28.2927952, 36.7484141], [28.2859726, 36.7503912], [28.2749435, 36.7444639], [28.2688683, 36.7477565], [28.267546, 36.7553568], [28.271644, 36.75858], [28.265387, 36.7614976], [28.2678156, 36.7659157], [28.248729, 36.772953], [28.249611, 36.778082], [28.2554615, 36.7791794], [28.2520864, 36.7829595], [28.2563669, 36.791557], [28.2329153, 36.8051919], [28.2438618, 36.8179362], [28.2446014, 36.8320656], [28.2622531, 36.8486883], [28.2808653, 36.8528473], [28.2798499, 36.848806], [28.2944491, 36.8388068], [28.295762, 36.8332655], [28.3157819, 36.8263968], [28.3124952, 36.8174721], [28.2940349, 36.8193103], [28.280037, 36.8112399], [28.2659017, 36.8139857], [28.273377, 36.8061261], [28.270197, 36.7983294], [28.2741189, 36.7961031], [28.2860471, 36.7910007], [28.2936465, 36.7963905], [28.3133873, 36.7946229], [28.3014088, 36.8033022], [28.3099839, 36.8176465], [28.3377418, 36.8073414], [28.3535498, 36.8068486], [28.3655232, 36.7958822], [28.3777715, 36.7983285], [28.3820418, 36.788111], [28.398564, 36.785286], [28.40676, 36.788144], [28.414177, 36.809379], [28.424397, 36.817734], [28.4267163, 36.8353534], [28.4048244, 36.8398228], [28.3874041, 36.8339462], [28.378916, 36.8473], [28.395317, 36.85276], [28.402929, 36.866928], [28.407392, 36.866233], [28.40749, 36.854158], [28.4198624, 36.8556814], [28.4440308, 36.8657547], [28.4456343, 36.8800782], [28.460635, 36.875096], [28.459754, 36.879217], [28.460398, 36.879466], [28.461448, 36.875856], [28.460789, 36.874837], [28.458628, 36.8737296], [28.462789, 36.870702], [28.4541216, 36.869518], [28.4684281, 36.8663769], [28.4683217, 36.8558775], [28.4655114, 36.8518485], [28.4548627, 36.8520548], [28.4509496, 36.8447402], [28.456561, 36.837382], [28.4502888, 36.8369031], [28.455447, 36.829175], [28.451671, 36.823827], [28.457087, 36.82299], [28.461355, 36.812148], [28.497723, 36.818496], [28.5025096, 36.8113869], [28.4895029, 36.7996404], [28.498783, 36.798194], [28.5027319, 36.7909447], [28.510627, 36.799458], [28.519265, 36.800119], [28.520649, 36.789311], [28.537511, 36.786012], [28.541853, 36.795461], [28.529, 36.799737], [28.5284499, 36.8065983], [28.5488744, 36.8144697], [28.5454177, 36.8192605], [28.5500384, 36.8220411], [28.5494335, 36.8304548], [28.5590428, 36.8315013], [28.5656831, 36.8251088], [28.5628896, 36.8197868], [28.5715552, 36.8162163], [28.5764443, 36.8181781], [28.587953, 36.815919], [28.5962479, 36.8067702], [28.5941869, 36.799116], [28.5978291, 36.7993089], [28.5986482, 36.8010974], [28.6034697, 36.8020038], [28.6296541, 36.7801708], [28.630361, 36.774243], [28.617202, 36.771083], [28.612007, 36.759336], [28.6330911, 36.7584134], [28.633459, 36.754676], [28.627539, 36.753987], [28.620395, 36.740726], [28.611596, 36.739689], [28.6071186, 36.7331774], [28.6197631, 36.7360351], [28.619047, 36.729698], [28.624769, 36.728592], [28.620481, 36.721971], [28.624201, 36.716783], [28.615677, 36.713559], [28.617551, 36.704029], [28.632779, 36.699967], [28.6486246, 36.7229483], [28.6562946, 36.7171375], [28.664455, 36.719052], [28.6669262, 36.7074156], [28.674396, 36.706582], [28.6700307, 36.691739], [28.723505, 36.705495], [28.7872786, 36.6861375], [28.807189, 36.668676], [28.79856, 36.6662396], [28.793873, 36.651408], [28.8189191, 36.6595206], [28.8310781, 36.6470284], [28.8307303, 36.6388555], [28.8424146, 36.6425531], [28.8521897, 36.6380026], [28.8244785, 36.6254548], [28.828244, 36.621857], [28.824994, 36.612402], [28.8448449, 36.5973822], [28.8460107, 36.5886032], [28.8605302, 36.601171], [28.875563, 36.601855], [28.8679597, 36.60549], [28.8666315, 36.6157975], [28.871783, 36.616814], [28.8651873, 36.6175964], [28.867086, 36.6220738], [28.8758243, 36.6213681], [28.8734438, 36.624953], [28.8814399, 36.6255637], [28.8801946, 36.6307848], [28.8916913, 36.6301571], [28.8853975, 36.6327775], [28.8867748, 36.6361049], [28.8977337, 36.6421223], [28.9065216, 36.6397758], [28.9036727, 36.6454117], [28.908197, 36.6478645], [28.8975703, 36.6491205], [28.892964, 36.642425], [28.8792424, 36.6483701], [28.8771491, 36.6382238], [28.881579, 36.635141], [28.871914, 36.6332637], [28.8631367, 36.6408565], [28.867595, 36.6422368], [28.8648411, 36.6440235], [28.8545863, 36.6399508], [28.8494117, 36.6427958], [28.8659685, 36.6539734], [28.8504088, 36.6621995], [28.8680777, 36.6705909], [28.8572523, 36.6758204], [28.8677377, 36.6862625], [28.8636354, 36.6959421], [28.876921, 36.6934465], [28.8790614, 36.7011414], [28.9005135, 36.6980142], [28.897505, 36.7023279], [28.9089436, 36.7079034], [28.8913383, 36.7095099], [28.9093655, 36.7132105], [28.9139668, 36.7236324], [28.9084195, 36.7234267], [28.9139824, 36.7297591], [28.9196874, 36.7279215], [28.919424, 36.7332074], [28.9298924, 36.7348795], [28.9241645, 36.7414163], [28.9304009, 36.7508867], [28.9253174, 36.7478062], [28.9196015, 36.7518916], [28.9287725, 36.7555152], [28.9414041, 36.7538035], [28.9425993, 36.7452603], [28.960293, 36.733042], [28.9647813, 36.722402], [28.9648113, 36.7296733], [28.9712481, 36.7314064], [28.9961891, 36.7083481], [29.000193, 36.708745], [28.9994, 36.715052], [29.0088187, 36.7103793], [29.0197692, 36.7159014], [29.0219465, 36.7118207], [29.0141193, 36.7041552], [29.0201742, 36.7015094], [29.0235527, 36.7075824], [29.0281538, 36.7040738], [29.0330957, 36.7083315], [29.0333743, 36.6951327], [29.0550301, 36.6820366], [29.0938568, 36.6778876], [29.1068739, 36.6644934], [29.1100676, 36.6525308], [29.1163588, 36.6542851], [29.1219977, 36.6477409], [29.1157052, 36.6253277], [29.0885085, 36.620361], [29.0929743, 36.631498], [29.1006817, 36.6310552], [29.1014289, 36.6411162], [29.0968808, 36.6379946], [29.0910562, 36.644716], [29.0860007, 36.6419578], [29.077436, 36.6458921], [29.0736833, 36.6421191], [29.0793002, 36.6320983], [29.073877, 36.6280525], [29.0796825, 36.6216534], [29.0724282, 36.6215034], [29.0753286, 36.6140984], [29.061694, 36.6182454], [29.053334, 36.6133447], [29.0449398, 36.6215198], [29.0407127, 36.6195815], [29.0278251, 36.6011301], [29.0300626, 36.5915002], [29.0228547, 36.5875156], [29.0231321, 36.5824653], [29.0345296, 36.5786152], [29.0307171, 36.5692063], [29.0464292, 36.5657908], [29.0474264, 36.5586459], [29.0263148, 36.5469603], [29.015812, 36.5489631], [29.0085945, 36.5440133], [29.0266728, 36.5385104], [29.0340832, 36.5444175], [29.0404503, 36.5385929], [29.0527276, 36.539136], [29.0571822, 36.5434968], [29.0508594, 36.5470947], [29.0490092, 36.5589457], [29.0811099, 36.5581901], [29.0820416, 36.5639878], [29.0882754, 36.5664233], [29.0965163, 36.5510184], [29.0938416, 36.5478979], [29.1109331, 36.5434462], [29.1126251, 36.5478638], [29.1098941, 36.548435], [29.1034237, 36.5540222], [29.1113242, 36.5549316], [29.1177193, 36.5512994], [29.1106757, 36.5489988], [29.1266467, 36.5408343], [29.1264216, 36.5207399], [29.1186976, 36.5052037], [29.1267986, 36.4981907], [29.1153347, 36.4967746], [29.111566, 36.4849901], [29.1009902, 36.474872], [29.1140894, 36.4627484], [29.1234639, 36.4624752], [29.1255281, 36.4603101], [29.1202914, 36.4549424], [29.1244429, 36.4499718], [29.1213263, 36.4422077], [29.129916, 36.4448296], [29.134276, 36.428474], [29.1176359, 36.4255197], [29.1300591, 36.4209324], [29.1321386, 36.415454], [29.114298, 36.412646], [29.1112043, 36.4055], [29.1029001, 36.404257], [29.1010958, 36.3877365], [29.1093538, 36.3860667], [29.1112853, 36.3911018], [29.1210674, 36.3922062], [29.1215363, 36.3835026], [29.1255984, 36.3829953], [29.118896, 36.3758239], [29.1475513, 36.3784166], [29.1407211, 36.3693565], [29.1435337, 36.3660682], [29.1384631, 36.3644941], [29.1395154, 36.3589378], [29.1647729, 36.3551633], [29.1607134, 36.3472985], [29.1649209, 36.3415408], [29.1829429, 36.3433196], [29.1866374, 36.3346147], [29.1948945, 36.3366279], [29.210439, 36.3282169], [29.2078212, 36.3235622], [29.2261015, 36.3281213], [29.3138173, 36.2468929], [29.3302077, 36.2479679], [29.3531325, 36.2301202], [29.3690824, 36.2382425], [29.3748236, 36.2511735], [29.3695759, 36.2632486], [29.3870679, 36.2612136], [29.3923277, 36.2650264], [29.4013598, 36.2583747], [29.4140982, 36.2631147], [29.4175644, 36.2596776], [29.4152339, 36.2517024], [29.4047481, 36.243703], [29.4127338, 36.2243889], [29.4303308, 36.2325614], [29.4512156, 36.2279305], [29.454098, 36.2206948], [29.477631, 36.2118626], [29.5679338, 36.2099014], [29.573599, 36.20263], [29.5856866, 36.2010593], [29.6111593, 36.2084523], [29.6314845, 36.2050982], [29.6315298, 36.2010604], [29.6115797, 36.2038413], [29.5840175, 36.186977], [29.6092948, 36.1878295], [29.6088961, 36.1917111], [29.6124489, 36.1972644], [29.6247206, 36.1998569], [29.6439896, 36.1975042], [29.6515888, 36.1917436], [29.6512121, 36.1738348], [29.6435546, 36.174077], [29.6413371, 36.1832359], [29.6312578, 36.1693032], [29.6418289, 36.1654196], [29.6443027, 36.1593186], [29.6508831, 36.1604626], [29.6576806, 36.1529252], [29.6526141, 36.1504648], [29.655216, 36.147663], [29.6651422, 36.1464521], [29.66774, 36.1519203], [29.678131, 36.1535688], [29.6758023, 36.1492029], [29.6839977, 36.1309698], [29.6936713, 36.1484902], [29.7003476, 36.1444551], [29.7002595, 36.1486238], [29.7097535, 36.1485672], [29.7132981, 36.1570431], [29.7210604, 36.1634356], [29.7292802, 36.1633891], [29.7362234, 36.156432], [29.7464213, 36.1624947], [29.7556494, 36.1545246], [29.7715601, 36.1605583], [29.7876317, 36.1591938], [29.7566664, 36.142258], [29.7770686, 36.1371212], [29.7847784, 36.1443237], [29.7930952, 36.1433746], [29.8293554, 36.1677505], [29.7999168, 36.1626774], [29.80079, 36.165805], [29.8151646, 36.1760146], [29.8231604, 36.1757796], [29.8215951, 36.183328], [29.8311691, 36.1776244], [29.8374965, 36.1873359], [29.8500198, 36.1921397], [29.8316413, 36.1858793], [29.8278185, 36.1886341], [29.8486371, 36.1972189], [29.8638761, 36.196707], [29.8538451, 36.1922773], [29.8574617, 36.1889823], [29.8581985, 36.1899557], [29.8681915, 36.1912298], [29.8692993, 36.1932424], [29.8869239, 36.1939265], [29.8878589, 36.2003137], [29.8977669, 36.2024378], [29.8897189, 36.2046471], [29.894009, 36.206993], [29.8881807, 36.2123222], [29.9073329, 36.2162038], [29.9034312, 36.2188323], [29.9063478, 36.2252496], [29.9029076, 36.2253363], [29.9208152, 36.2291908], [29.9222434, 36.2340844], [29.9415966, 36.2289608], [29.945169, 36.2241837], [29.9404078, 36.2232798], [29.9455631, 36.2197292], [29.9765894, 36.2207259], [29.9813974, 36.2180841], [29.9794436, 36.215049], [29.9808174, 36.2152011], [29.982048, 36.2124989], [29.9837146, 36.2117406], [29.9887728, 36.2135366], [29.9819111, 36.2142016], [29.9869961, 36.214031], [29.9915546, 36.224711], [30.0698061, 36.2602128], [30.0850064, 36.2500076], [30.1143718, 36.2469362], [30.1198462, 36.2509702], [30.1212522, 36.2630592], [30.1280442, 36.2622301], [30.1388119, 36.2788499], [30.143735, 36.2763156], [30.1418265, 36.2663263], [30.1525799, 36.2746065], [30.1493806, 36.2893713], [30.1534077, 36.2946653], [30.1501167, 36.2922811], [30.1486588, 36.2956658], [30.1520025, 36.2948441], [30.1471111, 36.2966833], [30.1496277, 36.3015672], [30.1911589, 36.3146873], [30.2727626, 36.314379], [30.2741675, 36.3182003], [30.3208369, 36.3003538], [30.3660063, 36.2724763], [30.3693733, 36.2693019], [30.3718992, 36.2723203], [30.3748155, 36.273071], [30.3766485, 36.2725327], [30.3792274, 36.2735186], [30.3812409, 36.2763821], [30.3868184, 36.2741697], [30.3891964, 36.2787821], [30.3957166, 36.273545], [30.4070672, 36.2753949], [30.4137605, 36.2644277], [30.3986973, 36.2466023], [30.4074231, 36.2406497], [30.4011056, 36.2326713], [30.4053336, 36.2284499], [30.4033701, 36.2107804], [30.4129086, 36.2142868], [30.4211184, 36.2288977], [30.4333907, 36.2320411], [30.4377954, 36.2454278], [30.4476489, 36.2529654], [30.4521799, 36.2511656], [30.4508809, 36.2580641], [30.4605293, 36.2570399], [30.463114, 36.265833], [30.4875465, 36.2793239], [30.4842923, 36.2879857], [30.4881951, 36.2992189], [30.4712835, 36.2968699], [30.465835, 36.304293], [30.4668195, 36.3141436], [30.4876935, 36.3165083], [30.490666, 36.3238902], [30.4967862, 36.3274649], [30.5066077, 36.3236286], [30.5085576, 36.3324421], [30.5171674, 36.3296649], [30.5291243, 36.3346755], [30.5273778, 36.3437261], [30.511368, 36.344422], [30.508457, 36.356049], [30.5030735, 36.3535493], [30.5036688, 36.3616926], [30.5055918, 36.3617931], [30.5073471, 36.3595059], [30.5083054, 36.360319], [30.5048355, 36.3662507], [30.5048856, 36.369927], [30.497732, 36.3653246], [30.4852209, 36.3817827], [30.485754, 36.3922723], [30.4761322, 36.3975496], [30.4864119, 36.4205808], [30.491674, 36.4218032], [30.4809611, 36.4348616], [30.509278, 36.4401776], [30.5114334, 36.4544441], [30.5173366, 36.4565743], [30.5099075, 36.4593197], [30.5065279, 36.467644], [30.5077247, 36.4692503], [30.5171321, 36.4700663], [30.5154583, 36.4740245], [30.5211804, 36.4741491], [30.5164575, 36.479345], [30.5226209, 36.4790301], [30.544039, 36.51021], [30.5411951, 36.5217523], [30.548908, 36.523977], [30.55269, 36.520074], [30.5512531, 36.5273409], [30.565645, 36.533182], [30.556878, 36.5348106], [30.5605891, 36.5371226], [30.5577129, 36.5410676], [30.5885183, 36.5793099], [30.5853421, 36.5849703], [30.5856475, 36.5852723], [30.5879903, 36.5850012], [30.58866, 36.5854067], [30.5899147, 36.5901858], [30.5924536, 36.5918606], [30.5892574, 36.5988636], [30.5778945, 36.5958215], [30.5779981, 36.6006218], [30.5684505, 36.601732], [30.5566122, 36.6219019], [30.5605524, 36.6439469], [30.5546885, 36.6482612], [30.5700999, 36.6756714], [30.5754341, 36.7024505], [30.5618516, 36.7270026], [30.5636741, 36.7270206], [30.5660341, 36.73672], [30.5701393, 36.7452024], [30.5704125, 36.7453076], [30.5678852, 36.7514182], [30.5750246, 36.7954672], [30.5777798, 36.7999336], [30.580755, 36.7984353], [30.5849392, 36.8017858], [30.5783394, 36.8004353], [30.596586, 36.823034], [30.6042306, 36.8294604], [30.6103712, 36.8283828], [30.6170406, 36.8339574], [30.6052177, 36.8301397], [30.6085622, 36.8345911], [30.6044198, 36.8375649], [30.6057902, 36.839352], [30.6130984, 36.8381547], [30.6128093, 36.8345016], [30.6139843, 36.8415521], [30.6339143, 36.858675], [30.6788007, 36.8838989], [30.7025021, 36.885137], [30.707503, 36.8748], [30.7154886, 36.8730171], [30.730711, 36.85765], [30.7446354, 36.8547115], [30.7578632, 36.8453909], [30.7890934, 36.8528173], [30.7992806, 36.8452892], [31.0040744, 36.8576179], [31.056137, 36.8503403], [31.0800172, 36.8412536], [31.2011493, 36.8273757], [31.221926, 36.8206905], [31.2449361, 36.8212038], [31.2467697, 36.8246218], [31.2465497, 36.8212998], [31.2653984, 36.8169342], [31.2932829, 36.8165049], [31.3405715, 36.8065163], [31.3378973, 36.8040518], [31.362771, 36.7970925], [31.388477, 36.77861], [31.3914808, 36.7720429], [31.3827422, 36.7667637], [31.3862325, 36.7635996], [31.393373, 36.765959], [31.417216, 36.755489], [31.460788, 36.74784], [31.551431, 36.714811], [31.635837, 36.6720396], [31.6641328, 36.6492012], [31.6731065, 36.6485793], [31.672162, 36.644092], [31.6858475, 36.6493909], [31.7258304, 36.6379172], [31.7355131, 36.6416774], [31.7740182, 36.614675], [31.7753794, 36.608288], [31.7708224, 36.6069646], [31.7773925, 36.603562], [31.7872483, 36.6069074], [31.8159363, 36.5937048], [31.830173, 36.595029], [31.8641872, 36.5856888], [31.9189234, 36.5635734], [31.9453808, 36.5592234], [31.9481998, 36.5569412], [31.9516941, 36.5574306], [31.9471603, 36.5581732], [31.9478998, 36.5602591], [31.9610956, 36.5586793], [31.9886304, 36.5410372], [31.9856813, 36.5272755], [32.0000765, 36.5306524], [31.9984038, 36.5358532], [32.0046646, 36.5389484], [31.998928, 36.5393306], [32.0054655, 36.5428175], [32.0207468, 36.540951], [32.0770053, 36.5042636], [32.1174366, 36.4661351], [32.1345223, 36.4374756], [32.1489588, 36.4315028], [32.16524, 36.41766], [32.2138281, 36.338909], [32.2750915, 36.2888119], [32.2801797, 36.2645136], [32.2755804, 36.2629789], [32.285629, 36.2542716], [32.2953286, 36.2351445], [32.3294547, 36.2219388], [32.3328613, 36.2162065], [32.351514, 36.208386], [32.3519538, 36.2057173], [32.3603483, 36.2007841], [32.374525, 36.185384], [32.3798346, 36.1729647], [32.388905, 36.170299], [32.389591, 36.163622], [32.412729, 36.16271], [32.4161964, 36.1535203], [32.4214057, 36.1532638], [32.4365748, 36.1420687], [32.4401789, 36.1427598], [32.441737, 36.138182], [32.460452, 36.134541], [32.482123, 36.114467], [32.488558, 36.1135605], [32.488489, 36.109355], [32.49576, 36.111313], [32.501499, 36.105042], [32.511945, 36.105599], [32.520868, 36.096128], [32.549692, 36.093798], [32.5644795, 36.1004578], [32.5926642, 36.0791839], [32.608348, 36.076275], [32.619445, 36.072457], [32.642281, 36.061864], [32.6670048, 36.0443708], [32.772758, 36.02942], [32.7911692, 36.0254897], [32.8029936, 36.0167224], [32.8136682, 36.0334414], [32.836726, 36.0425058], [32.869368, 36.0710553], [32.907133, 36.086386], [32.930557, 36.088843], [32.9356526, 36.0964531], [32.9392806, 36.0951228], [32.9423986, 36.0978331], [32.9386995, 36.0954747], [32.9375613, 36.0993439], [32.9476139, 36.1034215], [32.9906121, 36.0960353], [33.0004735, 36.0992877], [33.0236031, 36.0906425], [33.0284531, 36.0963191], [33.0509698, 36.0954013], [33.0528188, 36.090669], [33.0654795, 36.0913607], [33.0710107, 36.0872857], [33.0700057, 36.0823468], [33.082443, 36.0807192], [33.0781637, 36.0705995], [33.0811661, 36.0699562], [33.0889976, 36.078768], [33.087893, 36.087804], [33.092007, 36.086259], [33.093917, 36.095764], [33.099931, 36.094732], [33.097719, 36.09756], [33.109283, 36.10346], [33.1242227, 36.1295313], [33.1459744, 36.1381398], [33.1610226, 36.1383815], [33.1956001, 36.1278327], [33.224175, 36.1300419], [33.2312086, 36.1267851], [33.2550778, 36.1326876], [33.2891668, 36.1294563], [33.2952327, 36.1356917], [33.296041, 36.131022], [33.303645, 36.131517], [33.3270569, 36.1474946], [33.3509153, 36.1546041], [33.36006, 36.1481703], [33.357694, 36.141518], [33.389198, 36.138079], [33.393884, 36.12496], [33.4045098, 36.1306722], [33.4037637, 36.1371612], [33.4137005, 36.1384867], [33.429178, 36.150404], [33.432957, 36.14628], [33.441524, 36.14869], [33.4432613, 36.1555587], [33.473587, 36.159487], [33.5169351, 36.143857], [33.5421984, 36.1404572], [33.544112, 36.1371616], [33.5352156, 36.1340248], [33.539264, 36.126063], [33.561116, 36.125835], [33.566065, 36.131464], [33.564047, 36.137127], [33.575662, 36.144523], [33.5732532, 36.1543664], [33.582252, 36.157338], [33.592852, 36.176557], [33.6094723, 36.1855869], [33.6472093, 36.1942071], [33.6613904, 36.1868141], [33.6547858, 36.1874055], [33.6576163, 36.1834842], [33.653245, 36.1808651], [33.659883, 36.1839765], [33.660211, 36.159246], [33.6834272, 36.1578316], [33.6728488, 36.1450868], [33.6778097, 36.1359513], [33.689783, 36.135055], [33.699841, 36.144119], [33.69928, 36.152344], [33.6919554, 36.1549353], [33.695753, 36.1570743], [33.6872245, 36.1594425], [33.695489, 36.17138], [33.752291, 36.21266], [33.783157, 36.223768], [33.808696, 36.240299], [33.804911, 36.24238], [33.8107397, 36.2504159], [33.8081789, 36.2540762], [33.818542, 36.2567699], [33.822055, 36.2641597], [33.8130037, 36.2734564], [33.841432, 36.276172], [33.8357494, 36.2805383], [33.8415646, 36.2837713], [33.8336343, 36.2805334], [33.83265, 36.285869], [33.847483, 36.292959], [33.8547341, 36.3053888], [33.8687697, 36.3163399], [33.8846648, 36.3171616], [33.8925613, 36.3105873], [33.901149, 36.3114991], [33.8978122, 36.3067828], [33.8896432, 36.309192], [33.897261, 36.3065962], [33.8985863, 36.3069762], [33.9015621, 36.3110817], [33.903186, 36.3107526], [33.9349866, 36.2891077], [33.9511983, 36.2647033], [33.9476751, 36.2515128], [33.9511178, 36.2407162], [33.9564904, 36.233867], [33.964943, 36.2341247], [33.9781898, 36.2660554], [34.019118, 36.299712], [34.0172286, 36.3029896], [34.0195676, 36.300034], [34.013367, 36.309139], [34.015173, 36.313748], [34.0200154, 36.3005716], [34.0352592, 36.2991037], [34.0432427, 36.2929452], [34.074317, 36.320682], [34.0788, 36.33503], [34.0777068, 36.3973407], [34.0827495, 36.4151156], [34.0979847, 36.4207342], [34.0990989, 36.4263125], [34.1043589, 36.4222919], [34.110419, 36.425948], [34.115278, 36.4316872], [34.111223, 36.437759], [34.12018, 36.441529], [34.1137505, 36.4438633], [34.120557, 36.445636], [34.1215995, 36.4510262], [34.1263248, 36.4463666], [34.128634, 36.454424], [34.1348488, 36.4534916], [34.1328021, 36.4594152], [34.1411657, 36.4568416], [34.1487474, 36.463129], [34.167782, 36.467022], [34.1701551, 36.4756687], [34.1784863, 36.480503], [34.1830763, 36.495298], [34.1954249, 36.5021059], [34.206409, 36.5168403], [34.2296962, 36.5275301], [34.2322219, 36.5311294], [34.2275793, 36.5279308], [34.2280468, 36.5326586], [34.2336078, 36.5338257], [34.2426066, 36.5518154], [34.263999, 36.574459], [34.2995668, 36.5972924], [34.3236584, 36.6041541], [34.3304834, 36.6164511], [34.3612429, 36.6368458], [34.4297052, 36.6638018], [34.443464, 36.684431], [34.4737874, 36.7091229], [34.5136979, 36.730525], [34.5414719, 36.7382825], [34.5494217, 36.7572903], [34.562048, 36.7680501], [34.5707373, 36.7673869], [34.5755154, 36.7708027], [34.5703767, 36.7675799], [34.5677829, 36.7693525], [34.5764418, 36.774716], [34.6239087, 36.7869247], [34.6305381, 36.7877977], [34.6352248, 36.7838625], [34.6420842, 36.784704], [34.6242318, 36.7899182], [34.6362719, 36.7998796], [34.6381765, 36.7956759], [34.6443956, 36.8042734], [34.6492276, 36.7991906], [34.6542662, 36.8083788], [34.6608622, 36.8018783], [34.6503095, 36.7963632], [34.6425368, 36.7870846], [34.6426271, 36.7870271], [34.6612283, 36.801924], [34.6627394, 36.8061293], [34.688428, 36.80824], [34.6926801, 36.8053089], [34.6969137, 36.8045778], [34.6925482, 36.8076857], [34.7259037, 36.8114145], [34.781031, 36.806375], [34.833975, 36.789387], [34.876471, 36.763935], [34.9082959, 36.72934], [34.974934, 36.719056], [35.0190427, 36.7034771], [35.3252397, 36.5573357], [35.3374595, 36.5470656], [35.3391955, 36.5388127], [35.3601758, 36.5505393], [35.3827944, 36.5557805], [35.3792258, 36.557619], [35.3864729, 36.5634749], [35.4086711, 36.5738247], [35.4045054, 36.5794675], [35.4077857, 36.5856246], [35.4217098, 36.5906596], [35.4561234, 36.5914883], [35.4988939, 36.5856446], [35.5580141, 36.5651334], [35.5680012, 36.5657708], [35.580539, 36.585844], [35.6197841, 36.6007333], [35.6292771, 36.6099234], [35.636889, 36.627247], [35.6378952, 36.6566572], [35.6445751, 36.6683497], [35.7146352, 36.7064994], [35.7245432, 36.7184147], [35.7226615, 36.722712], [35.7229189, 36.7172408], [35.7115993, 36.7060839], [35.6971997, 36.7059327], [35.677593, 36.69376], [35.670719, 36.697896], [35.7020012, 36.7093041], [35.665917, 36.706608], [35.644369, 36.698315], [35.657904, 36.705503], [35.671083, 36.708418], [35.66087, 36.708262], [35.630155, 36.696231], [35.623846, 36.707672], [35.622331, 36.700641], [35.615535, 36.702461], [35.61582, 36.715554], [35.61406, 36.710712], [35.611615, 36.713848], [35.6060818, 36.709695], [35.61091, 36.707186], [35.611412, 36.698442], [35.606533, 36.705098], [35.597156, 36.701323], [35.59453, 36.718075], [35.602829, 36.727654], [35.61546, 36.733155], [35.615186, 36.725071], [35.628054, 36.746876], [35.636319, 36.745923], [35.641783, 36.756332], [35.666729, 36.766948], [35.6983499, 36.7673116], [35.711007, 36.7589081], [35.755838, 36.7699873], [35.7956713, 36.7663186], [35.7942445, 36.766962], [35.7920657, 36.7666814], [35.7914419, 36.7670373], [35.7960986, 36.7743265], [35.8456211, 36.7979481], [35.8500441, 36.8104619], [35.8692088, 36.8191763], [35.8861308, 36.8372614], [35.8972631, 36.8392436], [35.9064646, 36.8342361], [35.8980886, 36.8390446], [35.8988636, 36.8464979], [35.9142533, 36.8665231], [35.9184041, 36.8682537], [35.9326744, 36.8552098], [35.9321808, 36.8514239], [35.9328889, 36.8513724], [35.9329104, 36.8553043], [35.9179403, 36.8721528], [35.9373241, 36.8798474], [35.940831, 36.8823443], [35.936445, 36.8810706], [35.9377299, 36.8868034], [35.953707, 36.891272], [35.9633598, 36.9036889], [35.9739315, 36.9055038], [35.9800784, 36.9139632], [35.9832219, 36.9113079], [35.9841448, 36.9186888], [35.9898306, 36.9167627], [35.9880176, 36.919725], [36.0070408, 36.9306382], [36.0641777, 36.9102942], [36.1233063, 36.8771286], [36.150517, 36.852827], [36.1722094, 36.824572], [36.1724467, 36.8239921], [36.1695611, 36.8222022], [36.1695112, 36.8218322], [36.1744454, 36.8214122], [36.1710601, 36.8194822], [36.1674126, 36.8222721], [36.1709352, 36.8192722], [36.176279, 36.8205213], [36.2034798, 36.787477], [36.2042456, 36.7840042], [36.1870499, 36.7802659], [36.2011068, 36.7827582], [36.206333, 36.773778], [36.205661, 36.765322], [36.1915932, 36.7528916], [36.1954368, 36.7330668], [36.1883367, 36.7291115], [36.187446, 36.7280651], [36.1871804, 36.726621], [36.1967682, 36.7324128], [36.1968985, 36.727996], [36.2021403, 36.7269674], [36.1987024, 36.7222978], [36.202285, 36.7225118], [36.2001063, 36.720188], [36.197665, 36.7225648], [36.1837748, 36.7239356], [36.1961567, 36.7175672], [36.1929264, 36.7051516], [36.2029292, 36.6875475], [36.19818, 36.6851259], [36.2068273, 36.682548], [36.1992487, 36.6769015], [36.2083362, 36.6786494], [36.2119564, 36.6719541], [36.2153232, 36.6597098], [36.2117106, 36.6417845], [36.197872, 36.630151], [36.196443, 36.608029], [36.1892426, 36.5932113], [36.1802152, 36.5932667], [36.1833615, 36.5949265], [36.1859135, 36.6034842], [36.1790493, 36.5919189], [36.1758212, 36.593593], [36.177599, 36.5945285], [36.1790777, 36.5958584], [36.1757923, 36.5940391], [36.1757286, 36.5919947], [36.1737261, 36.5918782], [36.1622873, 36.5958066], [36.1490254, 36.5909796], [36.095751, 36.557716], [36.0369071, 36.5337413], [36.0288045, 36.5184582], [35.998531, 36.494897], [35.982797, 36.474489], [35.931841, 36.459829], [35.923798, 36.448854], [35.901803, 36.438732], [35.8952588, 36.4156752], [35.8875213, 36.4125953], [35.880618, 36.416002], [35.8608005, 36.3958049], [35.854634, 36.370266], [35.8155719, 36.3605192], [35.813578, 36.345813], [35.7801962, 36.3218766], [35.784683, 36.305652], [35.780465, 36.298558], [35.790921, 36.280335], [35.839439, 36.231675], [35.8734198, 36.1798743], [35.899063, 36.154988], [35.9166876, 36.1255323], [35.9112054, 36.1272972], [35.9234093, 36.1174629], [35.979641, 36.016111], [35.978584, 36.004836], [35.9598082, 35.9924008], [35.9578234, 35.9823525], [35.9223084, 35.9551086], [35.9177629, 35.9287314], [35.9224888, 35.922338], [35.931439, 35.9205373], [35.9487534, 35.9295], [35.959668, 35.9274995], [35.9759434, 35.9389374], [36.0065396, 35.94081], [36.0178887, 35.9210181], [35.9995216, 35.8800336], [36.0476216, 35.8800386], [36.0683505, 35.8692689], [36.081757, 35.8718949], [36.0907144, 35.8653669], [36.1128557, 35.8620061], [36.1356757, 35.8413098], [36.1395037, 35.8155798], [36.1539433, 35.8076804], [36.165637, 35.8151506], [36.1628654, 35.8241782], [36.170098, 35.8273194], [36.1733711, 35.8355287], [36.1703774, 35.8504537], [36.1752154, 35.8688322], [36.1691399, 35.8835716], [36.1758733, 35.9215549], [36.1939458, 35.9441408], [36.2083327, 35.9533344], [36.2420213, 35.9614927], [36.2569224, 35.9627018], [36.2768201, 35.94949], [36.2944899, 35.9564188], [36.2989096, 35.962779], [36.2854538, 35.9913682], [36.2864475, 36.0087238], [36.2903164, 36.0105524], [36.3142862, 36.0050401], [36.3392161, 35.9884675], [36.3662799, 36.0016971], [36.3762168, 36.0115926], [36.3762142, 36.0191813], [36.369599, 36.0194505], [36.3714774, 36.0246753], [36.3797447, 36.0290739], [36.380852, 36.0380809], [36.3900438, 36.0401756], [36.3800053, 36.0448952], [36.3790796, 36.0484038], [36.3873157, 36.0523008], [36.3790488, 36.0570029], [36.3786654, 36.0721776], [36.3862877, 36.0745109], [36.3903299, 36.0820629], [36.3770974, 36.0982373], [36.385316, 36.0944362], [36.3861856, 36.1023779], [36.3755086, 36.1028446], [36.3818204, 36.1087202], [36.3750801, 36.1095075], [36.370471, 36.1166714], [36.3800533, 36.1157402], [36.3777377, 36.1225888], [36.3715327, 36.122244], [36.3782565, 36.125387], [36.3750661, 36.1285079], [36.3845791, 36.1309144], [36.3822194, 36.1345366], [36.3891101, 36.1460314], [36.378522, 36.1474811], [36.3761068, 36.152732], [36.3807102, 36.1553463], [36.3674555, 36.159689], [36.3690203, 36.1658944], [36.3654448, 36.1670259], [36.3741046, 36.1705643], [36.3678161, 36.1795572], [36.3801524, 36.1824585], [36.3844942, 36.1891231], [36.3873625, 36.1880777], [36.3822688, 36.1855467], [36.3871271, 36.1833588], [36.4004251, 36.1925725], [36.3960881, 36.1997195], [36.394824, 36.1950056], [36.3910841, 36.1966136], [36.3923495, 36.2042475], [36.3970499, 36.2017187], [36.3925038, 36.2103908], [36.3878994, 36.2069039], [36.3910088, 36.2140857], [36.3835643, 36.2131063], [36.3818245, 36.2167569], [36.3949725, 36.2253355], [36.4300097, 36.2074053], [36.4570158, 36.2078262], [36.4559245, 36.2027436], [36.4651011, 36.1969439], [36.473411, 36.2014664], [36.4764777, 36.2142511], [36.4865118, 36.2184304], [36.4834186, 36.2329655], [36.4996516, 36.2234887], [36.5033686, 36.2261449], [36.5024222, 36.2422648], [36.5339615, 36.2452718], [36.5537624, 36.2240635], [36.5617597, 36.230511], [36.5621322, 36.2373199], [36.6246873, 36.2143254], [36.6292657, 36.2323438], [36.6236535, 36.2333776], [36.6229164, 36.2382157], [36.6651022, 36.2288941], [36.6639732, 36.2351499], [36.6820645, 36.2322976], [36.6810401, 36.239164], [36.6949134, 36.2452455], [36.6922527, 36.2578518], [36.6791396, 36.2712817], [36.6830268, 36.2822334], [36.6956328, 36.2884928], [36.6951271, 36.2950137], [36.6563229, 36.2981058], [36.6545867, 36.3121623], [36.6651101, 36.3260385], [36.6572517, 36.3375988], [36.6417775, 36.3356988], [36.6297451, 36.3448085], [36.6273894, 36.3370515], [36.6135172, 36.3377653], [36.6054306, 36.3328641], [36.6052129, 36.3273195], [36.5991928, 36.3495675], [36.6186568, 36.3574911], [36.5968372, 36.3724817], [36.6059505, 36.3777879], [36.6059505, 36.392255], [36.5862724, 36.3916601], [36.5755172, 36.416121], [36.5663325, 36.4189763], [36.5661897, 36.4373696], [36.5551966, 36.4449838], [36.5619724, 36.4637385], [36.553307, 36.4674794], [36.5554827, 36.4738463], [36.5436812, 36.484279], [36.5492197, 36.4891278], [36.544193, 36.5018539], [36.5723692, 36.528412], [36.5914358, 36.5855386], [36.5779205, 36.6079293], [36.5736284, 36.6591335], [36.587938, 36.6618003], [36.5892467, 36.6689387], [36.6081158, 36.6770051], [36.6131841, 36.6912343], [36.6287457, 36.7053921], [36.6304827, 36.7197878], [36.6187044, 36.7282111], [36.6129461, 36.7455336], [36.6289837, 36.7628322], [36.6280081, 36.7668535], [36.6403337, 36.7695185], [36.6459492, 36.7864365], [36.6717188, 36.7995473], [36.6713619, 36.8100883], [36.6668885, 36.8132054], [36.6715284, 36.8210339], [36.6660395, 36.8284264], [36.7155009, 36.8276726], [36.7382961, 36.8188448], [36.7467432, 36.8208435], [36.7893356, 36.7980245], [36.8845209, 36.7771317], [36.9035133, 36.7776036], [36.9239179, 36.7863175], [36.9285486, 36.7788187], [36.9348258, 36.7796629], [36.93396, 36.7738511], [36.9458708, 36.776907], [36.9814705, 36.7618046], [36.9975347, 36.7655706], [36.9932127, 36.7594807], [36.9993215, 36.7490087], [36.9927304, 36.7421558], [37.0369836, 36.7362604], [37.0465514, 36.7262012], [37.0466986, 36.7153916], [37.0401841, 36.7032076], [37.0159875, 36.6955194], [37.020742, 36.6661586], [37.0575469, 36.6548772], [37.0571081, 36.6454482], [37.0862072, 36.6342149], [37.0989495, 36.6486668], [37.1061921, 36.671548], [37.1246715, 36.6656086], [37.142075, 36.6773217], [37.1625607, 36.6568669], [37.2167621, 36.6753158], [37.275089, 36.6637724], [37.2782423, 36.669913], [37.3154311, 36.6652899], [37.4062055, 36.6439165], [37.4252358, 36.6440478], [37.4440988, 36.6326929], [37.474147, 36.6330137], [37.4871195, 36.6497775], [37.4885709, 36.6671475], [37.495281, 36.6736435], [37.6220349, 36.7247781], [37.6581789, 36.7490486], [37.6827436, 36.7439893], [37.7027913, 36.757683], [37.7278733, 36.751785], [37.7833776, 36.749622], [37.7997093, 36.7632778], [37.9035013, 36.7917964], [37.9249165, 36.8109384], [37.9407121, 36.8185642], [37.9635, 36.8207962], [37.9940077, 36.8320481], [38.0184769, 36.8259766], [38.0316244, 36.8369221], [38.0292321, 36.854078], [38.0457415, 36.8645651], [38.0660152, 36.8637865], [38.0794411, 36.8762027], [38.0978557, 36.8762784], [38.1337142, 36.8950523], [38.1611675, 36.8987508], [38.1679546, 36.9106222], [38.2141992, 36.9083111], [38.2420287, 36.924099], [38.2654794, 36.9146603], [38.3395291, 36.9000645], [38.390712, 36.9023268], [38.55441, 36.8448105], [38.5683515, 36.8257643], [38.5897146, 36.8253214], [38.5963558, 36.8043763], [38.6367863, 36.7787849], [38.6912139, 36.7347935], [38.7392713, 36.7081478], [38.8906568, 36.7007281], [39.0205754, 36.7107218], [39.0652855, 36.7051555], [39.212182, 36.6691026], [39.3611952, 36.692043], [39.4912328, 36.7003474], [39.5960718, 36.7231902], [39.6404607, 36.7248201], [39.7128051, 36.7503957], [39.8207742, 36.7567011], [39.8608939, 36.7786197], [39.9305835, 36.7973563], [39.9991406, 36.8225446], [40.0311682, 36.8267086], [40.0622753, 36.8561105], [40.1828902, 36.8776922], [40.2377877, 36.9149057], [40.2667186, 36.9218312], [40.3382928, 36.9582132], [40.3573529, 36.963048], [40.3792011, 36.9796666], [40.3830693, 36.9914056], [40.3983833, 37.0077839], [40.4121452, 37.0147303], [40.419546, 37.0118956], [40.4191106, 37.0162703], [40.5309101, 37.0283835], [40.5883265, 37.0615532], [40.618736, 37.0644799], [40.6960685, 37.1039552], [40.7536277, 37.1101418], [40.7652951, 37.1273994], [40.798198, 37.1190191], [40.8116643, 37.1256048], [40.82144, 37.1111493], [40.8346239, 37.1065489], [40.8427949, 37.1105093], [40.8494355, 37.1223755], [40.8727364, 37.1287744], [40.915454, 37.1313202], [40.9811202, 37.1162631], [41.0127047, 37.1157112], [41.0939742, 37.1011142], [41.1061238, 37.0947921], [41.1635811, 37.0947431], [41.1678624, 37.0881383], [41.1727184, 37.0902281], [41.1981737, 37.0802425], [41.1981582, 37.0638689], [41.2180554, 37.0618831], [41.2214245, 37.0697477], [41.2292269, 37.0728832], [41.265687, 37.0796389], [41.3705902, 37.0754487], [41.3875082, 37.0792559], [41.5175457, 37.0779472], [41.523542, 37.0836341], [41.5515482, 37.0862039], [41.6030636, 37.1072145], [41.6303004, 37.1088272], [41.643084, 37.1162784], [41.6942184, 37.1143952], [41.7942375, 37.1284094], [41.8070752, 37.1345251], [41.9299215, 37.1587179], [41.9520821, 37.1577349], [42.0026644, 37.1814659], [42.0349184, 37.1820479], [42.0552491, 37.1977289], [42.0891379, 37.2079916], [42.0939664, 37.2204676], [42.1046658, 37.230078], [42.1837353, 37.2864236], [42.1965228, 37.3118505], [42.2069512, 37.3184589], [42.2221127, 37.3180603], [42.2258935, 37.3134665], [42.206966, 37.2911319], [42.2048316, 37.2805189], [42.2219217, 37.2779931], [42.2342986, 37.2831846], [42.2607846, 37.2713146], [42.2841238, 37.2814702], [42.2925184, 37.2611411], [42.3054522, 37.2602522], [42.3159007, 37.2470167], [42.3427238, 37.2324391], [42.3398672, 37.2213783], [42.3474349, 37.213331], [42.3377265, 37.2098341], [42.3206053, 37.1853955], [42.3310112, 37.1642802], [42.3298462, 37.1575368], [42.3525269, 37.1303173], [42.3515054, 37.1052646], [42.360667, 37.1084654], [42.3630534, 37.1152802], [42.3807274, 37.1148872], [42.384335, 37.1107523], [42.4035582, 37.1131232], [42.4124414, 37.1214395], [42.4351795, 37.1264138], [42.4480603, 37.1369078], [42.4603535, 37.1334303], [42.4640588, 37.1421592], [42.4839476, 37.1347917], [42.5259905, 37.1438669], [42.5336208, 37.1419321], [42.5490196, 37.1488215], [42.5709777, 37.1436214], [42.5788336, 37.1458548], [42.5859297, 37.1698818], [42.601132, 37.1809427], [42.6011356, 37.189842], [42.6103404, 37.2003803], [42.6174562, 37.2019327], [42.6127064, 37.214627], [42.6299552, 37.2194804], [42.6367767, 37.2328154], [42.642732, 37.2329355], [42.6551016, 37.246285], [42.6500294, 37.2552437], [42.6582139, 37.2631218], [42.6537914, 37.2666526], [42.6609594, 37.2719592], [42.682862, 37.2708725], [42.68524, 37.2788038], [42.6814429, 37.2811931], [42.6975793, 37.2916888], [42.696141, 37.2955486], [42.6907886, 37.2944067], [42.6933349, 37.3016931], [42.6879197, 37.3083068], [42.7132057, 37.3083582], [42.7241094, 37.313284], [42.7254779, 37.3192237], [42.7352888, 37.3184959], [42.7333262, 37.3362198], [42.7462118, 37.347593], [42.7567216, 37.3498126], [42.789221, 37.380245], [42.8243848, 37.3710545], [42.825892, 37.361537], [42.822053, 37.360137], [42.8353479, 37.3425108], [42.8513992, 37.3481259], [42.897551, 37.328715], [42.9218, 37.327417], [42.959152, 37.312218], [42.973196, 37.326093], [43.010143, 37.332355], [43.020954, 37.344066], [43.022714, 37.355927], [43.060057, 37.356922], [43.0717848, 37.3665019], [43.1039406, 37.3675079], [43.1118153, 37.3723216], [43.1469378, 37.3728965], [43.1622487, 37.3577042], [43.1872091, 37.3595131], [43.208418, 37.347223], [43.2420756, 37.3451343], [43.250276, 37.330154], [43.269248, 37.328886], [43.269173, 37.314408], [43.288443, 37.312155], [43.301488, 37.303705], [43.317665, 37.30624], [43.316845, 37.316183], [43.327318, 37.326182], [43.361088, 37.327591], [43.371077, 37.317676], [43.372269, 37.307705], [43.389378, 37.305846], [43.389378, 37.298494], [43.408088, 37.292889], [43.41599, 37.282551], [43.476223, 37.263087], [43.47462, 37.25306], [43.498498, 37.242385], [43.513385, 37.239574], [43.5237836, 37.2476384], [43.556003, 37.251448], [43.56595, 37.257579], [43.578099, 37.250037], [43.584474, 37.238424], [43.595843, 37.232635], [43.609953, 37.238241], [43.620515, 37.221483], [43.642527, 37.217217], [43.651111, 37.225525], [43.677843, 37.227028], [43.689132, 37.235255], [43.703322, 37.231233], [43.721142, 37.235986], [43.741622, 37.230136], [43.747508, 37.235133], [43.789677, 37.2291], [43.810318, 37.223798], [43.830395, 37.193085], [43.840071, 37.201799], [43.843377, 37.216546], [43.854262, 37.224408], [43.885708, 37.224712], [43.895464, 37.219533], [43.919411, 37.224773], [43.926103, 37.237997], [43.93844, 37.242385], [43.930882, 37.246259], [43.942781, 37.249807], [43.947071, 37.258259], [43.944239, 37.268458], [43.957806, 37.2715], [43.95475, 37.292179], [43.993066, 37.298828], [44.018485, 37.32779], [44.0236232, 37.3175648], [44.031754, 37.326156], [44.040402, 37.325705], [44.0412873, 37.3221916], [44.0620107, 37.3208683], [44.068579, 37.313478], [44.100559, 37.31545], [44.125738, 37.3228684], [44.15289, 37.302096], [44.163773, 37.303843], [44.2097952, 37.280609], [44.2290282, 37.282356], [44.2418899, 37.270016], [44.2506752, 37.2503139], [44.2683682, 37.2443999], [44.2718312, 37.2122058], [44.2647452, 37.2038678], [44.2657922, 37.1978428], [44.2756029, 37.1966546], [44.2808669, 37.1904987], [44.2779897, 37.166997], [44.2562111, 37.1582885], [44.2227314, 37.1589462], [44.2141207, 37.1378295], [44.2049719, 37.131238], [44.1982682, 37.1156066], [44.1859252, 37.1072926], [44.1851202, 37.0978625], [44.1951822, 37.0931985], [44.1967922, 37.0760625], [44.2123542, 37.0691675], [44.2293922, 37.0530454], [44.2328505, 37.0385917], [44.2182942, 37.0354399], [44.2273503, 37.0292363], [44.2360781, 37.0103473], [44.2434561, 37.0100433], [44.2565081, 36.9923671], [44.2510911, 36.982849], [44.2662401, 36.98052], [44.2680561, 36.9758519], [44.2896361, 36.9756309], [44.3095259, 36.962863], [44.3120711, 36.966327], [44.3055197, 36.9714611], [44.3148074, 36.984447], [44.32924, 36.9881768], [44.3297735, 36.9979829], [44.3513684, 37.0201673], [44.3673331, 37.0246436], [44.3494849, 37.040228], [44.3586021, 37.0522637], [44.3831811, 37.0591158], [44.3933881, 37.0498777], [44.3995046, 37.056495], [44.4001711, 37.0516547], [44.4144081, 37.0524157], [44.419749, 37.0610199], [44.4667891, 37.074089], [44.4831377, 37.0881917], [44.4914351, 37.0877421], [44.5169772, 37.1022933], [44.5140297, 37.1127535], [44.5245348, 37.1161217], [44.525555, 37.1218439], [44.5334728, 37.1251676], [44.5445426, 37.1207003], [44.5525272, 37.1247631], [44.5496931, 37.1343356], [44.5584691, 37.1395397], [44.5594821, 37.1497958], [44.5760575, 37.1635133], [44.6008165, 37.1668379], [44.6005444, 37.1710445], [44.6202026, 37.1807455], [44.6267979, 37.189762], [44.6372488, 37.1928251], [44.6404241, 37.1875022], [44.6474451, 37.1895432], [44.6744018, 37.1711364], [44.6942469, 37.1771382], [44.7000199, 37.1718525], [44.7179218, 37.175623], [44.7533131, 37.163059], [44.759577, 37.1669203], [44.7693221, 37.1636089], [44.7729152, 37.1511602], [44.7843055, 37.1438498], [44.784992, 37.1671], [44.766125, 37.183106], [44.76805, 37.192626], [44.760459, 37.211916], [44.762648, 37.2234991], [44.7575679, 37.2283412], [44.7683538, 37.2446406], [44.798799, 37.258646], [44.802979, 37.269829], [44.815136, 37.279599], [44.798524, 37.310654], [44.770635, 37.328406], [44.751713, 37.331357], [44.732434, 37.342232], [44.7240689, 37.355904], [44.7214731, 37.3756933], [44.69267, 37.3842643], [44.6573683, 37.3859048], [44.6533641, 37.3928092], [44.6559968, 37.4022666], [44.636392, 37.41644], [44.630891, 37.431615], [44.6190122, 37.4371387], [44.5894703, 37.4388465], [44.5798293, 37.4476059], [44.5862519, 37.451861], [44.5875512, 37.4598877], [44.582373, 37.4840103], [44.5850189, 37.5073768], [44.601454, 37.514202], [44.601474, 37.524249], [44.613059, 37.545595], [44.6012501, 37.5560898], [44.6127572, 37.5619157], [44.613664, 37.566483], [44.607941, 37.57], [44.6128461, 37.5713523], [44.5989035, 37.580766], [44.6107332, 37.5882625], [44.614409, 37.602176], [44.6001412, 37.6167702], [44.5932365, 37.617728], [44.5809446, 37.6373944], [44.5715627, 37.6383411], [44.56816, 37.644762], [44.574348, 37.665861], [44.589563, 37.671031], [44.6172028, 37.6904321], [44.6304124, 37.7063482], [44.6241474, 37.7102333], [44.6206225, 37.7270202], [44.5947731, 37.7478413], [44.5878635, 37.7633638], [44.5685997, 37.7688077], [44.5549506, 37.7805011], [44.5303121, 37.7830167], [44.4939492, 37.7704602], [44.4802692, 37.7717443], [44.4727237, 37.7638062], [44.4524826, 37.7666873], [44.4431344, 37.7746622], [44.4499409, 37.785845], [44.4483769, 37.8065854], [44.4237529, 37.799449], [44.4148019, 37.8156397], [44.3944467, 37.8230608], [44.392935, 37.831319], [44.403777, 37.840287], [44.404986, 37.847003], [44.389074, 37.862054], [44.3571214, 37.8633178], [44.3193365, 37.8770837], [44.3047168, 37.8679322], [44.2929042, 37.866908], [44.2844905, 37.8731084], [44.2673977, 37.8673051], [44.2227458, 37.8882392], [44.232465, 37.9002434], [44.2243172, 37.9070057], [44.2305583, 37.9115624], [44.2293834, 37.9178066], [44.2343149, 37.9199198], [44.234637, 37.9269538], [44.2459051, 37.9313962], [44.251232, 37.9433704], [44.2486542, 37.9510362], [44.2406054, 37.9555238], [44.2407127, 37.9650564], [44.2557674, 37.9755899], [44.254392, 37.9794769], [44.2680798, 37.9937114], [44.2745049, 38.0160998], [44.3013231, 38.0325345], [44.3088646, 38.0463001], [44.3026244, 38.0547443], [44.3211099, 38.0632898], [44.3199941, 38.069029], [44.312443, 38.0681178], [44.311362, 38.0728943], [44.3285769, 38.0786286], [44.3293645, 38.098353], [44.3645086, 38.1039085], [44.3511809, 38.1349942], [44.3686252, 38.1356841], [44.3926934, 38.1464431], [44.3911827, 38.1677279], [44.4001524, 38.1796829], [44.3980254, 38.1984635], [44.4117396, 38.2195101], [44.3986824, 38.2385345], [44.4022685, 38.2520003], [44.4225323, 38.2680027], [44.4339559, 38.2691525], [44.4491621, 38.283338], [44.473474, 38.2953126], [44.4782878, 38.302652], [44.492951, 38.3036964], [44.4988619, 38.3117152], [44.4975509, 38.3337116], [44.5103614, 38.3353408], [44.5125314, 38.3412598], [44.5069312, 38.3460892], [44.4954973, 38.3437118], [44.4933408, 38.3473579], [44.4990194, 38.3509064], [44.4904477, 38.3578647], [44.4727777, 38.3556011], [44.4627198, 38.3594066], [44.4493712, 38.3854921], [44.4161169, 38.3691999], [44.3796451, 38.3585915], [44.3619279, 38.3752561], [44.3511501, 38.3691678], [44.3194361, 38.3728423], [44.299987, 38.3941676], [44.3107323, 38.3952057], [44.3198318, 38.4086056], [44.3174565, 38.4324044], [44.3019383, 38.4472285], [44.3088961, 38.4508763], [44.3137012, 38.465112], [44.3116946, 38.4763474], [44.3226619, 38.4831586], [44.3199259, 38.4967157], [44.3254601, 38.502081], [44.3133674, 38.5150921], [44.3093356, 38.5302464], [44.3163089, 38.5490348], [44.3127907, 38.5617214], [44.3174009, 38.5743174], [44.3249447, 38.5774874], [44.3167174, 38.6068434], [44.3222742, 38.6095996], [44.3216199, 38.6240924], [44.3068138, 38.6357953], [44.2721185, 38.6462477], [44.2693126, 38.6508529], [44.2792605, 38.6571906], [44.2826414, 38.674969], [44.2718366, 38.684796], [44.2714288, 38.7026035], [44.2612371, 38.7041787], [44.2608988, 38.7147018], [44.2540673, 38.718334], [44.2691063, 38.7219717], [44.2801473, 38.7329247], [44.277137, 38.7461335], [44.292505, 38.7641949], [44.2864982, 38.7831041], [44.300227, 38.7914997], [44.3031487, 38.8029532], [44.3148195, 38.8087951], [44.3021981, 38.8241669], [44.2950267, 38.8263251], [44.3009879, 38.8408017], [44.2820406, 38.847847], [44.27748, 38.8542313], [44.2569929, 38.8469492], [44.245308, 38.8506821], [44.2410992, 38.8584455], [44.2454553, 38.8702175], [44.2113518, 38.8905571], [44.2101228, 38.8979001], [44.2202203, 38.9042982], [44.2188309, 38.9167755], [44.199469, 38.9215112], [44.1897152, 38.9340273], [44.2002417, 38.9480087], [44.1802595, 38.9560676], [44.1914252, 38.9746819], [44.1873353, 38.9778634], [44.1894753, 38.9816243], [44.1717941, 38.9917907], [44.1809525, 39.0106834], [44.1916459, 39.0091419], [44.211677, 39.0209503], [44.1947723, 39.0405005], [44.205512, 39.0554679], [44.1908665, 39.0745913], [44.1982417, 39.0868192], [44.2123189, 39.0878149], [44.22591, 39.0950499], [44.2075924, 39.1140854], [44.2135655, 39.1303045], [44.2010388, 39.1402004], [44.1902139, 39.1581882], [44.1663807, 39.1776245], [44.144875, 39.1854963], [44.1336574, 39.182713], [44.1158881, 39.1887227], [44.1081411, 39.2011741], [44.0972566, 39.2044917], [44.0940514, 39.216368], [44.100648, 39.2252757], [44.1032307, 39.2425733], [44.089445, 39.247049], [44.0843065, 39.2560217], [44.0915587, 39.2628142], [44.0937966, 39.2755803], [44.1080596, 39.2842966], [44.0812513, 39.2941275], [44.0767137, 39.3079177], [44.0797056, 39.3249882], [44.0732183, 39.3356242], [44.0577828, 39.3431906], [44.0565238, 39.3554892], [44.0377009, 39.3612643], [44.0318908, 39.3717259], [44.0427039, 39.3841626], [44.0544011, 39.3889311], [44.0579604, 39.3861475], [44.0513157, 39.4040585], [44.0710893, 39.4123425], [44.0843952, 39.4077966], [44.0969923, 39.4121726], [44.1174275, 39.4019447], [44.1301049, 39.4054092], [44.1327798, 39.3987149], [44.1246393, 39.3906465], [44.1301405, 39.3896441], [44.1494387, 39.3999788], [44.1908085, 39.4024348], [44.1941947, 39.4119248], [44.2233876, 39.4179696], [44.2331536, 39.4163292], [44.2461664, 39.3976305], [44.2649383, 39.3991911], [44.2769566, 39.3834319], [44.2847201, 39.3838238], [44.294908, 39.3765039], [44.3187427, 39.3916194], [44.3336473, 39.3878721], [44.3770211, 39.4116375], [44.4219571, 39.4116039], [44.4328572, 39.4427251], [44.4250838, 39.4462016], [44.4203218, 39.4648206], [44.4084339, 39.4711492], [44.4175827, 39.4851502], [44.4329948, 39.4925182], [44.440367, 39.505069], [44.433358, 39.509085], [44.435906, 39.52095], [44.425076, 39.532328], [44.426242, 39.544404], [44.416204, 39.55644], [44.424394, 39.56547], [44.422106, 39.567573], [44.441672, 39.573276], [44.480148, 39.610424], [44.4871135, 39.6437168], [44.4822345, 39.6707317], [44.4671974, 39.6841019], [44.614695, 39.7824624], [44.6216702, 39.7661607], [44.6324344, 39.7558674], [44.6304987, 39.7442788], [44.6617489, 39.71814], [44.6711324, 39.7143264], [44.6907214, 39.7173589], [44.6882851, 39.7133275], [44.7022622, 39.7100961], [44.7150829, 39.7142776], [44.7342854, 39.6938319], [44.7498632, 39.686988], [44.7587451, 39.6753964], [44.7548046, 39.6707841], [44.79853, 39.648869], [44.8046981, 39.6295888], [44.8093804, 39.627336], [44.8072867, 39.6377279], [44.8149591, 39.6426718], [44.8170866, 39.6544894], [44.7990979, 39.6578956], [44.8058468, 39.6725999], [44.7939527, 39.6702698], [44.8023465, 39.6833796], [44.7844607, 39.6857417], [44.7880822, 39.6913749], [44.78008, 39.6950374], [44.7802859, 39.7009164], [44.7635589, 39.7030201], [44.7697787, 39.7130157], [44.7475578, 39.7164325], [44.7443519, 39.7436689], [44.7371554, 39.7461305], [44.7227183, 39.7420096], [44.7107641, 39.7699858], [44.6873476, 39.7720251], [44.6867463, 39.7833909], [44.6965636, 39.7893689], [44.6932518, 39.7940702], [44.6815542, 39.7958315], [44.6774044, 39.7878065], [44.6563957, 39.7923225], [44.6290159, 39.8132678], [44.6118525, 39.8145852], [44.6198416, 39.8213899], [44.6171957, 39.8281936], [44.6033746, 39.8217095], [44.5945362, 39.8244407], [44.5882157, 39.8332502], [44.5957143, 39.8439645], [44.5919514, 39.859107], [44.5650831, 39.8697827], [44.5504054, 39.8852163], [44.5532982, 39.9024731], [44.5421047, 39.9098934], [44.5351045, 39.9218014], [44.5209252, 39.9203306], [44.5157438, 39.9296609], [44.5023813, 39.9354997], [44.5005822, 39.9453265], [44.4813505, 39.9662875], [44.4657656, 39.9726967], [44.4536638, 39.971435], [44.4495348, 39.9808252], [44.428348, 39.9895267], [44.4185919, 40.00039], [44.3788254, 40.0041575], [44.3518267, 40.0272172], [44.3396391, 40.0279202], [44.3356255, 40.0326889], [44.3266643, 40.030862], [44.314038, 40.0393001], [44.2966423, 40.0363743], [44.2938676, 40.0440843], [44.2850707, 40.0434819], [44.2775819, 40.0489314], [44.2483806, 40.049075], [44.2206512, 40.0426737], [44.213662, 40.0335806], [44.2063658, 40.0390722], [44.1901406, 40.0390648], [44.1880004, 40.0305916], [44.1730506, 40.0272854], [44.1651919, 40.0323381], [44.1389163, 40.0327781], [44.1333329, 40.0278572], [44.1230008, 40.0340994], [44.1070671, 40.0299268], [44.0858298, 40.034378], [44.0090803, 40.0241972], [43.9868252, 40.0310684], [43.9769753, 40.0222227], [43.9594973, 40.0162844], [43.9289416, 40.0246979], [43.8994158, 40.0210172], [43.8758982, 40.0349505], [43.8639486, 40.0360008], [43.8586747, 40.0427479], [43.825289, 40.0477285], [43.8234983, 40.0599787], [43.7871319, 40.0692501], [43.7671118, 40.0836433], [43.7518424, 40.0785911], [43.7427031, 40.0833315], [43.7277497, 40.0780902], [43.713842, 40.0808004], [43.7008646, 40.0870834], [43.6957408, 40.0955717], [43.6782543, 40.0960637], [43.6758435, 40.1070377], [43.6564983, 40.1125141], [43.6485021, 40.1317797], [43.6531557, 40.1401397], [43.650799, 40.1456994], [43.6701265, 40.1569212], [43.7140442, 40.1613354], [43.7128425, 40.1718953], [43.7010575, 40.1778128], [43.6944476, 40.1930417], [43.6617666, 40.2136104], [43.6633822, 40.2177786], [43.6531003, 40.2248851], [43.6577286, 40.2283086], [43.6837106, 40.2266454], [43.6769532, 40.2327381], [43.6825978, 40.2362184], [43.6793005, 40.2402814], [43.6843116, 40.2402013], [43.676895, 40.24813], [43.6828082, 40.2573388], [43.6640621, 40.2699288], [43.6409417, 40.2724221], [43.6396126, 40.2792895], [43.6316264, 40.2829425], [43.6355912, 40.2937817], [43.6261302, 40.2995709], [43.6273866, 40.3037406], [43.590814, 40.3451289], [43.5991917, 40.3716788], [43.6065884, 40.3743188], [43.6050863, 40.3812278], [43.6116961, 40.3896394], [43.617821, 40.390096], [43.6200149, 40.3978481], [43.6134768, 40.4149962], [43.6187141, 40.4157011], [43.6197206, 40.4215067], [43.6064469, 40.4372668], [43.5924845, 40.4463313], [43.5852157, 40.4454342], [43.5718162, 40.459358], [43.5583906, 40.4601138], [43.5470097, 40.4671823], [43.548737, 40.4729528], [43.542128, 40.4768947], [43.5579638, 40.4817504], [43.5572175, 40.4939732], [43.5701527, 40.4948748], [43.5712828, 40.5040062], [43.5886171, 40.5065826], [43.6048953, 40.5164505], [43.6108883, 40.5138283], [43.6191699, 40.5251387], [43.6275487, 40.5233718], [43.6253836, 40.519038], [43.6343707, 40.519285], [43.6387508, 40.5250341], [43.628445, 40.5378776], [43.634655, 40.5399324], [43.6366283, 40.5345856], [43.6420284, 40.5373366], [43.6443488, 40.53153], [43.6499291, 40.5312524], [43.6433979, 40.5617375], [43.6670115, 40.5677166], [43.6662263, 40.5743523], [43.6864896, 40.5929984], [43.7048335, 40.6203114], [43.7264215, 40.6647494], [43.7393345, 40.6651113], [43.7466845, 40.6758043], [43.7433055, 40.6925243], [43.7467311, 40.7032077], [43.7353107, 40.7126749], [43.7476806, 40.7265921], [43.7452474, 40.7406981], [43.7066042, 40.8209072], [43.6770061, 40.8475169], [43.680594, 40.865701], [43.673852, 40.886669], [43.681211, 40.903583], [43.669498, 40.913643], [43.676128, 40.930283], [43.636492, 40.959778], [43.577764, 40.993311], [43.553685, 40.99585], [43.519853, 41.014141], [43.4840989, 41.0161629], [43.468408, 41.0306149], [43.471514, 41.0675026], [43.4587173, 41.0748439], [43.4471395, 41.0988144], [43.4563093, 41.109098], [43.4586328, 41.1197223], [43.474145, 41.123038], [43.44848, 41.176399], [43.367357, 41.203384], [43.330236, 41.200884], [43.309994, 41.19091], [43.229621, 41.1723443], [43.237638, 41.184119], [43.2014832, 41.2335088], [43.194366, 41.253988], [43.176653, 41.254578], [43.153266, 41.245698], [43.127956, 41.253476], [43.211935, 41.289806], [43.2125941, 41.3062313], [43.1986739, 41.3086032], [43.1831532, 41.3046148], [43.1661991, 41.3084169], [43.1594162, 41.3160935], [43.1354266, 41.3187299], [43.108759, 41.349472], [43.096154, 41.357131], [43.060552, 41.366324], [43.042722, 41.376845], [43.03252, 41.370816], [43.018652, 41.375661], [43.021633, 41.379462], [43.003645, 41.406719], [42.9902526, 41.4114247], [42.989095, 41.4245173], [42.967367, 41.43436], [42.971399, 41.441474], [42.967043, 41.451539], [42.943265, 41.457611], [42.926494, 41.472613], [42.89941, 41.478982], [42.900942, 41.5003], [42.875751, 41.502307], [42.863313, 41.492958], [42.858424, 41.473338], [42.851401, 41.470554], [42.80239, 41.495777], [42.804119, 41.507609], [42.798098, 41.518316], [42.816916, 41.539593], [42.82095, 41.555402], [42.8293295, 41.5577655], [42.833724, 41.579454], [42.8403764, 41.5892639], [42.8265845, 41.5927041], [42.8219744, 41.5874715], [42.793404, 41.588342], [42.783286, 41.583163], [42.780882, 41.576896], [42.7692368, 41.5851104], [42.752686, 41.585564], [42.740135, 41.596111], [42.713653, 41.595541], [42.697506, 41.600269], [42.600945, 41.584851], [42.576574, 41.565475], [42.573749, 41.557961], [42.580754, 41.543211], [42.564778, 41.525278], [42.572898, 41.509911], [42.560005, 41.506529], [42.544911, 41.493013], [42.532349, 41.49064], [42.526439, 41.47972], [42.512774, 41.472079], [42.52445, 41.444114], [42.520234, 41.436706], [42.492137, 41.445106], [42.489646, 41.440335], [42.472873, 41.435623], [42.448301, 41.438447], [42.399614, 41.466751], [42.384983, 41.463172], [42.3814, 41.467618], [42.367769, 41.464883], [42.344783, 41.471689], [42.329555, 41.467906], [42.313454, 41.481594], [42.284952, 41.492769], [42.262769, 41.49162], [42.225908, 41.498785], [42.205382, 41.490924], [42.196404, 41.506586], [42.17823, 41.514602], [42.148939, 41.505464], [42.127287, 41.505337], [42.11206, 41.51122], [42.101973, 41.50685], [42.08479, 41.510166], [42.04066, 41.493946], [41.99448, 41.504775], [41.984769, 41.521973], [41.962682, 41.524546], [41.911428, 41.499309], [41.881394, 41.460353], [41.847343, 41.448603], [41.84494, 41.440488], [41.823607, 41.430572], [41.805968, 41.445791], [41.789443, 41.449355], [41.78688, 41.461247], [41.773277, 41.460958], [41.752828, 41.470545], [41.707818, 41.474495], [41.7153, 41.485272], [41.709758, 41.496232], [41.666903, 41.482684], [41.635406, 41.486733], [41.620516, 41.500581], [41.585204, 41.508705], [41.576302, 41.518317], [41.5470851, 41.5206665], [41.521864, 41.4822875], [41.473426, 41.460627], [41.4362348, 41.4155885], [41.4299127, 41.4154424], [41.4339504, 41.413627], [41.4292209, 41.4063372], [41.4248233, 41.4115125], [41.4294422, 41.4204477], [41.424421, 41.4117912], [41.4277875, 41.40449], [41.4019178, 41.3816076], [41.342166, 41.3728271], [41.3087325, 41.3554039], [41.2694139, 41.3438299], [41.2198526, 41.3058323], [41.1778775, 41.2872841], [41.1527128, 41.2830383], [41.1256672, 41.2572712], [41.1272575, 41.2616214], [41.064791, 41.2185889], [40.993059, 41.1943102], [40.9861512, 41.1949948], [40.9931473, 41.1992554], [40.9592178, 41.1889591], [40.9306767, 41.1765806], [40.9168256, 41.1766224], [40.9061227, 41.1816313], [40.9081882, 41.182455], [40.9116314, 41.1815813], [40.913129, 41.1821408], [40.8971763, 41.1842727], [40.8743547, 41.1829489], [40.8636422, 41.1774186], [40.8616316, 41.1862649], [40.8280502, 41.1772682], [40.8306224, 41.1695878], [40.798572, 41.1598172], [40.7628046, 41.1333418], [40.74276, 41.1072292], [40.7207607, 41.0880048], [40.7222505, 41.0923386], [40.7183996, 41.0870066], [40.691617, 41.0771885], [40.6820158, 41.0799666], [40.6475429, 41.0692163], [40.6014999, 41.047771], [40.576821, 41.04718], [40.5423542, 41.0272908], [40.5218181, 41.0280543], [40.5066421, 41.0400802], [40.5198175, 41.038957], [40.4953545, 41.0414311], [40.4654299, 41.031672], [40.4217542, 41.025247], [40.3802603, 41.0247956], [40.361155, 41.0164013], [40.3118958, 40.9725433], [40.283133, 40.9547649], [40.2769017, 40.9531696], [40.2797357, 40.9574237], [40.229441, 40.9277956], [40.2066986, 40.922004], [40.2014184, 40.9222357], [40.2060291, 40.9255571], [40.197773, 40.9242686], [40.1839852, 40.9169236], [40.1826889, 40.9210564], [40.1991416, 40.9263195], [40.1824717, 40.9215286], [40.1833943, 40.914553], [40.1258382, 40.9125339], [40.0955016, 40.9172332], [40.0748811, 40.9265806], [40.0671632, 40.9376526], [40.054208, 40.9418694], [40.0515476, 40.9468511], [40.0558879, 40.9456168], [40.0474177, 40.9551045], [40.0309996, 40.9595826], [40.007711, 40.956923], [39.9919916, 40.96472], [39.9318326, 40.9553042], [39.872812, 40.9549405], [39.852161, 40.9600018], [39.8583615, 40.9610659], [39.8348496, 40.9725856], [39.8294579, 40.985143], [39.8116767, 40.9876856], [39.780414, 41.0019076], [39.7866369, 41.0009815], [39.7832339, 41.0031294], [39.7619057, 41.0050904], [39.7445924, 41.000865], [39.7455567, 41.0041014], [39.7359524, 41.0042886], [39.7374249, 41.0076873], [39.7466373, 41.0063903], [39.7502978, 41.0069492], [39.7231265, 41.0130054], [39.6573651, 40.9964964], [39.6148066, 41.0126553], [39.6181075, 41.0131249], [39.5668002, 41.0247261], [39.5563502, 41.0399469], [39.5374572, 41.0521739], [39.5412446, 41.0526745], [39.4859446, 41.0927753], [39.4580853, 41.099836], [39.4305471, 41.1006995], [39.4267037, 41.1054156], [39.4320192, 41.1044658], [39.419173, 41.1076502], [39.3706789, 41.0797186], [39.3667894, 41.0798784], [39.3711526, 41.0837593], [39.3500222, 41.0710352], [39.290344, 41.0517008], [39.2506773, 41.0481299], [39.2251987, 41.0571434], [39.2159266, 41.066116], [39.2227555, 41.0661624], [39.2046946, 41.0749218], [39.1778452, 41.0736693], [39.1628226, 41.0793437], [39.1169958, 41.0515752], [39.0645875, 41.0412816], [39.0663791, 41.0437566], [39.0532174, 41.0368066], [39.0088455, 41.0323863], [39.0020843, 41.0364815], [39.0092766, 41.037007], [38.9987058, 41.0400741], [38.9481645, 41.0370446], [38.9344926, 41.0435628], [38.919693, 41.0399948], [38.8714478, 41.0111668], [38.8475803, 41.0109989], [38.8255308, 41.0043114], [38.8161313, 41.007961], [38.824967, 41.0110255], [38.8172148, 41.0114044], [38.8034397, 41.0008331], [38.7925504, 41.0011579], [38.7913034, 40.9949476], [38.715176, 40.9506674], [38.6749212, 40.9491378], [38.6613644, 40.9554403], [38.6538005, 40.9661021], [38.6442088, 40.9707135], [38.64377, 40.9735829], [38.6338696, 40.9703756], [38.6250664, 40.9734835], [38.587282, 40.9445847], [38.5353585, 40.9184647], [38.4807045, 40.9138688], [38.4716908, 40.9186669], [38.4297038, 40.9123033], [38.4205405, 40.9165041], [38.4017689, 40.9155], [38.3898991, 40.9249629], [38.3860572, 40.9229667], [38.3811695, 40.9229001], [38.3759406, 40.9205462], [38.3852096, 40.9224177], [38.3627559, 40.9088944], [38.3244414, 40.9199685], [38.308356, 40.93357], [38.2913256, 40.937343], [38.2830075, 40.9456219], [38.1899147, 40.9389983], [38.181185, 40.943015], [38.1879844, 40.9440786], [38.164209, 40.946745], [38.1504068, 40.9539194], [38.1241617, 40.9539194], [38.1198128, 40.9568815], [38.1243292, 40.9572331], [38.0981502, 40.9630503], [38.114516, 40.9621411], [38.1073836, 40.9663612], [38.073712, 40.9717954], [38.0579474, 40.9713031], [38.0739615, 40.9648834], [38.0013351, 40.980608], [37.8815233, 40.9861744], [37.8759239, 40.9892351], [37.8762677, 40.9945724], [37.8792395, 40.9965418], [37.8794082, 40.9973457], [37.872637, 40.998818], [37.865413, 41.015048], [37.8490922, 41.0184168], [37.8567212, 41.0201364], [37.8442841, 41.0181056], [37.8092197, 41.0253151], [37.8024691, 41.0298816], [37.799861, 41.041213], [37.783893, 41.052084], [37.7724477, 41.0723341], [37.787161, 41.1057018], [37.786615, 41.1161912], [37.77242, 41.112806], [37.751503, 41.1198256], [37.7316572, 41.1142553], [37.7044276, 41.114162], [37.682966, 41.130302], [37.6831417, 41.1365662], [37.676051, 41.12804], [37.654879, 41.117398], [37.654521, 41.109949], [37.6355594, 41.0857277], [37.6172423, 41.0706784], [37.6085486, 41.0512183], [37.61273, 41.0515801], [37.599146, 41.040359], [37.5401366, 41.0216987], [37.5101699, 41.0278221], [37.4919636, 41.0379094], [37.4886686, 41.0412723], [37.4913903, 41.0434901], [37.4914552, 41.0450918], [37.4874125, 41.04248], [37.4866554, 41.0466744], [37.4933142, 41.0465037], [37.481436, 41.050036], [37.4791581, 41.0625194], [37.442999, 41.076606], [37.4220014, 41.0792732], [37.3961721, 41.103465], [37.3353999, 41.1136495], [37.3489084, 41.1167712], [37.3173842, 41.1160405], [37.2920119, 41.1246891], [37.2876753, 41.1328478], [37.2950639, 41.1409546], [37.293305, 41.1452261], [37.19383, 41.144335], [37.141736, 41.149154], [37.0956547, 41.1594189], [37.0532551, 41.1751236], [37.0336759, 41.1870689], [37.0284598, 41.1942857], [37.0313909, 41.1977552], [37.0257434, 41.1969886], [37.0268657, 41.2000737], [37.0344413, 41.1973264], [37.0263365, 41.210607], [37.0247206, 41.2599434], [37.0155765, 41.2724713], [36.8800553, 41.3359643], [36.798234, 41.3554772], [36.6839348, 41.3685103], [36.6624566, 41.3822704], [36.6412265, 41.3772593], [36.6217918, 41.3661961], [36.6019831, 41.3343615], [36.5766502, 41.3094274], [36.5615286, 41.2863288], [36.5384835, 41.2717779], [36.4901596, 41.2521668], [36.4916737, 41.2482355], [36.4888053, 41.2528456], [36.4897364, 41.2496143], [36.4745154, 41.2500624], [36.4755974, 41.251608], [36.4855789, 41.2540076], [36.4898167, 41.2557497], [36.4896093, 41.2561361], [36.4751466, 41.2517978], [36.4740285, 41.2504827], [36.4748621, 41.2480258], [36.4736769, 41.2474524], [36.4572584, 41.2455121], [36.4565657, 41.2503937], [36.4570997, 41.2454889], [36.4506582, 41.2449675], [36.4445299, 41.2463971], [36.4444875, 41.2523776], [36.4405087, 41.245015], [36.3943251, 41.2517062], [36.3853059, 41.2561742], [36.3828807, 41.2702983], [36.3811337, 41.2671493], [36.374976, 41.2703672], [36.3845785, 41.2713122], [36.3735655, 41.2707668], [36.3499647, 41.2826117], [36.3509853, 41.3079823], [36.3475549, 41.2868452], [36.3368705, 41.2953979], [36.3373347, 41.3058326], [36.3423137, 41.3037079], [36.3401831, 41.3133914], [36.3436933, 41.3104754], [36.3556856, 41.3098279], [36.3372127, 41.3144062], [36.3356886, 41.3200268], [36.3401649, 41.3172572], [36.3419795, 41.3173432], [36.3314868, 41.3228576], [36.3285073, 41.3216486], [36.3319385, 41.3238774], [36.3174328, 41.324351], [36.3187879, 41.3295329], [36.2893677, 41.3324142], [36.2416904, 41.3538206], [36.2307798, 41.3664002], [36.2318947, 41.3725368], [36.2356831, 41.3651737], [36.2374774, 41.3639992], [36.2335088, 41.3718223], [36.208637, 41.389434], [36.1311492, 41.462175], [36.1334153, 41.4663972], [36.1278108, 41.4691313], [36.136539, 41.4661326], [36.1242978, 41.4757186], [36.119137, 41.4961071], [36.132532, 41.554143], [36.1168, 41.6207536], [36.0670609, 41.6800106], [35.987709, 41.7176609], [35.9555222, 41.7379389], [35.9486821, 41.7317112], [35.850392, 41.695736], [35.856367, 41.69148], [35.856299, 41.689942], [35.849349, 41.695376], [35.647101, 41.640411], [35.5545489, 41.6319227], [35.5120961, 41.6358559], [35.5091645, 41.6402308], [35.509068, 41.636836], [35.5002368, 41.6397927], [35.5087709, 41.6412642], [35.5104208, 41.6428116], [35.5019816, 41.6409354], [35.4717643, 41.6463513], [35.4218345, 41.6741208], [35.4150034, 41.6836538], [35.2778817, 41.7154798], [35.263019, 41.7293825], [35.265048, 41.73752], [35.20953, 41.766715], [35.1928596, 41.7945227], [35.1950441, 41.7986526], [35.2015304, 41.7971218], [35.1963925, 41.8001571], [35.2056636, 41.8016155], [35.2039891, 41.798035], [35.2073292, 41.8020623], [35.1739427, 41.8187187], [35.159573, 41.831699], [35.1574582, 41.8400997], [35.131889, 41.855831], [35.125985, 41.864154], [35.125114, 41.879314], [35.106975, 41.891712], [35.0892643, 41.9232349], [35.0897506, 41.9326097], [35.0943561, 41.9314391], [35.0933449, 41.9265622], [35.0949806, 41.9310978], [35.091828, 41.943324], [35.095375, 41.9665659], [35.1053644, 41.9753762], [35.1129599, 42.0027401], [35.1217925, 42.01379], [35.1481546, 42.0242361], [35.1437331, 42.0216084], [35.1519272, 42.0235194], [35.2045157, 42.0124654], [35.2113647, 42.0180238], [35.189546, 42.040961], [35.1710072, 42.0407713], [35.1443209, 42.0265988], [35.1209431, 42.023225], [35.0860871, 42.0252617], [35.0596471, 42.0329322], [35.0466868, 42.0398948], [35.0439791, 42.0510372], [35.0398476, 42.049352], [35.0413464, 42.0538512], [35.0477689, 42.0533212], [35.0515415, 42.0602675], [35.044911, 42.061854], [35.0441115, 42.0596149], [35.037327, 42.0609145], [35.0429067, 42.060824], [35.0434726, 42.0684971], [35.023118, 42.080593], [35.016621, 42.093027], [35.011341, 42.089526], [34.989099, 42.094534], [34.974874, 42.091443], [34.9443275, 42.0979923], [34.942615, 42.0935142], [34.9495025, 42.0891971], [34.9459048, 42.0802734], [34.948648, 42.073411], [34.9099334, 42.0270636], [34.874949, 41.998151], [34.827607, 41.967087], [34.800442, 41.955067], [34.7656174, 41.9535279], [34.717939, 41.943241], [34.694647, 41.946539], [34.623005, 41.941542], [34.5902309, 41.9501512], [34.5579484, 41.946685], [34.5072583, 41.958633], [34.5031584, 41.9608082], [34.5052693, 41.96303], [34.5058825, 41.9646195], [34.5019265, 41.9611218], [34.4992073, 41.9656691], [34.5088875, 41.9662066], [34.4901481, 41.9765532], [34.4757958, 41.9657278], [34.44092, 41.962582], [34.435496, 41.966115], [34.394959, 41.952497], [34.3763698, 41.9523765], [34.356304, 41.945773], [34.3383403, 41.9510452], [34.3244981, 41.9426733], [34.298924, 41.9407243], [34.2792842, 41.9475946], [34.1744344, 41.9593179], [34.1713749, 41.9640218], [34.167931, 41.9618997], [34.1679095, 41.9656971], [34.1733501, 41.9647865], [34.1687249, 41.9663193], [34.0954792, 41.9792889], [34.0194602, 41.9800266], [34.0250121, 41.9825032], [33.970371, 41.980872], [33.9442645, 41.9737698], [33.8990515, 41.97149], [33.8891379, 41.9733424], [33.8920437, 41.9759534], [33.8295283, 41.9723954], [33.7979108, 41.9767294], [33.7838892, 41.9731244], [33.7647511, 41.9810589], [33.7730086, 41.9800621], [33.7772907, 41.9820021], [33.7643826, 41.9813866], [33.7543142, 41.9779939], [33.7398425, 41.977542], [33.6183738, 41.9856416], [33.621827, 41.9878971], [33.581354, 41.988891], [33.515405, 42.002811], [33.4650431, 42.0058689], [33.455879, 42.0109916], [33.4183287, 42.0077563], [33.3909484, 42.0162616], [33.3378268, 42.0194855], [33.2783949, 41.9997839], [33.2649325, 41.9905411], [33.2128608, 41.9795364], [33.206048, 41.974352], [33.1898368, 41.9679467], [33.1827021, 41.9661678], [33.1792152, 41.9667501], [33.1650959, 41.9542642], [33.141353, 41.9484155], [33.1214183, 41.9491021], [33.0676893, 41.934945], [33.028336, 41.9275699], [33.0206677, 41.9170129], [32.9855586, 41.9092569], [32.9775693, 41.9003589], [32.9856697, 41.9019581], [32.9800173, 41.9002687], [32.98412, 41.898432], [32.9807747, 41.8992226], [32.9814935, 41.895565], [32.9364593, 41.8815718], [32.93831, 41.8815558], [32.9386546, 41.8773717], [32.935896, 41.8822867], [32.8958718, 41.8689017], [32.8728369, 41.8677552], [32.8598446, 41.8585905], [32.8299, 41.861762], [32.816525, 41.85571], [32.7759009, 41.8591487], [32.7774385, 41.8562526], [32.766591, 41.849202], [32.7348459, 41.8487767], [32.7254928, 41.8447257], [32.7211756, 41.8457423], [32.7265453, 41.8479882], [32.716643, 41.84819], [32.7085912, 41.8380382], [32.6846778, 41.8368813], [32.677477, 41.830237], [32.5822987, 41.8274388], [32.5775721, 41.8260701], [32.577815, 41.815549], [32.5724308, 41.8112172], [32.51043, 41.8056157], [32.5037084, 41.798438], [32.5000541, 41.8020652], [32.500567, 41.7937993], [32.4849007, 41.7813102], [32.4639875, 41.7733829], [32.453936, 41.775752], [32.430396, 41.762033], [32.416204, 41.739115], [32.4043105, 41.7384823], [32.3956621, 41.7454415], [32.3902177, 41.7426705], [32.3881493, 41.7487084], [32.3982414, 41.7478264], [32.3858659, 41.7505969], [32.373448, 41.7435983], [32.3650265, 41.7441402], [32.3622846, 41.7358897], [32.3393895, 41.7315036], [32.3406247, 41.722972], [32.3290904, 41.7201532], [32.3214759, 41.725091], [32.3040088, 41.7255656], [32.284172, 41.7200663], [32.248118, 41.692959], [32.242639, 41.692923], [32.2351794, 41.689288], [32.2275784, 41.6890581], [32.2232449, 41.6874911], [32.2316991, 41.6888504], [32.2378779, 41.6841153], [32.2240188, 41.6849532], [32.230007, 41.675127], [32.226648, 41.669713], [32.2124593, 41.6586524], [32.1945676, 41.6537837], [32.191508, 41.64624], [32.1736331, 41.640305], [32.1814708, 41.6373656], [32.17947, 41.631344], [32.1690393, 41.6220599], [32.1609807, 41.62113], [32.1554454, 41.6101832], [32.1412295, 41.6015599], [32.0290395, 41.5743214], [32.0173863, 41.5636545], [32.0211995, 41.566299], [32.0222661, 41.5634407], [31.9952573, 41.5469189], [31.9211594, 41.5283524], [31.9038685, 41.5293452], [31.9014743, 41.528583], [31.9099045, 41.527285], [31.907868, 41.5229722], [31.9021348, 41.5256574], [31.9050335, 41.5205958], [31.9050243, 41.5193321], [31.9032539, 41.5177111], [31.9041529, 41.5207057], [31.9012266, 41.520637], [31.8989517, 41.5224021], [31.8954842, 41.5232469], [31.9008757, 41.5203033], [31.8441128, 41.4996871], [31.8307336, 41.4907955], [31.8291055, 41.484922], [31.7791563, 41.4585923], [31.7873482, 41.4611606], [31.7868846, 41.4527656], [31.7812599, 41.4571946], [31.7546971, 41.4542061], [31.7515101, 41.4417236], [31.7416581, 41.4385804], [31.7476035, 41.4354351], [31.7412415, 41.438257], [31.7292239, 41.4346472], [31.720525, 41.424406], [31.7050569, 41.4221667], [31.6825285, 41.4079161], [31.6739619, 41.4099228], [31.6435713, 41.3990258], [31.6052901, 41.3764486], [31.5947053, 41.3787283], [31.5889824, 41.3718625], [31.5600874, 41.3721224], [31.5493261, 41.3647637], [31.531373, 41.3642503], [31.5026323, 41.3552251], [31.4712543, 41.3373764], [31.4661073, 41.3274699], [31.437046, 41.327206], [31.4223394, 41.3161406], [31.4008855, 41.3158781], [31.3923826, 41.3051666], [31.3925277, 41.2928921], [31.4010014, 41.2802859], [31.3996028, 41.2870091], [31.4066662, 41.2895429], [31.4121948, 41.2846442], [31.4087058, 41.2819583], [31.4136705, 41.2834648], [31.418798, 41.2798604], [31.4206991, 41.2748133], [31.4208702, 41.26934], [31.4146633, 41.2687922], [31.4196924, 41.2675594], [31.4177026, 41.2623591], [31.4105668, 41.2710101], [31.4133423, 41.2654711], [31.4071016, 41.2634193], [31.4031261, 41.2733272], [31.4057894, 41.2479929], [31.4034562, 41.2438098], [31.3980261, 41.2431874], [31.3946373, 41.2393717], [31.3986462, 41.2430298], [31.4038866, 41.2403437], [31.3984977, 41.2348793], [31.4023119, 41.2229383], [31.4098607, 41.2197246], [31.4100429, 41.2149873], [31.4076555, 41.2103705], [31.3864272, 41.191421], [31.3874305, 41.1963215], [31.3837456, 41.1936929], [31.3810445, 41.1788122], [31.3458564, 41.1545664], [31.3410403, 41.137698], [31.3027921, 41.1189442], [31.2517404, 41.1043671], [31.1532, 41.091578], [31.1197105, 41.0923665], [31.1229729, 41.0901205], [31.0918499, 41.0864797], [31.0709862, 41.0779998], [31.0208912, 41.0768422], [31.01227, 41.072803], [30.8953331, 41.0743458], [30.7569734, 41.0858506], [30.6715023, 41.1208388], [30.6750386, 41.125886], [30.6841349, 41.124341], [30.6749303, 41.1262094], [30.6690697, 41.1217421], [30.6497731, 41.1280438], [30.4761366, 41.1496269], [30.378017, 41.1752626], [30.3523045, 41.1853448], [30.349085, 41.1928038], [30.3328608, 41.194911], [30.330355, 41.200838], [30.2946282, 41.2005414], [30.2707639, 41.209732], [30.2631522, 41.207562], [30.2559402, 41.1910974], [30.224573, 41.186784], [30.2333638, 41.1780466], [30.219967, 41.1753696], [30.2273096, 41.1654711], [30.2217176, 41.1594032], [30.2059708, 41.1640211], [30.2063944, 41.1608849], [30.1924603, 41.161464], [30.197072, 41.152941], [30.1901673, 41.145777], [30.178102, 41.153312], [30.178716, 41.14691], [30.1550959, 41.1387847], [30.118766, 41.143371], [30.1022232, 41.1355022], [30.099207, 41.140313], [30.082588, 41.139893], [30.074027, 41.1339], [30.055152, 41.138424], [30.0464755, 41.1338901], [30.025888, 41.139853], [30.0207063, 41.1345935], [30.0169114, 41.1387099], [29.9993196, 41.138895], [30.0029981, 41.1366827], [30.0016396, 41.1352343], [29.9960116, 41.1388086], [29.9793834, 41.1345234], [29.970501, 41.14046], [29.943226, 41.137952], [29.911212, 41.143387], [29.8757039, 41.1388151], [29.8613244, 41.1436207], [29.8459815, 41.1386417], [29.8195434, 41.1434023], [29.7961644, 41.153657], [29.7893527, 41.1517287], [29.7894583, 41.1553865], [29.7811329, 41.1569901], [29.7799272, 41.1584345], [29.7559956, 41.157202], [29.7524221, 41.1614498], [29.7332976, 41.1552224], [29.7061267, 41.1596767], [29.703225, 41.163861], [29.679027, 41.16186], [29.6449479, 41.1720272], [29.6358632, 41.1707224], [29.6248821, 41.1753131], [29.6243445, 41.1796632], [29.6182182, 41.1775718], [29.614099, 41.1809653], [29.6101296, 41.1797365], [29.6075642, 41.1812168], [29.6073666, 41.1821487], [29.5997669, 41.1786711], [29.6091688, 41.1780773], [29.6017797, 41.1778726], [29.6036279, 41.1752737], [29.5970588, 41.1712486], [29.564, 41.173591], [29.389526, 41.214952], [29.357277, 41.2107767], [29.3189659, 41.2166314], [29.2579198, 41.2304698], [29.2563501, 41.2353335], [29.2413709, 41.2278775], [29.2150599, 41.2313093], [29.2141563, 41.2234775], [29.2000788, 41.2240472], [29.1975679, 41.220317], [29.1654468, 41.224459], [29.162021, 41.2174759], [29.1540356, 41.2196045], [29.149902, 41.2130388], [29.1300433, 41.2084203], [29.1253889, 41.2048244], [29.1297348, 41.207401], [29.131043, 41.2031409], [29.1180584, 41.2002838], [29.1186179, 41.1877689], [29.1125844, 41.1829603], [29.0871223, 41.1786616], [29.0866851, 41.1700517], [29.0734935, 41.1645956], [29.0779089, 41.1544962], [29.0711649, 41.1431569], [29.0913667, 41.1344033], [29.0976119, 41.1253604], [29.0965997, 41.118429], [29.0814671, 41.1071107], [29.066174, 41.1027446], [29.0662404, 41.0811042], [29.0554577, 41.0735386], [29.0523163, 41.0485662], [29.0085609, 41.0252224], [29.0111505, 41.0129903], [29.0066612, 41.0073035], [29.0239404, 40.994583], [29.0148423, 40.9925657], [29.0213613, 40.9788905], [29.033681, 40.9822174], [29.0387687, 40.9777421], [29.0346921, 40.9764643], [29.038295, 40.9709443], [29.0337097, 40.9738673], [29.0315445, 40.9684186], [29.0314271, 40.9677056], [29.0322368, 40.9667588], [29.0487679, 40.969206], [29.0810735, 40.9534818], [29.0948141, 40.952004], [29.1028249, 40.9442668], [29.1018333, 40.9409349], [29.1019277, 40.939234], [29.1031176, 40.9439792], [29.1072369, 40.9426079], [29.112425, 40.9301087], [29.1143405, 40.9324597], [29.1163459, 40.9333423], [29.1133454, 40.9292491], [29.1192281, 40.9225383], [29.1227824, 40.9241725], [29.1192871, 40.9224474], [29.121708, 40.9195664], [29.12795, 40.9190219], [29.1434073, 40.9020554], [29.1567365, 40.8997791], [29.1793876, 40.8856849], [29.203694, 40.883273], [29.2279633, 40.8707637], [29.2398534, 40.867784], [29.2335452, 40.8708387], [29.2371889, 40.8750705], [29.2585419, 40.8671392], [29.2546783, 40.8625344], [29.2560516, 40.8594834], [29.2566315, 40.8644421], [29.2650608, 40.8599773], [29.2524295, 40.8592108], [29.2604118, 40.8550431], [29.2871148, 40.8548126], [29.29125, 40.8450182], [29.2832261, 40.8415175], [29.2822243, 40.8342689], [29.271124, 40.837296], [29.2674499, 40.8422982], [29.2703853, 40.8454408], [29.2712694, 40.8506284], [29.26776, 40.8496677], [29.2627038, 40.8399621], [29.2694294, 40.8364939], [29.2641047, 40.8372414], [29.2776769, 40.8317446], [29.2797519, 40.8265149], [29.2673703, 40.8150613], [29.2619533, 40.816441], [29.2660688, 40.818945], [29.2545791, 40.8145617], [29.2571419, 40.8027042], [29.263601, 40.8050142], [29.265518, 40.8095056], [29.2643287, 40.8082309], [29.2620772, 40.809947], [29.2758812, 40.8139807], [29.2973987, 40.8117144], [29.2932895, 40.8141017], [29.2977916, 40.8163925], [29.3090298, 40.8113965], [29.317904, 40.8128509], [29.315915, 40.8160857], [29.3204992, 40.8136723], [29.3183512, 40.8172728], [29.3297032, 40.8166107], [29.3476268, 40.8009976], [29.3447611, 40.7969258], [29.3495677, 40.7952973], [29.3481096, 40.7911266], [29.3370222, 40.7928723], [29.3336675, 40.7863053], [29.348742, 40.7843164], [29.3545328, 40.7553835], [29.3724566, 40.7573136], [29.3875918, 40.7520131], [29.4269751, 40.7690744], [29.4685772, 40.7715813], [29.4904631, 40.7806186], [29.5033791, 40.7795396], [29.5158875, 40.7668824], [29.5230574, 40.7689078], [29.5228142, 40.7641194], [29.534228, 40.7636925], [29.5388991, 40.769462], [29.5443254, 40.7666916], [29.551871, 40.772126], [29.5716552, 40.7665535], [29.6173967, 40.7836904], [29.636425, 40.775614], [29.6848537, 40.7784644], [29.712406, 40.7746257], [29.7094558, 40.7720445], [29.7142087, 40.7746873], [29.7246837, 40.7686716], [29.7328906, 40.7719431], [29.7486577, 40.7639476], [29.7420087, 40.7619582], [29.7449271, 40.7587813], [29.7512695, 40.7612297], [29.756999, 40.7566078], [29.7595381, 40.7505025], [29.7555168, 40.7500179], [29.7831788, 40.7406974], [29.8030783, 40.7486321], [29.8315526, 40.7472142], [29.843066, 40.752622], [29.8556438, 40.7495987], [29.8679854, 40.7582757], [29.9262051, 40.7597879], [29.9408725, 40.7506201], [29.9412363, 40.7306186], [29.9352136, 40.7184364], [29.9302161, 40.7182311], [29.9295749, 40.7209069], [29.9284889, 40.7207912], [29.9290793, 40.717751], [29.905566, 40.713957], [29.8979563, 40.7175437], [29.8720517, 40.7158447], [29.87166, 40.7186156], [29.8759135, 40.7192663], [29.875518, 40.7202673], [29.87721, 40.7207841], [29.8778481, 40.7237157], [29.8769301, 40.7208624], [29.8708688, 40.7192138], [29.873179, 40.7242109], [29.8679849, 40.728397], [29.8471207, 40.729384], [29.8320463, 40.7218598], [29.8072962, 40.725468], [29.8128113, 40.7303646], [29.7734816, 40.7186301], [29.6789022, 40.7029364], [29.6656632, 40.705153], [29.6441752, 40.6957911], [29.618613, 40.6964563], [29.5572591, 40.6864397], [29.5207897, 40.7211394], [29.5137807, 40.7430872], [29.5109641, 40.7349753], [29.5055266, 40.729918], [29.5021886, 40.7325285], [29.4983549, 40.7249555], [29.4847727, 40.7246], [29.4669674, 40.7123909], [29.4728397, 40.7088592], [29.4661931, 40.7104881], [29.4694325, 40.7085853], [29.4651606, 40.7003717], [29.4601278, 40.7019973], [29.4570239, 40.6954495], [29.426948, 40.6882947], [29.3934927, 40.7021205], [29.3819745, 40.7014825], [29.3694154, 40.696335], [29.342643, 40.6734187], [29.2807063, 40.6599612], [29.1712137, 40.6551965], [29.1438722, 40.6610925], [29.1443809, 40.6551135], [29.1362655, 40.6486586], [29.1045319, 40.6432642], [29.0536368, 40.6481548], [28.99667, 40.645854], [28.965952, 40.6335801], [28.952767, 40.614001], [28.932344, 40.600866], [28.8917145, 40.5829634], [28.8158224, 40.5642465], [28.7936245, 40.5518241], [28.7886033, 40.5402378], [28.7804612, 40.5344694], [28.7808798, 40.5182047], [28.8538858, 40.5063309], [28.873543, 40.491312], [28.8818406, 40.4804298], [28.8839842, 40.4789345], [28.924098, 40.465834], [28.9666924, 40.4622964], [28.9751546, 40.4562294], [28.9820596, 40.4641194], [29.0168322, 40.4705465], [29.0260174, 40.4792351], [29.082121, 40.477856], [29.1512545, 40.4362345], [29.15577, 40.4244258], [29.1514136, 40.4221548], [29.1356278, 40.423093], [29.1055443, 40.4151804], [29.0801802, 40.417821], [29.08255, 40.4121407], [29.0785719, 40.4142703], [29.0758184, 40.4139038], [29.0828579, 40.4094015], [29.0674272, 40.3902563], [29.0682168, 40.3741269], [29.0523553, 40.3624345], [29.031997, 40.365272], [28.9850943, 40.3562516], [28.9604266, 40.359149], [28.929678, 40.3554619], [28.8693427, 40.3847756], [28.8477306, 40.3808222], [28.8148833, 40.391066], [28.777691, 40.394381], [28.727341, 40.382806], [28.7228309, 40.3776511], [28.6756414, 40.374605], [28.676073, 40.3648665], [28.6574239, 40.361007], [28.6377442, 40.3629468], [28.5805812, 40.3735983], [28.5103057, 40.3957942], [28.4088846, 40.3939697], [28.3776508, 40.3976937], [28.3714687, 40.4012779], [28.3670798, 40.4018398], [28.3717218, 40.3983991], [28.3404283, 40.4016344], [28.297168, 40.395878], [28.2911168, 40.3973388], [28.2904899, 40.4001448], [28.2860665, 40.4016104], [28.2902249, 40.3999892], [28.2891949, 40.3973536], [28.245226, 40.401841], [28.146716, 40.395543], [28.133168, 40.388616], [28.1123594, 40.3899385], [28.074595, 40.379418], [28.0614147, 40.3818375], [28.0495149, 40.3741889], [28.0085441, 40.3707004], [27.9724853, 40.3617265], [27.9790973, 40.3617097], [27.9686911, 40.3570079], [27.9582981, 40.3586139], [27.9689095, 40.3567021], [27.9634673, 40.3510168], [27.9630712, 40.354458], [27.9523806, 40.3550959], [27.9576552, 40.3562697], [27.927872, 40.3627413], [27.910137, 40.3806569], [27.9130377, 40.3836182], [27.9018745, 40.3789322], [27.8967832, 40.3906204], [27.905757, 40.394858], [27.908108, 40.4014232], [27.917872, 40.4016767], [27.9259116, 40.4115937], [27.9460837, 40.4134132], [27.9519103, 40.4226824], [27.9708041, 40.4229277], [27.998953, 40.44069], [28.0059547, 40.4398469], [28.0244967, 40.453371], [28.0230669, 40.4607983], [28.0286272, 40.4701988], [28.0299863, 40.4654182], [28.032499, 40.480835], [28.0102798, 40.489042], [27.9714705, 40.4906025], [27.9562662, 40.4999778], [27.949002, 40.496955], [27.919896, 40.508231], [27.9015161, 40.5061333], [27.891369, 40.513204], [27.876548, 40.511777], [27.870554, 40.516444], [27.8487465, 40.513356], [27.8430557, 40.5163381], [27.8379297, 40.5096958], [27.8300525, 40.5111518], [27.8286055, 40.517917], [27.8256121, 40.5137339], [27.8145244, 40.5189967], [27.8052932, 40.5130372], [27.7944641, 40.5197501], [27.7923065, 40.5072184], [27.7833971, 40.506302], [27.7747668, 40.5119348], [27.779601, 40.520817], [27.7772282, 40.5261423], [27.7726698, 40.5203366], [27.7639244, 40.5203528], [27.7633391, 40.524695], [27.7529315, 40.521674], [27.7535785, 40.5282221], [27.7471699, 40.5253065], [27.7483728, 40.5177702], [27.7407914, 40.5172436], [27.7369595, 40.5259492], [27.7328719, 40.5178956], [27.7250344, 40.5196328], [27.7271856, 40.5243875], [27.7222718, 40.520065], [27.7184678, 40.5226561], [27.7016485, 40.5151929], [27.6935798, 40.5034128], [27.684029, 40.502165], [27.6870517, 40.4726061], [27.7084349, 40.4672608], [27.7175054, 40.4559575], [27.740373, 40.4561747], [27.7505471, 40.4503975], [27.7552482, 40.4421779], [27.745797, 40.430405], [27.7851587, 40.4075456], [27.7872766, 40.3942578], [27.7904137, 40.3959095], [27.7968864, 40.3904157], [27.79559, 40.3840739], [27.801184, 40.383562], [27.8058228, 40.3871808], [27.8018824, 40.3893362], [27.8207862, 40.4003084], [27.8752939, 40.3819472], [27.8799586, 40.374909], [27.8613896, 40.3600276], [27.8244868, 40.3464037], [27.782743, 40.313207], [27.7576773, 40.3059795], [27.72601, 40.308698], [27.712665, 40.315457], [27.676365, 40.307972], [27.6613821, 40.3112254], [27.634948, 40.326309], [27.63505, 40.319376], [27.634202, 40.318225], [27.63185, 40.317853], [27.63294, 40.326834], [27.603217, 40.323141], [27.6090399, 40.3186825], [27.6089996, 40.3160958], [27.602712, 40.322887], [27.5606616, 40.3057794], [27.5324316, 40.3021138], [27.4919459, 40.3078523], [27.4317351, 40.3251006], [27.342591, 40.362464], [27.3168309, 40.3788152], [27.3046238, 40.4013858], [27.309438, 40.4012472], [27.314474, 40.4091519], [27.3339129, 40.4106209], [27.32556, 40.415663], [27.3298162, 40.4192303], [27.3321766, 40.4235511], [27.3296392, 40.4195979], [27.320392, 40.423637], [27.315455, 40.445732], [27.289818, 40.462745], [27.2859406, 40.4750178], [27.274898, 40.472282], [27.2602378, 40.4580844], [27.2111603, 40.4433663], [27.2056455, 40.4345889], [27.1889247, 40.433568], [27.1552359, 40.4519008], [27.1472241, 40.4483555], [27.1452123, 40.4546402], [27.1425959, 40.4560502], [27.1459138, 40.4487378], [27.1420399, 40.4529212], [27.1369839, 40.448379], [27.121594, 40.4510948], [27.108091, 40.442517], [27.090279, 40.442147], [27.07346, 40.426882], [27.0615497, 40.4291108], [27.0667013, 40.4216733], [27.0551793, 40.4087931], [27.0452659, 40.4132719], [27.0409989, 40.4133412], [27.0392446, 40.4119784], [27.0539486, 40.4088225], [27.03346, 40.389798], [27.019357, 40.391855], [26.991486, 40.384026], [26.96026, 40.382479], [26.9357374, 40.3888536], [26.9129896, 40.4059168], [26.8844915, 40.3959912], [26.8400241, 40.4006121], [26.8186083, 40.395475], [26.7801364, 40.4059913], [26.7519663, 40.4025109], [26.7297277, 40.3915508], [26.7154899, 40.3893247], [26.709497, 40.3867913], [26.7057085, 40.3845017], [26.705442, 40.3836446], [26.7160266, 40.3819381], [26.7120064, 40.3868487], [26.7126358, 40.3847339], [26.7069622, 40.3848652], [26.715462, 40.389068], [26.7229061, 40.3896229], [26.7299336, 40.3914544], [26.7334237, 40.3927878], [26.7365271, 40.3904405], [26.6900238, 40.3653594], [26.69087, 40.3506563], [26.690033, 40.3546326], [26.6890222, 40.349355], [26.6516632, 40.3279567], [26.607107, 40.2813991], [26.5866649, 40.2838169], [26.5687777, 40.2769486], [26.5650411, 40.2723365], [26.5624902, 40.2677037], [26.5620591, 40.2654556], [26.5645291, 40.2702874], [26.5700172, 40.2717335], [26.5746879, 40.2717472], [26.5799873, 40.2692594], [26.5750651, 40.2710481], [26.5703495, 40.2707123], [26.5632716, 40.2650512], [26.5565441, 40.2630293], [26.5586369, 40.2567918], [26.5502835, 40.2536043], [26.5416311, 40.2341275], [26.524594, 40.217179], [26.465807, 40.196509], [26.4545668, 40.1990488], [26.442057, 40.193573], [26.4147967, 40.200197], [26.4012274, 40.1963301], [26.4084157, 40.1929075], [26.4064738, 40.1787124], [26.4020307, 40.1759571], [26.4033906, 40.1631308], [26.4094209, 40.1560813], [26.4002003, 40.1508101], [26.3974851, 40.1432656], [26.4074904, 40.1293873], [26.4096053, 40.1178834], [26.3967817, 40.1043025], [26.3710177, 40.1045374], [26.3647936, 40.0982501], [26.3618603, 40.0924943], [26.3657924, 40.0827132], [26.3582361, 40.074916], [26.3561113, 40.0567656], [26.3485796, 40.0465013], [26.3382413, 40.0428737], [26.3343189, 40.0284291], [26.3214325, 40.0175329], [26.2992063, 40.013732], [26.2862979, 40.0041269], [26.2508185, 39.9984222], [26.198135, 40.008678], [26.179308, 39.99147], [26.164658, 39.947072], [26.1604145, 39.9457635], [26.1641861, 39.9449514], [26.1619605, 39.9412441], [26.1606824, 39.9446026], [26.158584, 39.925459], [26.1500772, 39.9150837], [26.1606798, 39.8955781], [26.1591816, 39.8835525], [26.144969, 39.867071], [26.147095, 39.856815], [26.1429172, 39.8442911], [26.1341009, 39.8421458], [26.1632364, 39.8215479], [26.1630672, 39.8201345], [26.1605883, 39.8199296], [26.1598964, 39.8189746], [26.1630628, 39.8200512], [26.1632761, 39.8106961], [26.1563889, 39.8048711], [26.1541439, 39.7948035], [26.1568017, 39.772615], [26.1390817, 39.7583501], [26.159107, 39.7189467], [26.1633233, 39.6594136], [26.1381266, 39.6070084], [26.1042056, 39.5844792], [26.1015546, 39.5677436], [26.0946051, 39.563497], [26.0973783, 39.5605911], [26.08911, 39.528971], [26.080751, 39.521715], [26.0840327, 39.5117394], [26.0697368, 39.5027116], [26.063613, 39.476896], [26.116406, 39.455352], [26.1317642, 39.453282], [26.1502308, 39.4589576], [26.205113, 39.461514], [26.211313, 39.469902], [26.2299376, 39.4746126], [26.2415489, 39.4641823], [26.2551278, 39.4794567], [26.264846, 39.483349], [26.2886949, 39.4859831], [26.32409, 39.4812557], [26.3491236, 39.4879364], [26.3693018, 39.4808606], [26.3770105, 39.4965463], [26.4175142, 39.5013737], [26.4420283, 39.5170132], [26.4897443, 39.5281577], [26.5477281, 39.5309524], [26.5943006, 39.545094], [26.6073165, 39.5435465], [26.6326938, 39.555076], [26.6585137, 39.5520967], [26.6732068, 39.558298], [26.6903973, 39.5552633], [26.728139, 39.567531], [26.7590643, 39.5635559], [26.7724908, 39.5714346], [26.8181536, 39.5682956], [26.8380234, 39.5575847], [26.851901, 39.566728], [26.866171, 39.565204], [26.8774807, 39.5851706], [26.9260666, 39.5819416], [26.944969, 39.566938], [26.9530595, 39.5521826], [26.9394314, 39.5387585], [26.9433293, 39.534822], [26.9394864, 39.5380508], [26.9408097, 39.5255428], [26.9276714, 39.491066], [26.9302446, 39.4849523], [26.8834206, 39.4742073], [26.8575077, 39.4773163], [26.852631, 39.45669], [26.8570782, 39.4497997], [26.8545305, 39.4396334], [26.833936, 39.4294814], [26.8172275, 39.4320033], [26.812823, 39.439128], [26.8087021, 39.4337738], [26.7972793, 39.4318078], [26.8038645, 39.4183956], [26.8017322, 39.4031133], [26.8095263, 39.4045528], [26.805916, 39.391472], [26.7917768, 39.3870418], [26.7878304, 39.3779851], [26.7755816, 39.3688263], [26.765968, 39.3686863], [26.747149, 39.357509], [26.736886, 39.35967], [26.7343018, 39.3517042], [26.7141125, 39.3410781], [26.699952, 39.3419816], [26.7027427, 39.3370742], [26.6897171, 39.3134626], [26.675243, 39.31239], [26.662064, 39.303236], [26.6608598, 39.2925471], [26.6667325, 39.2952181], [26.6736982, 39.2845144], [26.670772, 39.278864], [26.6594381, 39.2832742], [26.660159, 39.287051], [26.654547, 39.285879], [26.659142, 39.292184], [26.65118, 39.298324], [26.639313, 39.292253], [26.630529, 39.296977], [26.634291, 39.304693], [26.641908, 39.301891], [26.644852, 39.307935], [26.6565549, 39.3040568], [26.65162, 39.309625], [26.657533, 39.31709], [26.6521928, 39.3233065], [26.625987, 39.312114], [26.622714, 39.30594], [26.626392, 39.298248], [26.62018, 39.285644], [26.611445, 39.2825244], [26.6085295, 39.2758961], [26.633662, 39.272043], [26.6387137, 39.2667435], [26.7039025, 39.2643878], [26.7216059, 39.2568628], [26.7345142, 39.2400093], [26.735715, 39.231519], [26.731438, 39.227144], [26.7403921, 39.2223731], [26.7371311, 39.2222368], [26.7350647, 39.206717], [26.7292311, 39.2198584], [26.7290433, 39.2152588], [26.7340882, 39.2062332], [26.7616642, 39.1798062], [26.7675982, 39.1661327], [26.8167173, 39.1548484], [26.8491525, 39.1294224], [26.8791562, 39.0944343], [26.8876599, 39.0753829], [26.8865539, 39.0679968], [26.8511389, 39.0573681], [26.8382234, 39.0448828], [26.8200587, 39.036931], [26.813034, 39.0414724], [26.812015, 39.037], [26.8051647, 39.0378164], [26.7991431, 39.0318292], [26.7954204, 39.0235166], [26.7992788, 39.0155831], [26.816507, 39.0254071], [26.812238, 39.01517], [26.8084673, 39.0164822], [26.8015008, 39.0081914], [26.7971843, 38.9960399], [26.8005446, 38.9684382], [26.7964408, 38.9624871], [26.8021494, 38.9508813], [26.8122633, 38.9520366], [26.8214154, 38.9364503], [26.8505258, 38.9332386], [26.8571663, 38.9221863], [26.8525286, 38.9164857], [26.8590454, 38.9143495], [26.8710505, 38.918692], [26.8777909, 38.9159762], [26.8940804, 38.9303288], [26.9191346, 38.939787], [26.92966, 38.9365678], [26.9335107, 38.9292499], [26.9302483, 38.9301208], [26.9368833, 38.9263026], [26.9364061, 38.9374358], [26.9465787, 38.9391828], [26.9505698, 38.9344302], [26.9564174, 38.9384586], [26.9946712, 38.9161162], [26.9948351, 38.9122196], [26.9953416, 38.9160844], [27.0192326, 38.9134727], [27.0167973, 38.9179733], [27.0144696, 38.9148897], [27.0136793, 38.9169034], [27.0091078, 38.9149352], [27.0028582, 38.9176322]]], [[[35.9209531, 35.9523591], [35.9203187, 35.9508544], [35.9203496, 35.9507664], [35.9209531, 35.9523591]]], [[[32.6038324, 36.0763484], [32.6036836, 36.0762977], [32.603758, 36.0762249], [32.6038324, 36.0763484]]], [[[32.603433, 36.0765921], [32.6033351, 36.0764971], [32.6034643, 36.0764924], [32.603433, 36.0765921]]], [[[32.5924985, 36.0786837], [32.5923595, 36.0785333], [32.5924554, 36.0785222], [32.5924985, 36.0786837]]], [[[32.5922518, 36.0787216], [32.5920305, 36.0788783], [32.5919209, 36.078796], [32.5922518, 36.0787216]]], [[[32.6804559, 36.0400247], [32.6800312, 36.0392348], [32.6808806, 36.0397442], [32.6804559, 36.0400247]]], [[[32.7990037, 36.0179352], [32.798802, 36.0176311], [32.7989489, 36.0175171], [32.7990037, 36.0179352]]], [[[33.5337244, 36.1207472], [33.5323599, 36.1250927], [33.5294032, 36.1203501], [33.5337244, 36.1207472]]], [[[32.8979147, 36.0787569], [32.898479, 36.07895], [32.8978281, 36.0791597], [32.8979147, 36.0787569]]], [[[33.3775904, 36.113417], [33.378945, 36.113959], [33.3773419, 36.1140849], [33.3775904, 36.113417]]], [[[33.530176, 36.1263139], [33.5320995, 36.1265785], [33.5298904, 36.1289259], [33.530176, 36.1263139]]], [[[33.3647848, 36.1384195], [33.3652632, 36.1388907], [33.3642713, 36.138476], [33.3647848, 36.1384195]]], [[[32.4209325, 36.1478231], [32.4216972, 36.1476737], [32.4210227, 36.1481613], [32.4209325, 36.1478231]]], [[[32.4237302, 36.1496171], [32.4231295, 36.1497101], [32.4232365, 36.1492782], [32.4237302, 36.1496171]]], [[[29.6539173, 36.1435429], [29.655569, 36.1427562], [29.655577, 36.1435989], [29.6539173, 36.1435429]]], [[[32.428163, 36.1466674], [32.4288707, 36.1466807], [32.4287898, 36.1467875], [32.428163, 36.1466674]]], [[[32.4685979, 36.1243243], [32.4693703, 36.1247603], [32.4686644, 36.1249566], [32.4685979, 36.1243243]]], [[[29.6511366, 36.1316103], [29.6508489, 36.1328614], [29.6496412, 36.1313145], [29.6511366, 36.1316103]]], [[[29.7381819, 36.1225149], [29.7492802, 36.1261995], [29.7504836, 36.1322768], [29.7661047, 36.1322589], [29.7552869, 36.1409289], [29.7381819, 36.1225149]]], [[[29.659904, 36.130619], [29.6628977, 36.1357653], [29.662947, 36.136331], [29.6548856, 36.1339309], [29.659904, 36.130619]]], [[[32.454032, 36.1353761], [32.4541434, 36.1353474], [32.4541302, 36.1354031], [32.454032, 36.1353761]]], [[[29.6777558, 36.1367527], [29.6776676, 36.1370392], [29.6774188, 36.1370154], [29.6777558, 36.1367527]]], [[[33.3486143, 36.1398483], [33.349063, 36.138677], [33.3496382, 36.1398724], [33.3486143, 36.1398483]]], [[[33.3494055, 36.1405872], [33.350406, 36.141026], [33.3501252, 36.1414163], [33.3494055, 36.1405872]]], [[[29.5571198, 36.1688425], [29.5571109, 36.1688887], [29.5570784, 36.1688523], [29.5571198, 36.1688425]]], [[[29.5574693, 36.1686873], [29.557345, 36.1688279], [29.5573104, 36.1687824], [29.5574693, 36.1686873]]], [[[29.6162812, 36.1508543], [29.6160071, 36.1508053], [29.6159692, 36.1505346], [29.6162812, 36.1508543]]], [[[32.4224197, 36.1511705], [32.4220934, 36.1514442], [32.4219352, 36.1513732], [32.4224197, 36.1511705]]], [[[29.6272581, 36.1516493], [29.627647, 36.1520195], [29.6269076, 36.151783], [29.6272581, 36.1516493]]], [[[29.6237321, 36.1530612], [29.6255103, 36.1511994], [29.6264026, 36.15172], [29.6237321, 36.1530612]]], [[[29.7140215, 36.1561177], [29.7140053, 36.1558817], [29.7141255, 36.1560381], [29.7140215, 36.1561177]]], [[[29.6746307, 36.1516909], [29.6755718, 36.1516242], [29.6755928, 36.151784], [29.6746307, 36.1516909]]], [[[29.6294839, 36.1519104], [29.6293579, 36.1519443], [29.6294054, 36.1518897], [29.6294839, 36.1519104]]], [[[29.6292532, 36.1519268], [29.6290465, 36.151978], [29.6290427, 36.1518465], [29.6292532, 36.1519268]]], [[[29.6296294, 36.1521279], [29.6317117, 36.1522833], [29.6321296, 36.1529697], [29.6296294, 36.1521279]]], [[[29.717383, 36.1563297], [29.7181549, 36.1566785], [29.7170779, 36.1566346], [29.717383, 36.1563297]]], [[[29.621272, 36.159084], [29.6223218, 36.1585134], [29.6224313, 36.159413], [29.621272, 36.159084]]], [[[33.6954642, 36.1595285], [33.692864, 36.161245], [33.691904, 36.1603642], [33.6954642, 36.1595285]]], [[[29.6243829, 36.1581936], [29.6242005, 36.1584688], [29.6241092, 36.1580928], [29.6243829, 36.1581936]]], [[[29.6277975, 36.1615654], [29.629008, 36.1624108], [29.6292599, 36.1630778], [29.6277975, 36.1615654]]], [[[29.6241509, 36.1617547], [29.6268461, 36.1616265], [29.6261746, 36.1623205], [29.6241509, 36.1617547]]], [[[29.6297098, 36.1613536], [29.6288792, 36.1611753], [29.6293696, 36.1608971], [29.6297098, 36.1613536]]], [[[29.8367539, 36.1710289], [29.8368309, 36.171062], [29.8367555, 36.1710765], [29.8367539, 36.1710289]]], [[[32.3820076, 36.1715365], [32.3817233, 36.1713864], [32.3819857, 36.1713187], [32.3820076, 36.1715365]]], [[[29.837143, 36.1721341], [29.8374364, 36.1720838], [29.8374151, 36.1721831], [29.837143, 36.1721341]]], [[[30.4070616, 36.1696674], [30.407702, 36.1689436], [30.4071024, 36.1702878], [30.4070616, 36.1696674]]], [[[29.8465601, 36.1690786], [29.8467411, 36.1691806], [29.8465035, 36.1691593], [29.8465601, 36.1690786]]], [[[29.8344707, 36.1683042], [29.8346102, 36.1687897], [29.8342047, 36.1686317], [29.8344707, 36.1683042]]], [[[29.832667, 36.16846], [29.8324398, 36.1688081], [29.8322914, 36.1684338], [29.832667, 36.16846]]], [[[29.8612517, 36.1690499], [29.8629858, 36.1692008], [29.8631516, 36.1698414], [29.8612517, 36.1690499]]], [[[29.8350642, 36.1691397], [29.8379982, 36.1696754], [29.8367007, 36.1708593], [29.8350642, 36.1691397]]], [[[29.8121202, 36.169879], [29.811727, 36.1698477], [29.8120122, 36.1696913], [29.8121202, 36.169879]]], [[[29.8589565, 36.1698168], [29.8587675, 36.1699574], [29.8587643, 36.1697626], [29.8589565, 36.1698168]]], [[[29.8608244, 36.1706691], [29.8605823, 36.1702568], [29.8609086, 36.1705849], [29.8608244, 36.1706691]]], [[[29.8316317, 36.1703631], [29.8346234, 36.1712138], [29.836813, 36.172148], [29.8316317, 36.1703631]]], [[[29.8751767, 36.1660375], [29.8765762, 36.1662119], [29.8756601, 36.1670812], [29.8751767, 36.1660375]]], [[[29.8719912, 36.1688425], [29.8730388, 36.1681375], [29.8732474, 36.1688672], [29.8719912, 36.1688425]]], [[[30.4278748, 36.1721845], [30.4289984, 36.1721797], [30.4278398, 36.1727589], [30.4278748, 36.1721845]]], [[[32.377818, 36.1763103], [32.3776029, 36.1764857], [32.3776051, 36.1763228], [32.377818, 36.1763103]]], [[[32.3781527, 36.1766843], [32.37788, 36.1766109], [32.3780818, 36.1765626], [32.3781527, 36.1766843]]], [[[29.446218, 36.180111], [29.4477198, 36.1806032], [29.4458914, 36.1810213], [29.446218, 36.180111]]], [[[29.5497696, 36.1849649], [29.5467043, 36.1847915], [29.5498853, 36.1834526], [29.5497696, 36.1849649]]], [[[29.5512951, 36.1835205], [29.5512092, 36.1841175], [29.5504798, 36.1844474], [29.5512951, 36.1835205]]], [[[29.8662312, 36.1727463], [29.8656472, 36.17235], [29.8663923, 36.172297], [29.8662312, 36.1727463]]], [[[29.8165757, 36.1732169], [29.8171334, 36.173216], [29.816625, 36.1736237], [29.8165757, 36.1732169]]], [[[29.8172252, 36.1743792], [29.8174208, 36.1747918], [29.816892, 36.1747327], [29.8172252, 36.1743792]]], [[[33.7613008, 36.1794217], [33.7765098, 36.184177], [33.7823037, 36.1986646], [33.7756472, 36.2000634], [33.7573785, 36.1846171], [33.7613008, 36.1794217]]], [[[29.9015692, 36.1869797], [29.9011495, 36.1869797], [29.9009545, 36.1869167], [29.9015692, 36.1869797]]], [[[29.9071745, 36.1873175], [29.9076522, 36.1880253], [29.9067315, 36.1873664], [29.9071745, 36.1873175]]], [[[29.8600494, 36.1875901], [29.8599466, 36.1876162], [29.8599833, 36.1873944], [29.8600494, 36.1875901]]], [[[30.4070039, 36.1898126], [30.4031587, 36.1922779], [30.4077861, 36.1755441], [30.4060488, 36.1819709], [30.4070039, 36.1898126]]], [[[29.89967, 36.1891957], [29.9158983, 36.1963725], [29.869697, 36.1845758], [29.8414765, 36.1682937], [29.8818335, 36.1777494], [29.8771357, 36.1719698], [29.880699, 36.170038], [29.8940511, 36.1802104], [29.8868807, 36.1833094], [29.8976451, 36.1834438], [29.89967, 36.1891957]]], [[[29.8522475, 36.190354], [29.8531162, 36.1907588], [29.852053, 36.190536], [29.8522475, 36.190354]]], [[[29.6099475, 36.1908664], [29.6098835, 36.1904381], [29.6100583, 36.1904392], [29.6099475, 36.1908664]]], [[[29.8541971, 36.190159], [29.855218, 36.19046], [29.8551313, 36.1905931], [29.8541971, 36.190159]]], [[[29.8744741, 36.1904481], [29.8747419, 36.1911674], [29.8741827, 36.1907526], [29.8744741, 36.1904481]]], [[[30.4035611, 36.1881108], [30.4035743, 36.1880043], [30.403734, 36.188054], [30.4035611, 36.1881108]]], [[[30.4037883, 36.1886005], [30.4037956, 36.1885414], [30.4038557, 36.1885993], [30.4037883, 36.1886005]]], [[[29.8450038, 36.1890406], [29.8445494, 36.1889288], [29.8449754, 36.1889202], [29.8450038, 36.1890406]]], [[[29.8492776, 36.1892801], [29.849245, 36.1896079], [29.8488536, 36.1894471], [29.8492776, 36.1892801]]], [[[29.8466682, 36.1887097], [29.8464712, 36.1884145], [29.8468089, 36.1884534], [29.8466682, 36.1887097]]], [[[29.8592291, 36.1885851], [29.8589733, 36.188905], [29.8589466, 36.1886384], [29.8592291, 36.1885851]]], [[[29.859551, 36.1892871], [29.860196, 36.188818], [29.8600619, 36.1894829], [29.859551, 36.1892871]]], [[[29.8588379, 36.1889998], [29.8587392, 36.1888919], [29.8588839, 36.1889432], [29.8588379, 36.1889998]]], [[[29.8593054, 36.189313], [29.8596363, 36.1897056], [29.8591276, 36.1894397], [29.8593054, 36.189313]]], [[[29.9097719, 36.189134], [29.9123873, 36.1896774], [29.9136674, 36.1908155], [29.9097719, 36.189134]]], [[[32.3636624, 36.1933263], [32.3637053, 36.1938025], [32.3633084, 36.1937072], [32.3636624, 36.1933263]]], [[[29.5852297, 36.1941136], [29.5853415, 36.1941998], [29.5852831, 36.194259], [29.5852297, 36.1941136]]], [[[32.3617614, 36.1979206], [32.3617007, 36.1978716], [32.3617555, 36.1978668], [32.3617614, 36.1979206]]], [[[32.3615421, 36.1984372], [32.3614638, 36.1983646], [32.3615519, 36.198363], [32.3615421, 36.1984372]]], [[[30.4065757, 36.1965306], [30.4064852, 36.1960721], [30.4072756, 36.1961186], [30.4065757, 36.1965306]]], [[[30.400425, 36.200142], [30.4035535, 36.197644], [30.4044693, 36.2024086], [30.400425, 36.200142]]], [[[30.4066395, 36.1924848], [30.4067154, 36.1925633], [30.406624, 36.1926119], [30.4066395, 36.1924848]]], [[[29.9124404, 36.191165], [29.9114737, 36.1914514], [29.9114597, 36.1913723], [29.9124404, 36.191165]]], [[[29.8687545, 36.1915408], [29.8686756, 36.1914722], [29.8687555, 36.1914983], [29.8687545, 36.1915408]]], [[[29.852644, 36.191962], [29.853358, 36.1924646], [29.852434, 36.192325], [29.852644, 36.191962]]], [[[29.8513316, 36.1934189], [29.8510554, 36.1933303], [29.8512933, 36.1932753], [29.8513316, 36.1934189]]], [[[30.405955, 36.1948012], [30.406048, 36.1948216], [30.4059615, 36.194833], [30.405955, 36.1948012]]], [[[30.4063122, 36.1953213], [30.4064193, 36.1960123], [30.4055959, 36.1955871], [30.4063122, 36.1953213]]], [[[29.4362448, 36.1994018], [29.4370809, 36.2027193], [29.439578, 36.204027], [29.4354745, 36.2039247], [29.4362448, 36.1994018]]], [[[29.8968695, 36.2077112], [29.8966067, 36.2076508], [29.8969128, 36.2076414], [29.8968695, 36.2077112]]], [[[29.8946879, 36.2080447], [29.8943708, 36.2077643], [29.8947449, 36.2077643], [29.8946879, 36.2080447]]], [[[32.3439428, 36.2094207], [32.3440375, 36.2091697], [32.3444589, 36.209542], [32.3439428, 36.2094207]]], [[[29.8968996, 36.2069386], [29.8966884, 36.2069239], [29.8967416, 36.2068312], [29.8968996, 36.2069386]]], [[[29.8964254, 36.2075327], [29.8963996, 36.2075122], [29.8964311, 36.2075114], [29.8964254, 36.2075327]]], [[[29.8976298, 36.2003497], [29.8967415, 36.2004034], [29.8966932, 36.2001041], [29.8976298, 36.2003497]]], [[[32.3562758, 36.2020447], [32.3562919, 36.2019191], [32.3564099, 36.2019538], [32.3562758, 36.2020447]]], [[[29.8987568, 36.2058594], [29.8999275, 36.2061163], [29.8985232, 36.206419], [29.8987568, 36.2058594]]], [[[32.3514724, 36.2060698], [32.3513666, 36.2059418], [32.3514547, 36.2059355], [32.3514724, 36.2060698]]], [[[32.3512589, 36.2061267], [32.3511493, 36.2059734], [32.3512687, 36.2059592], [32.3512589, 36.2061267]]], [[[30.4050854, 36.2027696], [30.4048631, 36.2022913], [30.405316, 36.2022115], [30.4050854, 36.2027696]]], [[[29.9004854, 36.2041541], [29.9012911, 36.201958], [29.9035911, 36.2037817], [29.9004854, 36.2041541]]], [[[29.8959715, 36.2061467], [29.8959268, 36.2061366], [29.8959715, 36.2061214], [29.8959715, 36.2061467]]], [[[29.8960984, 36.2062], [29.8959965, 36.2061315], [29.8961324, 36.2061431], [29.8960984, 36.2062]]], [[[29.347183, 36.209215], [29.3640407, 36.2174683], [29.3664063, 36.2195441], [29.3480359, 36.2140102], [29.347183, 36.209215]]], [[[32.33279, 36.2161071], [32.3323587, 36.2158552], [32.3324649, 36.2157514], [32.33279, 36.2161071]]], [[[29.8968239, 36.2108513], [29.9017301, 36.207372], [29.9071164, 36.2119808], [29.9019387, 36.2124651], [29.8968239, 36.2108513]]], [[[29.4421781, 36.2120355], [29.4426688, 36.2112563], [29.443349, 36.2119131], [29.4421781, 36.2120355]]], [[[29.8916939, 36.2095583], [29.8916978, 36.2095296], [29.8917118, 36.2095478], [29.8916939, 36.2095583]]], [[[29.892066, 36.2097574], [29.8935776, 36.2095782], [29.8919841, 36.2099154], [29.892066, 36.2097574]]], [[[29.8946078, 36.2117823], [29.8945777, 36.2117486], [29.8946148, 36.2117504], [29.8946078, 36.2117823]]], [[[29.8922517, 36.2118893], [29.8922585, 36.2118362], [29.8922985, 36.2118898], [29.8922517, 36.2118893]]], [[[29.894978, 36.2118974], [29.8949269, 36.2118768], [29.8949849, 36.2118609], [29.894978, 36.2118974]]], [[[29.894812, 36.2118618], [29.8947738, 36.2118571], [29.8948062, 36.2118375], [29.894812, 36.2118618]]], [[[29.4429233, 36.2125757], [29.4484014, 36.2149013], [29.4529083, 36.2201826], [29.4440702, 36.2171265], [29.4429233, 36.2125757]]], [[[29.3680957, 36.2221598], [29.3740395, 36.2210866], [29.3733871, 36.2245516], [29.3680957, 36.2221598]]], [[[29.9724319, 36.2196755], [29.9729743, 36.2196094], [29.9730015, 36.2198068], [29.9724319, 36.2196755]]], [[[32.3141458, 36.2262728], [32.3140052, 36.226204], [32.3141483, 36.2261756], [32.3141458, 36.2262728]]], [[[32.3134002, 36.2265138], [32.3132571, 36.226611], [32.313232, 36.2265867], [32.3134002, 36.2265138]]], [[[32.3121454, 36.2278448], [32.3120768, 36.2278101], [32.3121512, 36.227799], [32.3121454, 36.2278448]]], [[[32.3122707, 36.227908], [32.3122491, 36.2278322], [32.3123059, 36.2278717], [32.3122707, 36.227908]]], [[[32.3121924, 36.2279649], [32.3120553, 36.2279996], [32.3121199, 36.2279349], [32.3121924, 36.2279649]]], [[[32.3120083, 36.228066], [32.3118947, 36.228017], [32.3119828, 36.2280059], [32.3120083, 36.228066]]], [[[32.3115815, 36.2284213], [32.3115305, 36.2283645], [32.3115873, 36.2283819], [32.3115815, 36.2284213]]], [[[32.3114268, 36.2285382], [32.3113915, 36.2284166], [32.3114796, 36.2285335], [32.3114268, 36.2285382]]], [[[33.8111028, 36.2497853], [33.8110583, 36.2497495], [33.8111014, 36.249756], [33.8111028, 36.2497853]]], [[[33.8110205, 36.2504575], [33.8110016, 36.2504238], [33.8110354, 36.2504466], [33.8110205, 36.2504575]]], [[[30.478855, 36.230077], [30.474755, 36.239238], [30.470611, 36.239921], [30.470394, 36.236834], [30.478855, 36.230077]]], [[[33.8101004, 36.2438801], [33.810788, 36.2441622], [33.8101882, 36.2443874], [33.8101004, 36.2438801]]], [[[33.8259258, 36.2676083], [33.828786, 36.2676031], [33.8276665, 36.269123], [33.8259258, 36.2676083]]], [[[30.1441421, 36.2652604], [30.1428346, 36.2644648], [30.1444605, 36.2650985], [30.1441421, 36.2652604]]], [[[30.373181, 36.2723757], [30.373109, 36.2723579], [30.37317, 36.2723199], [30.373181, 36.2723757]]], [[[30.3731506, 36.2725387], [30.3733666, 36.272378], [30.3733527, 36.2725766], [30.3731506, 36.2725387]]], [[[30.3622005, 36.2743526], [30.3622556, 36.2743471], [30.3622505, 36.2743818], [30.3622005, 36.2743526]]], [[[29.2393587, 36.3138345], [29.2404837, 36.3145234], [29.2402305, 36.3148393], [29.2393587, 36.3138345]]], [[[30.3741641, 36.2725387], [30.3740311, 36.2725007], [30.3740588, 36.2724539], [30.3741641, 36.2725387]]], [[[30.3622057, 36.2741957], [30.3623039, 36.2740734], [30.362328, 36.2741193], [30.3622057, 36.2741957]]], [[[30.3623056, 36.2743221], [30.3623108, 36.2742846], [30.3623314, 36.2743193], [30.3623056, 36.2743221]]], [[[30.4903657, 36.318261], [30.490318, 36.3182368], [30.490372, 36.3182459], [30.4903657, 36.318261]]], [[[32.2332818, 36.318585], [32.2329756, 36.318356], [32.2330011, 36.3182062], [32.2332818, 36.318585]]], [[[30.4907034, 36.3186413], [30.490623, 36.3186707], [30.490618, 36.3186343], [30.4907034, 36.3186413]]], [[[30.4901509, 36.3186582], [30.4900911, 36.3186848], [30.490089, 36.3186665], [30.4901509, 36.3186582]]], [[[30.4904316, 36.3201703], [30.4903588, 36.3201556], [30.490408, 36.3201292], [30.4904316, 36.3201703]]], [[[30.5083496, 36.3236103], [30.5080986, 36.3235721], [30.5081359, 36.3235365], [30.5083496, 36.3236103]]], [[[32.2107584, 36.3422534], [32.2108763, 36.3422222], [32.21091, 36.3423551], [32.2107584, 36.3422534]]], [[[30.5323034, 36.3354773], [30.5330983, 36.3352663], [30.5330338, 36.3356768], [30.5323034, 36.3354773]]], [[[30.5074337, 36.3239191], [30.5071454, 36.3236841], [30.5073591, 36.3236677], [30.5074337, 36.3239191]]], [[[30.5148355, 36.330013], [30.514697, 36.33006], [30.5148191, 36.3299807], [30.5148355, 36.330013]]], [[[30.5103633, 36.3316283], [30.5102525, 36.3315172], [30.5104172, 36.3315245], [30.5103633, 36.3316283]]], [[[30.5140227, 36.3300673], [30.5140063, 36.329991], [30.5140811, 36.3300277], [30.5140227, 36.3300673]]], [[[30.5051518, 36.3611612], [30.5052518, 36.3612428], [30.5051531, 36.3612527], [30.5051518, 36.3611612]]], [[[30.5049127, 36.3672346], [30.5049646, 36.3672496], [30.5048627, 36.3672705], [30.5049127, 36.3672346]]], [[[30.4984642, 36.3695212], [30.4987312, 36.369175], [30.498964, 36.3692575], [30.4984642, 36.3695212]]], [[[30.5057364, 36.369855], [30.5054638, 36.3696084], [30.505727, 36.3695188], [30.5057364, 36.369855]]], [[[32.1463418, 36.4314196], [32.1467516, 36.430847], [32.1469303, 36.4311122], [32.1463418, 36.4314196]]], [[[30.4945871, 36.370998], [30.4941707, 36.3711186], [30.4941527, 36.371039], [30.4945871, 36.370998]]], [[[32.142367, 36.4314285], [32.1422034, 36.4311761], [32.1424153, 36.431243], [32.142367, 36.4314285]]], [[[30.5037953, 36.436403], [30.5036467, 36.436579], [30.5035477, 36.4365607], [30.5037953, 36.436403]]], [[[30.5053426, 36.4368194], [30.5052024, 36.4367555], [30.5052281, 36.436731], [30.5053426, 36.4368194]]], [[[30.5170123, 36.4549948], [30.5169539, 36.4549178], [30.5170217, 36.4549384], [30.5170123, 36.4549948]]], [[[30.5168909, 36.4553481], [30.5168067, 36.4553876], [30.5167951, 36.455365], [30.5168909, 36.4553481]]], [[[29.056963, 36.5389136], [29.0572455, 36.5394392], [29.0563057, 36.5392089], [29.056963, 36.5389136]]], [[[29.0558783, 36.5400861], [29.0559985, 36.5404193], [29.0556383, 36.5403854], [29.0558783, 36.5400861]]], [[[29.0095434, 36.5456835], [29.0093074, 36.5462619], [29.0090526, 36.5460007], [29.0095434, 36.5456835]]], [[[29.059434, 36.5396427], [29.0618811, 36.5402637], [29.0598163, 36.541601], [29.059434, 36.5396427]]], [[[29.0668843, 36.5522387], [29.075958, 36.554091], [29.0637661, 36.5547168], [29.0668843, 36.5522387]]], [[[35.3887499, 36.5567397], [35.388826, 36.5561667], [35.3897657, 36.556678], [35.3887499, 36.5567397]]], [[[29.0302962, 36.5571559], [29.0301307, 36.5565029], [29.0309494, 36.5573052], [29.0302962, 36.5571559]]], [[[35.3962355, 36.5578655], [35.3941997, 36.5572385], [35.39678, 36.5575897], [35.3962355, 36.5578655]]], [[[29.0889181, 36.5602231], [29.0890099, 36.5604592], [29.0888295, 36.5604591], [29.0889181, 36.5602231]]], [[[31.9264345, 36.5617504], [31.9261784, 36.5617733], [31.9262515, 36.5616231], [31.9264345, 36.5617504]]], [[[29.089945, 36.5602048], [29.0901603, 36.5605277], [29.089587, 36.560361], [29.089945, 36.5602048]]], [[[30.5455897, 36.5093321], [30.5453781, 36.5094207], [30.5453516, 36.5093675], [30.5455897, 36.5093321]]], [[[30.5445094, 36.5099062], [30.5441743, 36.5098956], [30.5445976, 36.5096404], [30.5445094, 36.5099062]]], [[[29.1162304, 36.4622677], [29.1165962, 36.4623392], [29.1163213, 36.462567], [29.1162304, 36.4622677]]], [[[30.5090114, 36.4688519], [30.508948, 36.4688716], [30.5089408, 36.4688577], [30.5090114, 36.4688519]]], [[[30.5089293, 36.4689156], [30.5089091, 36.4689631], [30.5088976, 36.4689492], [30.5089293, 36.4689156]]], [[[30.508849, 36.4689619], [30.5087953, 36.4690295], [30.5087883, 36.468977], [30.508849, 36.4689619]]], [[[34.1474981, 36.456523], [34.1491639, 36.456882], [34.1474161, 36.4569638], [34.1474981, 36.456523]]], [[[30.5491172, 36.4567089], [30.5499388, 36.4590675], [30.5477692, 36.4583923], [30.5491172, 36.4567089]]], [[[30.5545326, 36.4579718], [30.5542603, 36.4583476], [30.5541602, 36.4583228], [30.5545326, 36.4579718]]], [[[30.5504812, 36.4595518], [30.5533961, 36.4608127], [30.5507761, 36.460441], [30.5504812, 36.4595518]]], [[[30.5452956, 36.460309], [30.5462295, 36.4611854], [30.5450409, 36.4611218], [30.5452956, 36.460309]]], [[[29.1184012, 36.4610623], [29.1184121, 36.4613512], [29.1181112, 36.4612749], [29.1184012, 36.4610623]]], [[[29.1165453, 36.461875], [29.1166511, 36.4618662], [29.1166438, 36.4619073], [29.1165453, 36.461875]]], [[[29.1162283, 36.462215], [29.1163953, 36.4619583], [29.1165137, 36.4620722], [29.1162283, 36.462215]]], [[[28.0412839, 36.5674772], [28.0405026, 36.5666071], [28.0415895, 36.5674499], [28.0412839, 36.5674772]]], [[[28.824566, 36.567196], [28.825527, 36.567438], [28.8250541, 36.5681308], [28.824566, 36.567196]]], [[[28.050826, 36.5771024], [28.0507731, 36.5770843], [28.0508538, 36.577079], [28.050826, 36.5771024]]], [[[30.5857536, 36.5849208], [30.5857019, 36.5849567], [30.5856523, 36.5849072], [30.5857536, 36.5849208]]], [[[30.5858151, 36.5850364], [30.5857694, 36.5850164], [30.5858091, 36.5850148], [30.5858151, 36.5850364]]], [[[30.5908139, 36.5901823], [30.5906395, 36.5900354], [30.5908297, 36.5901094], [30.5908139, 36.5901823]]], [[[30.585691, 36.5851392], [30.5856295, 36.585132], [30.5856364, 36.5851169], [30.585691, 36.5851392]]], [[[28.8454152, 36.5878601], [28.8450102, 36.5878709], [28.8449968, 36.5875328], [28.8454152, 36.5878601]]], [[[28.8458014, 36.5883469], [28.8456378, 36.5883124], [28.8457719, 36.5882457], [28.8458014, 36.5883469]]], [[[30.592593, 36.591445], [30.5923797, 36.5913698], [30.5925728, 36.5913675], [30.592593, 36.591445]]], [[[30.5926738, 36.5928886], [30.5925796, 36.5928911], [30.5926343, 36.5928399], [30.5926738, 36.5928886]]], [[[28.1289954, 36.5999141], [28.1225398, 36.5974052], [28.1290533, 36.5959844], [28.1289954, 36.5999141]]], [[[28.0457147, 36.6060941], [28.0455111, 36.6059735], [28.0457347, 36.6059387], [28.0457147, 36.6060941]]], [[[30.5917151, 36.5907129], [30.5916079, 36.5906447], [30.5917317, 36.5906462], [30.5917151, 36.5907129]]], [[[30.5905545, 36.5902691], [30.5904882, 36.59018], [30.5905617, 36.5901742], [30.5905545, 36.5902691]]], [[[30.5910949, 36.5903026], [30.5910243, 36.5902251], [30.5911179, 36.5902737], [30.5910949, 36.5903026]]], [[[27.9754313, 36.6118933], [27.9752934, 36.6114767], [27.9759989, 36.6115744], [27.9754313, 36.6118933]]], [[[27.9977442, 36.6127969], [27.9962636, 36.612375], [27.9969181, 36.6117635], [27.9977442, 36.6127969]]], [[[31.7652011, 36.6194267], [31.7650858, 36.6194534], [31.7650836, 36.6194284], [31.7652011, 36.6194267]]], [[[31.7645537, 36.6205993], [31.7644672, 36.6205958], [31.7645204, 36.6205602], [31.7645537, 36.6205993]]], [[[31.7656245, 36.6199249], [31.7652543, 36.6197221], [31.7652055, 36.61961], [31.7656245, 36.6199249]]], [[[28.0507131, 36.6212243], [28.0491949, 36.6209846], [28.0507878, 36.6207548], [28.0507131, 36.6212243]]], [[[28.0512482, 36.6248797], [28.0510118, 36.6241407], [28.0516091, 36.6244603], [28.0512482, 36.6248797]]], [[[28.0573516, 36.6171488], [28.0555257, 36.6168435], [28.0534336, 36.6134391], [28.0573516, 36.6171488]]], [[[31.7532219, 36.6269848], [31.7530926, 36.6269518], [31.7532865, 36.6269612], [31.7532219, 36.6269848]]], [[[28.0531895, 36.6266874], [28.0514971, 36.6248498], [28.0534384, 36.623891], [28.0531895, 36.6266874]]], [[[31.7531592, 36.6272315], [31.7531533, 36.6271231], [31.7534157, 36.6271608], [31.7531592, 36.6272315]]], [[[31.7523118, 36.6273682], [31.7516494, 36.6274252], [31.7514391, 36.6273477], [31.7523118, 36.6273682]]], [[[28.7643484, 36.6273831], [28.7640834, 36.6287747], [28.7621207, 36.6267453], [28.7643484, 36.6273831]]], [[[31.7516494, 36.6271515], [31.7512998, 36.6270397], [31.7516466, 36.6269165], [31.7516494, 36.6271515]]], [[[28.8945168, 36.6363606], [28.8942335, 36.6364051], [28.8943751, 36.6363003], [28.8945168, 36.6363606]]], [[[28.8925804, 36.6365144], [28.8939404, 36.637362], [28.8926016, 36.6373392], [28.8925804, 36.6365144]]], [[[31.748101, 36.629565], [31.7483213, 36.6284957], [31.7492094, 36.6299317], [31.748101, 36.629565]]], [[[28.0591588, 36.6412972], [28.0530247, 36.6421691], [28.0593054, 36.6359588], [28.0690062, 36.6483393], [28.0623214, 36.6475315], [28.0591588, 36.6412972]]], [[[28.8518057, 36.6432978], [28.8519519, 36.6434915], [28.8517521, 36.6435302], [28.8518057, 36.6432978]]], [[[31.6871671, 36.6448441], [31.6870184, 36.6449691], [31.6870114, 36.6449358], [31.6871671, 36.6448441]]], [[[31.6969877, 36.6455528], [31.6968252, 36.645545], [31.6969877, 36.645534], [31.6969877, 36.6455528]]], [[[28.8643948, 36.644725], [28.8640192, 36.6443699], [28.864439, 36.6445959], [28.8643948, 36.644725]]], [[[28.8589705, 36.6444574], [28.8596959, 36.6444294], [28.8588304, 36.6449399], [28.8589705, 36.6444574]]], [[[28.858374, 36.6446833], [28.8583855, 36.6447675], [28.858311, 36.6446811], [28.858374, 36.6446833]]], [[[31.6967233, 36.6457147], [31.696504, 36.6456675], [31.6967351, 36.645677], [31.6967233, 36.6457147]]], [[[31.664433, 36.6466626], [31.6643817, 36.6466573], [31.6644108, 36.6466411], [31.664433, 36.6466626]]], [[[31.6929713, 36.6468582], [31.6928583, 36.6469307], [31.6928056, 36.6468824], [31.6929713, 36.6468582]]], [[[31.6931044, 36.6470878], [31.6931194, 36.6468924], [31.6932675, 36.6469508], [31.6931044, 36.6470878]]], [[[31.6864329, 36.6465284], [31.6866827, 36.6464789], [31.6864364, 36.6467425], [31.6864329, 36.6465284]]], [[[31.6885143, 36.6464388], [31.688206, 36.6463917], [31.6884864, 36.6462288], [31.6885143, 36.6464388]]], [[[31.6921981, 36.6465943], [31.6920349, 36.6465057], [31.6919671, 36.6464312], [31.6921981, 36.6465943]]], [[[31.6617695, 36.6478661], [31.6618279, 36.6473405], [31.662022, 36.6466834], [31.6635519, 36.6463522], [31.6644608, 36.6467269], [31.6617695, 36.6478661]]], [[[31.6616388, 36.6471433], [31.6616019, 36.6471127], [31.6616495, 36.6471181], [31.6616388, 36.6471433]]], [[[27.512121, 36.6616204], [27.5079861, 36.6594063], [27.5097149, 36.654532], [27.512121, 36.6616204]]], [[[28.0358272, 36.6705194], [28.027637, 36.6602447], [28.0417199, 36.6498923], [28.0461245, 36.6555366], [28.0358272, 36.6705194]]], [[[28.0494687, 36.648719], [28.0489343, 36.6482987], [28.0499182, 36.6487957], [28.0494687, 36.648719]]], [[[28.053328, 36.6501869], [28.0532528, 36.6466906], [28.060541, 36.6481976], [28.053328, 36.6501869]]], [[[29.0980568, 36.6521678], [29.0995758, 36.6491669], [29.1069505, 36.6534963], [29.0980568, 36.6521678]]], [[[28.1474849, 36.6521932], [28.1454972, 36.6508356], [28.1473103, 36.6502968], [28.1474849, 36.6521932]]], [[[29.0434611, 36.6521958], [29.0538463, 36.6609582], [29.0460375, 36.6649179], [29.0409904, 36.6613016], [29.0434611, 36.6521958]]], [[[28.9084684, 36.652122], [28.9075539, 36.6651097], [28.898558, 36.669948], [28.8864021, 36.6684875], [28.9032618, 36.6518979], [28.9084684, 36.652122]]], [[[28.064574, 36.653481], [28.065538, 36.653987], [28.064581, 36.653995], [28.064574, 36.653481]]], [[[28.0671181, 36.6544043], [28.0666082, 36.6540824], [28.066859, 36.6539684], [28.0671181, 36.6544043]]], [[[29.0388498, 36.6660092], [29.0384622, 36.6660135], [29.0384475, 36.6659543], [29.0388498, 36.6660092]]], [[[29.037649, 36.6663243], [29.038302, 36.665842], [29.0384297, 36.666623], [29.037649, 36.6663243]]], [[[29.0336866, 36.6669589], [29.0338363, 36.6670672], [29.033748, 36.6671144], [29.0336866, 36.6669589]]], [[[29.0331223, 36.6673664], [29.033321, 36.6675829], [29.032921, 36.6675927], [29.0331223, 36.6673664]]], [[[29.0330933, 36.6679763], [29.0368402, 36.6671419], [29.036981, 36.6683123], [29.0330933, 36.6679763]]], [[[28.9056402, 36.6676741], [28.905835, 36.6693588], [28.9045209, 36.6687164], [28.9056402, 36.6676741]]], [[[28.0143209, 36.6700237], [28.011656, 36.6675471], [28.0137079, 36.6666662], [28.0143209, 36.6700237]]], [[[28.9161578, 36.6547341], [28.9262379, 36.6645244], [28.9264159, 36.6708124], [28.9327401, 36.6690546], [28.9394372, 36.6746904], [28.91309, 36.6815622], [28.9177209, 36.6754173], [28.9118442, 36.6774914], [28.9092821, 36.6713833], [28.9161578, 36.6547341]]], [[[29.0322806, 36.6687264], [29.0323738, 36.6686516], [29.0323935, 36.6687697], [29.0322806, 36.6687264]]], [[[29.0321177, 36.6716438], [29.0306745, 36.6689617], [29.0324791, 36.6691036], [29.0327116, 36.6686945], [29.0321177, 36.6716438]]], [[[28.1640491, 36.6705303], [28.1639171, 36.6701907], [28.1642834, 36.6705492], [28.1640491, 36.6705303]]], [[[28.042128, 36.6727357], [28.0394796, 36.6694033], [28.0415767, 36.6687558], [28.042128, 36.6727357]]], [[[29.0280927, 36.6709602], [29.0293292, 36.6709177], [29.0284709, 36.6717897], [29.0280927, 36.6709602]]], [[[28.0357436, 36.6712466], [28.0353118, 36.6709343], [28.0358285, 36.6705994], [28.0357436, 36.6712466]]], [[[27.9679688, 36.674948], [27.9678611, 36.6750031], [27.9678909, 36.6749186], [27.9679688, 36.674948]]], [[[28.1753359, 36.6792034], [28.1751906, 36.6790736], [28.1753857, 36.6791568], [28.1753359, 36.6792034]]], [[[28.1790113, 36.6801902], [28.1787083, 36.6802135], [28.1787291, 36.6800771], [28.1790113, 36.6801902]]], [[[28.0444757, 36.6837544], [28.0431186, 36.6820285], [28.0451823, 36.6835097], [28.0444757, 36.6837544]]], [[[28.8701946, 36.6880636], [28.87101, 36.687982], [28.8708502, 36.6886634], [28.8701946, 36.6880636]]], [[[28.6952025, 36.6926616], [28.695112, 36.6925592], [28.6952637, 36.6925571], [28.6952025, 36.6926616]]], [[[28.6956122, 36.6927021], [28.695567, 36.6926254], [28.6956122, 36.6926232], [28.6956122, 36.6927021]]], [[[29.0070386, 36.6931582], [29.0127582, 36.6957319], [29.004365, 36.697372], [29.0070386, 36.6931582]]], [[[28.932634, 36.6975697], [28.9321877, 36.6942568], [28.933943, 36.6954276], [28.932634, 36.6975697]]], [[[28.9257896, 36.6935948], [28.9299342, 36.6966286], [28.9291901, 36.6996854], [28.92403, 36.699469], [28.9257896, 36.6935948]]], [[[28.6957372, 36.6927789], [28.6956654, 36.692732], [28.6957106, 36.6927256], [28.6957372, 36.6927789]]], [[[28.6931199, 36.6947078], [28.6938627, 36.6930682], [28.6994423, 36.6943395], [28.6931199, 36.6947078]]], [[[28.6679358, 36.6995525], [28.669704, 36.6995309], [28.6695262, 36.6998944], [28.6679358, 36.6995525]]], [[[28.6722792, 36.7031769], [28.6725904, 36.7030022], [28.6725564, 36.7031472], [28.6722792, 36.7031769]]], [[[27.9877288, 36.7023963], [27.9900435, 36.7028601], [27.9881305, 36.7046235], [27.9877288, 36.7023963]]], [[[28.9432367, 36.7045276], [28.9433365, 36.7042317], [28.9434652, 36.7044683], [28.9432367, 36.7045276]]], [[[28.9324294, 36.6985486], [28.9353831, 36.7049011], [28.9347415, 36.7106192], [28.9340656, 36.7029227], [28.9324294, 36.6985486]]], [[[28.0974578, 36.7075933], [28.0974738, 36.7073611], [28.0976497, 36.7074549], [28.0974578, 36.7075933]]], [[[28.9306394, 36.7063006], [28.9319343, 36.7062928], [28.9304001, 36.7067831], [28.9306394, 36.7063006]]], [[[28.9174785, 36.7072545], [28.9168841, 36.7066791], [28.9172167, 36.706464], [28.9174785, 36.7072545]]], [[[28.9447336, 36.7080708], [28.9444265, 36.7071282], [28.9451039, 36.7075518], [28.9447336, 36.7080708]]], [[[27.994819, 36.708807], [27.9978143, 36.7083915], [27.9974769, 36.7103666], [27.994819, 36.708807]]], [[[28.9363398, 36.710553], [28.936108, 36.7115765], [28.935769, 36.711466], [28.9363398, 36.710553]]], [[[28.9340535, 36.7092654], [28.9337976, 36.709489], [28.9336941, 36.709188], [28.9340535, 36.7092654]]], [[[28.9299084, 36.7093398], [28.9312784, 36.7103591], [28.9324211, 36.7120758], [28.9299084, 36.7093398]]], [[[27.4039804, 36.7422424], [27.4142092, 36.73749], [27.4106133, 36.7402022], [27.4055366, 36.7425541], [27.4039804, 36.7422424]]], [[[27.6960127, 36.7181942], [27.6964496, 36.7183423], [27.6960883, 36.7184232], [27.6960127, 36.7181942]]], [[[28.003806, 36.712842], [28.004973, 36.716686], [28.000386, 36.719808], [28.000051, 36.718526], [28.003806, 36.712842]]], [[[28.2445471, 36.7145549], [28.2470603, 36.7124686], [28.2486557, 36.7140614], [28.2445471, 36.7145549]]], [[[28.014957, 36.711463], [28.031639, 36.718127], [28.033502, 36.726204], [28.01704, 36.724291], [28.012335, 36.718422], [28.014957, 36.711463]]], [[[28.6486423, 36.7215419], [28.648439, 36.7213823], [28.6487294, 36.7214321], [28.6486423, 36.7215419]]], [[[28.9648118, 36.7223287], [28.9647386, 36.7222326], [28.9650293, 36.7221495], [28.9648118, 36.7223287]]], [[[28.9659006, 36.7225485], [28.9658744, 36.7225102], [28.9659052, 36.7225262], [28.9659006, 36.7225485]]], [[[28.9658421, 36.7227028], [28.9657881, 36.7226621], [28.9658713, 36.7226423], [28.9658421, 36.7227028]]], [[[28.9661321, 36.7230014], [28.9660153, 36.723027], [28.9661285, 36.722966], [28.9661321, 36.7230014]]], [[[30.5703362, 36.7447687], [30.5702254, 36.7447412], [30.570283, 36.7446968], [30.5703362, 36.7447687]]], [[[30.5702166, 36.7450146], [30.5701324, 36.7449587], [30.5702631, 36.7449791], [30.5702166, 36.7450146]]], [[[28.9394275, 36.7176336], [28.9504883, 36.7261251], [28.9394282, 36.736915], [28.9367739, 36.7230936], [28.9335456, 36.7238215], [28.9394275, 36.7176336]]], [[[27.7137145, 36.7253481], [27.7141934, 36.7260349], [27.7134961, 36.7253346], [27.7137145, 36.7253481]]], [[[28.0447493, 36.7252946], [28.060281, 36.7270643], [28.064656, 36.7346393], [28.0461036, 36.7342213], [28.0531091, 36.7301348], [28.0447493, 36.7252946]]], [[[28.2773664, 36.7349726], [28.2772128, 36.7348089], [28.2775399, 36.7349135], [28.2773664, 36.7349726]]], [[[28.3007837, 36.7356952], [28.3006655, 36.7355433], [28.3006828, 36.7355322], [28.3007837, 36.7356952]]], [[[27.8908002, 36.7414548], [27.8907359, 36.7413946], [27.8908485, 36.7413946], [27.8908002, 36.7414548]]], [[[27.8906286, 36.741644], [27.8898883, 36.741184], [27.8906125, 36.7414505], [27.8906286, 36.741644]]], [[[27.4405403, 36.7506274], [27.4402345, 36.7503609], [27.4406422, 36.7505286], [27.4405403, 36.7506274]]], [[[35.7901176, 36.766038], [35.7906233, 36.766093], [35.7901603, 36.766127], [35.7901176, 36.766038]]], [[[30.5704125, 36.7451897], [30.5703528, 36.7451458], [30.5704403, 36.7451607], [30.5704125, 36.7451897]]], [[[30.5706682, 36.7452881], [30.5706603, 36.7451929], [30.5706949, 36.7452648], [30.5706682, 36.7452881]]], [[[30.5705137, 36.7452409], [30.5704713, 36.7452419], [30.5704726, 36.7452228], [30.5705137, 36.7452409]]], [[[27.9128571, 36.7485142], [27.9130173, 36.7486926], [27.9128897, 36.7487615], [27.9128571, 36.7485142]]], [[[28.0804379, 36.7470168], [28.0816706, 36.7467315], [28.0808488, 36.7476753], [28.0804379, 36.7470168]]], [[[27.9127197, 36.7500465], [27.9129516, 36.7499982], [27.9129562, 36.7501914], [27.9127197, 36.7500465]]], [[[27.7677941, 36.7513198], [27.7677298, 36.7511737], [27.7678317, 36.7511522], [27.7677941, 36.7513198]]], [[[27.9126734, 36.7514547], [27.9135869, 36.751425], [27.9133365, 36.7518671], [27.9126734, 36.7514547]]], [[[27.9110932, 36.7517139], [27.9110386, 36.7517881], [27.910946, 36.7517843], [27.9110932, 36.7517139]]], [[[27.7692264, 36.7517496], [27.7691406, 36.7518657], [27.7691406, 36.7517883], [27.7692264, 36.7517496]]], [[[27.7698004, 36.7519774], [27.769559, 36.7519301], [27.7696127, 36.7518442], [27.7698004, 36.7519774]]], [[[27.7902586, 36.7518644], [27.791331, 36.7532301], [27.7900597, 36.7518644], [27.7902586, 36.7518644]]], [[[27.7618279, 36.7534225], [27.7612486, 36.751772], [27.7650037, 36.7534998], [27.7618279, 36.7534225]]], [[[27.7608892, 36.753891], [27.76046, 36.7537792], [27.7608892, 36.753762], [27.7608892, 36.753891]]], [[[27.7926794, 36.7559539], [27.7923829, 36.7558465], [27.792703, 36.7556814], [27.7926794, 36.7559539]]], [[[27.957468, 36.758697], [27.958745, 36.758687], [27.958754, 36.759458], [27.957468, 36.758697]]], [[[27.8060594, 36.7602768], [27.8068102, 36.759189], [27.8072785, 36.7606432], [27.8060594, 36.7602768]]], [[[27.7914071, 36.7539405], [27.7919415, 36.7538513], [27.792385, 36.754693], [27.7914071, 36.7539405]]], [[[27.7852861, 36.7543034], [27.7863145, 36.754627], [27.7858616, 36.7549399], [27.7852861, 36.7543034]]], [[[27.7728979, 36.7554957], [27.775536, 36.753563], [27.7761823, 36.7566129], [27.7728979, 36.7554957]]], [[[28.27385, 36.7639397], [28.2733142, 36.7639638], [28.273254, 36.7636117], [28.27385, 36.7639397]]], [[[28.0340885, 36.7606455], [28.0365978, 36.760547], [28.03369, 36.7618443], [28.0340885, 36.7606455]]], [[[28.059269, 36.7615805], [28.0574182, 36.7594231], [28.0599834, 36.7610081], [28.059269, 36.7615805]]], [[[28.1263712, 36.7617547], [28.1238926, 36.7616329], [28.1266051, 36.7605838], [28.1263712, 36.7617547]]], [[[28.0346122, 36.7628402], [28.0344862, 36.7627822], [28.0346712, 36.7627263], [28.0346122, 36.7628402]]], [[[27.4593201, 36.7729875], [27.4629638, 36.7739472], [27.458369, 36.7742522], [27.4593201, 36.7729875]]], [[[27.4683756, 36.7689937], [27.4698503, 36.7692648], [27.4677713, 36.7700152], [27.4683756, 36.7689937]]], [[[27.4589294, 36.7748675], [27.4590725, 36.7748829], [27.4590609, 36.7749387], [27.4589294, 36.7748675]]], [[[27.4583376, 36.7749883], [27.4588791, 36.7752981], [27.458384, 36.7752764], [27.4583376, 36.7749883]]], [[[35.7968248, 36.7686595], [35.7972947, 36.7694261], [35.7969273, 36.7696861], [35.7968248, 36.7686595]]], [[[35.797127, 36.7704965], [35.7971435, 36.7709608], [35.7967626, 36.7718629], [35.797127, 36.7704965]]], [[[35.8115209, 36.7788913], [35.8124181, 36.7800067], [35.8123412, 36.780082], [35.8115209, 36.7788913]]], [[[35.8125719, 36.7804653], [35.8134007, 36.7813481], [35.8133494, 36.7814507], [35.8125719, 36.7804653]]], [[[28.431653, 36.7702833], [28.4415949, 36.770918], [28.4428516, 36.7793136], [28.436435, 36.7776534], [28.431653, 36.7702833]]], [[[35.8186554, 36.7830383], [35.8203899, 36.7838595], [35.8207487, 36.7843454], [35.8186554, 36.7830383]]], [[[28.0146593, 36.7976961], [28.0141175, 36.7983061], [28.0141175, 36.7976317], [28.0146593, 36.7976961]]], [[[28.3820167, 36.7865419], [28.3815676, 36.7862579], [28.3815047, 36.7861789], [28.3818782, 36.7862798], [28.3820167, 36.7865419]]], [[[28.5196765, 36.7881364], [28.5195438, 36.7881612], [28.5195416, 36.788085], [28.5196765, 36.7881364]]], [[[28.5413626, 36.7887124], [28.5409316, 36.7886738], [28.5415412, 36.7885853], [28.5413626, 36.7887124]]], [[[28.5196964, 36.7878548], [28.519619, 36.7877574], [28.5197251, 36.7877999], [28.5196964, 36.7878548]]], [[[28.5197207, 36.7879823], [28.5196522, 36.7880107], [28.5196544, 36.7879823], [28.5197207, 36.7879823]]], [[[30.5885728, 36.8024201], [30.5905878, 36.8025374], [30.588881, 36.803871], [30.5885728, 36.8024201]]], [[[27.8259688, 36.8135831], [27.8261246, 36.8137035], [27.8259258, 36.8138089], [27.8259688, 36.8135831]]], [[[28.0560593, 36.8067441], [28.0570392, 36.8073615], [28.0554099, 36.8069205], [28.0560593, 36.8067441]]], [[[28.1196809, 36.8027259], [28.1200037, 36.8029998], [28.1198688, 36.8030229], [28.1196809, 36.8027259]]], [[[28.2588716, 36.7990146], [28.2581655, 36.7988144], [28.2597998, 36.7979483], [28.2588716, 36.7990146]]], [[[28.1212212, 36.8017989], [28.1222957, 36.8019725], [28.1225559, 36.8021346], [28.1216549, 36.8019378], [28.1213609, 36.8020651], [28.1212212, 36.8017989]]], [[[28.1222262, 36.802243], [28.1226502, 36.8026968], [28.1220835, 36.8022585], [28.1222262, 36.802243]]], [[[28.2511374, 36.7995071], [28.2498468, 36.7995571], [28.2494997, 36.7991093], [28.2511374, 36.7995071]]], [[[28.2590999, 36.7991699], [28.2588657, 36.8101458], [28.2436738, 36.8085676], [28.2590999, 36.7991699]]], [[[28.1206652, 36.8046104], [28.1227207, 36.8036266], [28.1229327, 36.8039044], [28.1206652, 36.8046104]]], [[[28.124647, 36.8051644], [28.1231933, 36.8036767], [28.1244702, 36.8034375], [28.1254869, 36.8050771], [28.124647, 36.8051644]]], [[[28.4272144, 36.8288365], [28.4270972, 36.8288209], [28.4272222, 36.8287928], [28.4272144, 36.8288365]]], [[[28.4268081, 36.8291398], [28.4266207, 36.8289303], [28.4268824, 36.8289303], [28.4268081, 36.8291398]]], [[[28.574145, 36.8171456], [28.5740949, 36.8170655], [28.57416, 36.8171176], [28.574145, 36.8171456]]], [[[28.2886624, 36.8202955], [28.2831554, 36.821152], [28.2783929, 36.820067], [28.2886624, 36.8202955]]], [[[28.384567, 36.841582], [28.386164, 36.841564], [28.386169, 36.841821], [28.384567, 36.841582]]], [[[28.4442558, 36.863378], [28.4462165, 36.8631723], [28.4449075, 36.865217], [28.4442558, 36.863378]]], [[[28.018624, 36.868146], [28.0270028, 36.8659526], [28.0283922, 36.86718], [28.018624, 36.868146]]], [[[28.0417013, 36.8764109], [28.044244, 36.8736559], [28.0451667, 36.8759389], [28.0417013, 36.8764109]]], [[[28.0345452, 36.8708107], [28.0374795, 36.8706433], [28.0389157, 36.8720275], [28.0345452, 36.8708107]]], [[[28.034196, 36.88471], [28.0361, 36.883666], [28.033883, 36.885227], [28.034196, 36.88471]]], [[[28.0498928, 36.8781102], [28.0484497, 36.8778227], [28.0481064, 36.8773893], [28.0498928, 36.8781102]]], [[[28.1320274, 36.9341396], [28.1313461, 36.9337794], [28.1320327, 36.9336079], [28.1320274, 36.9341396]]], [[[28.153607, 36.935248], [28.157282, 36.934955], [28.156514, 36.937018], [28.153607, 36.935248]]], [[[27.304338, 36.951176], [27.3063606, 36.9517458], [27.304309, 36.952022], [27.304338, 36.951176]]], [[[28.154078, 36.945263], [28.15566, 36.944091], [28.156634, 36.944981], [28.154078, 36.945263]]], [[[27.2327232, 36.9813147], [27.2330836, 36.981678], [27.2327743, 36.9822099], [27.2327232, 36.9813147]]], [[[27.2325365, 36.9827717], [27.2323918, 36.9826803], [27.2325085, 36.982643], [27.2325365, 36.9827717]]], [[[27.2104647, 36.9855726], [27.2111586, 36.9860279], [27.2102331, 36.9860055], [27.2104647, 36.9855726]]], [[[27.2244537, 36.9883882], [27.2241565, 36.9883311], [27.224282, 36.9882854], [27.2244537, 36.9883882]]], [[[27.2297222, 36.9833804], [27.2323683, 36.9850135], [27.231567, 36.9867449], [27.2297222, 36.9833804]]], [[[27.207333, 36.9960689], [27.2073006, 36.9956829], [27.2075275, 36.9957723], [27.207333, 36.9960689]]], [[[27.1989083, 36.9922873], [27.1989486, 36.9923152], [27.1989083, 36.9923259], [27.1989083, 36.9922873]]], [[[27.198852, 36.9923281], [27.1987125, 36.9923945], [27.1986857, 36.992373], [27.198852, 36.9923281]]], [[[27.1986401, 36.9923816], [27.1986213, 36.9924373], [27.1986026, 36.9924009], [27.1986401, 36.9923816]]], [[[27.1985757, 36.9924609], [27.1985489, 36.9924373], [27.198565, 36.9924009], [27.1985757, 36.9924609]]], [[[27.1970955, 36.9934001], [27.1985104, 36.9924306], [27.1985359, 36.9926847], [27.1989841, 36.9928029], [27.1970955, 36.9934001]]], [[[27.2238841, 36.9916218], [27.2243792, 36.9920321], [27.224057, 36.9921654], [27.2238841, 36.9916218]]], [[[27.4817592, 36.9575993], [27.4816912, 36.957149], [27.4820313, 36.9573975], [27.4817592, 36.9575993]]], [[[27.3229929, 36.962961], [27.3229228, 36.9627108], [27.3231074, 36.9626454], [27.3229929, 36.962961]]], [[[28.200063, 36.959064], [28.196619, 36.96398], [28.189159, 36.957761], [28.194914, 36.957318], [28.200063, 36.959064]]], [[[27.3089828, 36.975366], [27.3088143, 36.9748378], [27.3093944, 36.9750579], [27.3089828, 36.975366]]], [[[27.5885718, 36.9732811], [27.6024016, 36.9670081], [27.5964904, 36.9734508], [27.6000853, 36.9754989], [27.5892519, 36.9799975], [27.5885718, 36.9732811]]], [[[27.425369, 36.9898163], [27.436716, 36.9874737], [27.444839, 36.980096], [27.4452483, 36.9704757], [27.460406, 36.9633302], [27.467331, 36.966136], [27.4769287, 36.9579118], [27.4796098, 36.9627334], [27.4869157, 36.9602539], [27.4928668, 36.9675515], [27.4835775, 36.9770812], [27.4321364, 36.9957775], [27.423954, 36.996101], [27.425369, 36.9898163]]], [[[27.5796123, 36.977201], [27.579462, 36.9788929], [27.5774296, 36.9775229], [27.5796123, 36.977201]]], [[[27.6563643, 36.9782654], [27.6553141, 36.9799511], [27.6547988, 36.9800099], [27.6563643, 36.9782654]]], [[[27.5821745, 36.984179], [27.5825655, 36.9838535], [27.5827568, 36.9841392], [27.5821745, 36.984179]]], [[[28.2092604, 36.9907137], [28.2092564, 36.9933476], [28.2045955, 36.9917981], [28.2055746, 36.9959604], [28.2007719, 36.9913314], [28.2092604, 36.9907137]]], [[[27.3847179, 36.9901417], [27.3840523, 37.0019227], [27.3790273, 36.9948995], [27.3847179, 36.9901417]]], [[[28.1096818, 37.0133167], [28.1099474, 37.0134095], [28.1094494, 37.0134228], [28.1096818, 37.0133167]]], [[[27.1454626, 37.0469634], [27.1455251, 37.04836], [27.1443843, 37.0482607], [27.1454626, 37.0469634]]], [[[27.2415496, 37.0297205], [27.2425674, 37.0294129], [27.2424041, 37.0301452], [27.2415496, 37.0297205]]], [[[27.2295654, 37.0402251], [27.2286103, 37.0400234], [27.228377, 37.0398112], [27.2295654, 37.0402251]]], [[[27.2285905, 37.0403958], [27.2285288, 37.0403637], [27.2286173, 37.0403723], [27.2285905, 37.0403958]]], [[[27.2078669, 36.9962912], [27.2078267, 36.9963577], [27.2078079, 36.9962891], [27.2078669, 36.9962912]]], [[[27.2077623, 36.9964883], [27.207714, 36.9964455], [27.2077918, 36.9964476], [27.2077623, 36.9964883]]], [[[28.2398199, 37.0032291], [28.239651, 37.0020054], [28.2422841, 37.001645], [28.2398199, 37.0032291]]], [[[27.3844642, 37.0039402], [27.3833397, 37.0032364], [27.3847924, 37.0031247], [27.3844642, 37.0039402]]], [[[28.2106662, 36.9968495], [28.2111861, 36.9973072], [28.210444, 36.9971944], [28.2106662, 36.9968495]]], [[[28.2057033, 36.9976259], [28.2093605, 36.9990902], [28.2050253, 36.9989448], [28.2057033, 36.9976259]]], [[[27.1814941, 37.0045144], [27.1808667, 37.0059814], [27.1802022, 37.005454], [27.1814941, 37.0045144]]], [[[27.2106781, 37.0054986], [27.2123256, 37.0056543], [27.210682, 37.0061856], [27.2106781, 37.0054986]]], [[[27.3591618, 37.0063968], [27.359503, 37.0104699], [27.356366, 37.009254], [27.3591618, 37.0063968]]], [[[27.2113216, 37.0099809], [27.2112626, 37.0099423], [27.211343, 37.0098952], [27.2113216, 37.0099809]]], [[[27.2128906, 37.0103228], [27.2130068, 37.0101349], [27.2130465, 37.0102789], [27.2128906, 37.0103228]]], [[[27.2130382, 37.0104649], [27.2129363, 37.0105078], [27.2129202, 37.0104392], [27.2130382, 37.0104649]]], [[[27.2045432, 36.9975176], [27.2062004, 36.9975894], [27.2043925, 36.9986707], [27.2045432, 36.9975176]]], [[[27.2199599, 37.0131867], [27.2165728, 37.006136], [27.2076319, 36.9970711], [27.2240167, 37.0084151], [27.2199599, 37.0131867]]], [[[27.2130114, 37.0105977], [27.2128773, 37.0106063], [27.2128183, 37.0105678], [27.2130114, 37.0105977]]], [[[27.2123561, 37.0107911], [27.2128287, 37.0106933], [27.2123629, 37.0109838], [27.2123561, 37.0107911]]], [[[27.216914, 37.0115208], [27.2168496, 37.0114823], [27.2169408, 37.0114523], [27.216914, 37.0115208]]], [[[27.1494376, 37.0491063], [27.1508324, 37.0503393], [27.1489771, 37.0494475], [27.1494376, 37.0491063]]], [[[27.200844, 37.046913], [27.204379, 37.050633], [27.1987798, 37.0497487], [27.200844, 37.046913]]], [[[27.2327712, 37.0525485], [27.2331636, 37.0533511], [27.2326988, 37.0531307], [27.2327712, 37.0525485]]], [[[27.2301815, 37.0640171], [27.2301368, 37.0639538], [27.2302039, 37.0639717], [27.2301815, 37.0640171]]], [[[27.2289222, 37.0641733], [27.2288284, 37.0642268], [27.2288176, 37.0641369], [27.2289222, 37.0641733]]], [[[27.2293729, 37.064473], [27.22922, 37.0642354], [27.2295177, 37.0643702], [27.2293729, 37.064473]]], [[[27.2076333, 37.0805863], [27.214366, 37.0846083], [27.2143117, 37.0888025], [27.2089163, 37.0890528], [27.2076333, 37.0805863]]], [[[27.2288659, 37.064428], [27.2287318, 37.0644986], [27.2286943, 37.0644644], [27.2288659, 37.064428]]], [[[27.2286218, 37.0645265], [27.2284448, 37.0645029], [27.2286433, 37.0644558], [27.2286218, 37.0645265]]], [[[27.2304296, 37.0647298], [27.2303787, 37.0647961], [27.2303787, 37.0647426], [27.2304296, 37.0647298]]], [[[27.22934, 37.0651331], [27.2292668, 37.0650925], [27.2293684, 37.0651168], [27.22934, 37.0651331]]], [[[27.2526169, 37.0873149], [27.252523, 37.0873342], [27.2525364, 37.0872935], [27.2526169, 37.0873149]]], [[[27.2511148, 37.0890802], [27.2509216, 37.0890395], [27.2513695, 37.0887964], [27.2511148, 37.0890802]]], [[[27.2395653, 37.0867937], [27.2394045, 37.0867013], [27.2395267, 37.0866526], [27.2395653, 37.0867937]]], [[[27.2335792, 37.0876484], [27.2415692, 37.0879588], [27.2320097, 37.0893602], [27.2335792, 37.0876484]]], [[[27.2534752, 37.0927623], [27.2534725, 37.0928307], [27.2533571, 37.0928029], [27.2534752, 37.0927623]]], [[[27.2541216, 37.0946215], [27.2540331, 37.0946343], [27.2541055, 37.0945851], [27.2541216, 37.0946215]]], [[[27.2541057, 37.0954938], [27.2540597, 37.0954275], [27.2541977, 37.0954444], [27.2541057, 37.0954938]]], [[[27.2680945, 37.0963961], [27.2680744, 37.0964122], [27.2680771, 37.0963929], [27.2680945, 37.0963961]]], [[[27.2680396, 37.0965202], [27.2679966, 37.096471], [27.2680436, 37.0964624], [27.2680396, 37.0965202]]], [[[27.2681173, 37.0965758], [27.2680758, 37.0965641], [27.2681294, 37.0965544], [27.2681173, 37.0965758]]], [[[27.2681294, 37.0964892], [27.268112, 37.0965084], [27.2680945, 37.0964956], [27.2681294, 37.0964892]]], [[[27.4878207, 37.0968279], [27.4884477, 37.0977237], [27.4872934, 37.0971932], [27.4878207, 37.0968279]]], [[[27.5324987, 37.1250711], [27.5321126, 37.1242564], [27.5323877, 37.1242601], [27.5324987, 37.1250711]]], [[[27.4767968, 37.126817], [27.4818633, 37.1280794], [27.4813383, 37.1306638], [27.4767968, 37.126817]]], [[[27.2977599, 37.1278514], [27.2978271, 37.1285617], [27.2970208, 37.1276399], [27.2977599, 37.1278514]]], [[[27.4725219, 37.1186245], [27.4725572, 37.1234567], [27.468947, 37.1190298], [27.4725219, 37.1186245]]], [[[27.3157936, 37.1228483], [27.3156595, 37.1227093], [27.3158607, 37.12272], [27.3157936, 37.1228483]]], [[[27.3098177, 37.1322534], [27.309595, 37.1320332], [27.3098981, 37.1321037], [27.3098177, 37.1322534]]], [[[27.2561612, 37.132175], [27.2577068, 37.1329172], [27.2559589, 37.1333526], [27.2561612, 37.132175]]], [[[27.2845069, 37.1337682], [27.2846236, 37.1332964], [27.2846069, 37.1337881], [27.2845069, 37.1337682]]], [[[27.3839613, 37.1349041], [27.3853243, 37.1345225], [27.3853933, 37.1355526], [27.3839613, 37.1349041]]], [[[27.2657239, 37.1383432], [27.2656113, 37.138256], [27.265785, 37.1382252], [27.2657239, 37.1383432]]], [[[27.2744712, 37.1418866], [27.2743516, 37.1417913], [27.2741735, 37.1415434], [27.2744712, 37.1418866]]], [[[27.3853853, 37.1375255], [27.3888285, 37.1366389], [27.3947044, 37.1395491], [27.3877533, 37.1403132], [27.3853853, 37.1375255]]], [[[27.279508, 37.1415903], [27.2800548, 37.1431217], [27.278454, 37.1427394], [27.279508, 37.1415903]]], [[[27.3174566, 37.1423865], [27.3174083, 37.1424122], [27.317411, 37.1423651], [27.3174566, 37.1423865]]], [[[27.3213619, 37.1443664], [27.3212841, 37.1443664], [27.3212922, 37.1443172], [27.3213619, 37.1443664]]], [[[27.5325707, 37.1652629], [27.5070045, 37.1524945], [27.500608, 37.158294], [27.4948975, 37.1571918], [27.4978267, 37.1519443], [27.490068, 37.141512], [27.501039, 37.1408366], [27.5080777, 37.1489296], [27.5170047, 37.150726], [27.5207672, 37.1420488], [27.5285243, 37.141465], [27.5308704, 37.1509663], [27.5350862, 37.1517459], [27.5324966, 37.1613309], [27.5365511, 37.1615718], [27.5325707, 37.1652629]]], [[[27.3836572, 37.1556106], [27.3846211, 37.1560469], [27.383765, 37.156547], [27.3836572, 37.1556106]]], [[[27.3548155, 37.1764947], [27.3565889, 37.1739433], [27.3598073, 37.1745843], [27.3548155, 37.1764947]]], [[[27.5390959, 37.1676766], [27.5390195, 37.167026], [27.5398221, 37.1673056], [27.5390959, 37.1676766]]], [[[27.3622325, 37.1745103], [27.368861, 37.1620626], [27.3789734, 37.1641911], [27.3686913, 37.1728971], [27.3622325, 37.1745103]]], [[[27.520769, 37.196229], [27.521738, 37.197124], [27.520131, 37.196874], [27.520769, 37.196229]]], [[[27.5501551, 37.2021103], [27.5513917, 37.2009415], [27.5505967, 37.2021728], [27.5501551, 37.2021103]]], [[[27.5130981, 37.2434623], [27.5128836, 37.243268], [27.5130418, 37.2432232], [27.5130981, 37.2434623]]], [[[27.5385112, 37.247716], [27.5393521, 37.2481046], [27.5390172, 37.248408], [27.5385112, 37.247716]]], [[[27.3319674, 37.3231367], [27.3339316, 37.329636], [27.327224, 37.3306024], [27.3262164, 37.3255876], [27.3319674, 37.3231367]]], [[[27.3390413, 37.3473099], [27.3390138, 37.346861], [27.3391482, 37.346543], [27.3390413, 37.3473099]]], [[[27.3639702, 37.2811284], [27.3689984, 37.2826522], [27.370031, 37.2844701], [27.3664454, 37.2844175], [27.3639702, 37.2811284]]], [[[27.5132446, 37.2510414], [27.5129203, 37.2508683], [27.5134977, 37.250991], [27.5132446, 37.2510414]]], [[[27.5628466, 37.2444612], [27.5514321, 37.2530278], [27.5476338, 37.2531684], [27.5497636, 37.2503559], [27.5628466, 37.2444612]]], [[[27.5593485, 37.2540642], [27.5601484, 37.2550446], [27.5590983, 37.2552438], [27.5593485, 37.2540642]]], [[[27.3667303, 37.3799674], [27.3667528, 37.3797528], [27.3668698, 37.3798279], [27.3667303, 37.3799674]]], [[[27.4078324, 37.4103995], [27.4115633, 37.41142], [27.4115746, 37.413273], [27.4078324, 37.4103995]]], [[[27.2156007, 37.420195], [27.2161674, 37.4192513], [27.2169351, 37.419488], [27.2156007, 37.420195]]], [[[27.188116, 37.471975], [27.189406, 37.47223], [27.187151, 37.472747], [27.188116, 37.471975]]], [[[27.181995, 37.473397], [27.186507, 37.473262], [27.181031, 37.474298], [27.181995, 37.473397]]], [[[27.186546, 37.488932], [27.190757, 37.496632], [27.18916, 37.502543], [27.186546, 37.488932]]], [[[27.168926, 37.538025], [27.169573, 37.538794], [27.168927, 37.538538], [27.168926, 37.538025]]], [[[27.169901, 37.541363], [27.170224, 37.541619], [27.169902, 37.54162], [27.169901, 37.541363]]], [[[27.187888, 37.509481], [27.188887, 37.522324], [27.186138, 37.519503], [27.185776, 37.503576], [27.180085, 37.483034], [27.179914, 37.479438], [27.180718, 37.478152], [27.187888, 37.509481]]], [[[27.19176, 37.510631], [27.194338, 37.509985], [27.192084, 37.511016], [27.19176, 37.510631]]], [[[27.1966, 37.511779], [27.196754, 37.50921], [27.197892, 37.512291], [27.1966, 37.511779]]], [[[27.184216, 37.524643], [27.185346, 37.525155], [27.181165, 37.529786], [27.184216, 37.524643]]], [[[27.189212, 37.523351], [27.18778, 37.531317], [27.185685, 37.531577], [27.184081, 37.535176], [27.189212, 37.523351]]], [[[27.191166, 37.530541], [27.192134, 37.530539], [27.192134, 37.530796], [27.191166, 37.530541]]], [[[27.180843, 37.530043], [27.181167, 37.530557], [27.180844, 37.530557], [27.180843, 37.530043]]], [[[27.189231, 37.530801], [27.190845, 37.531312], [27.189232, 37.531315], [27.189231, 37.530801]]], [[[27.19666, 37.534385], [27.197306, 37.534898], [27.196661, 37.534899], [27.19666, 37.534385]]], [[[27.186653, 37.531833], [27.189398, 37.533113], [27.192797, 37.537474], [27.195055, 37.53747], [27.192153, 37.537989], [27.186653, 37.531833]]], [[[27.174415, 37.540329], [27.175383, 37.540327], [27.175384, 37.540584], [27.174415, 37.540329]]], [[[27.172801, 37.539817], [27.174093, 37.540329], [27.172802, 37.540074], [27.172801, 37.539817]]], [[[27.182849, 37.559068], [27.185108, 37.559065], [27.182851, 37.559839], [27.182849, 37.559068]]], [[[27.184787, 37.559836], [27.185432, 37.559578], [27.185432, 37.559835], [27.184787, 37.559836]]], [[[27.170911, 37.5596], [27.171557, 37.559856], [27.170911, 37.559857], [27.170911, 37.5596]]], [[[27.17087, 37.541875], [27.172161, 37.54213], [27.172485, 37.542643], [27.17087, 37.541875]]], [[[27.014386, 37.6484483], [27.0150567, 37.6475791], [27.0156327, 37.6485973], [27.014386, 37.6484483]]], [[[27.001324, 37.6520044], [27.0058293, 37.6512953], [27.0060533, 37.6532511], [27.001324, 37.6520044]]], [[[27.0090433, 37.6530331], [27.0143853, 37.6529623], [27.0157188, 37.6542884], [27.0090433, 37.6530331]]], [[[27.0057439, 37.6664155], [27.005025, 37.6656894], [27.0058726, 37.6658678], [27.0057439, 37.6664155]]], [[[27.0462445, 37.6863869], [27.0455933, 37.6863533], [27.0455296, 37.686188], [27.0462445, 37.6863869]]], [[[27.181561, 37.560355], [27.182207, 37.560611], [27.181564, 37.561639], [27.181561, 37.560355]]], [[[27.181244, 37.562411], [27.181568, 37.563181], [27.181246, 37.563181], [27.181244, 37.562411]]], [[[27.171076, 37.561398], [27.175109, 37.561135], [27.161931, 37.585301], [27.159994, 37.585304], [27.169463, 37.561914], [27.166358, 37.543937], [27.171076, 37.561398]]], [[[27.156288, 37.588649], [27.157097, 37.588904], [27.155806, 37.58942], [27.156288, 37.588649]]], [[[27.137931, 37.611791], [27.140824, 37.605109], [27.155807, 37.589677], [27.154524, 37.593788], [27.137931, 37.611791]]], [[[27.199257, 37.601428], [27.201035, 37.601939], [27.198778, 37.603227], [27.199257, 37.601428]]], [[[27.198779, 37.603741], [27.199106, 37.605025], [27.198136, 37.604513], [27.198779, 37.603741]]], [[[27.157738, 37.587105], [27.159998, 37.587102], [27.158387, 37.588389], [27.157738, 37.587105]]], [[[27.0468781, 37.6864541], [27.0465135, 37.6865605], [27.0464427, 37.6864793], [27.0468781, 37.6864541]]], [[[27.0158492, 37.6916092], [27.0178199, 37.6921477], [27.0164392, 37.6927676], [27.0158492, 37.6916092]]], [[[27.2294669, 37.9854014], [27.229306, 37.9851477], [27.2295581, 37.9853189], [27.2294669, 37.9854014]]], [[[26.8552886, 38.0448527], [26.8556672, 38.0464806], [26.8535679, 38.0454209], [26.8552886, 38.0448527]]], [[[26.8541643, 38.0552849], [26.8537108, 38.0550778], [26.8541401, 38.0550206], [26.8541643, 38.0552849]]], [[[26.8647825, 38.0301157], [26.8663266, 38.0285], [26.8669942, 38.0313803], [26.8647825, 38.0301157]]], [[[27.081964, 38.0134672], [27.0829401, 38.0142152], [27.0813718, 38.0133073], [27.081964, 38.0134672]]], [[[26.8846817, 38.0223624], [26.8810684, 38.0238154], [26.8803173, 38.0210344], [26.8819492, 38.0204913], [26.8846817, 38.0223624]]], [[[26.8320073, 38.1241071], [26.8300532, 38.1268139], [26.8299825, 38.1242371], [26.8320073, 38.1241071]]], [[[26.4334468, 38.1934553], [26.4322042, 38.1985386], [26.4280736, 38.1950374], [26.4334468, 38.1934553]]], [[[26.4397662, 38.186561], [26.4374628, 38.1833878], [26.4395576, 38.1832929], [26.4397662, 38.186561]]], [[[26.5305803, 38.128672], [26.5308493, 38.1282321], [26.5310758, 38.1283825], [26.5305803, 38.128672]]], [[[26.802802, 38.1584046], [26.805639, 38.1623087], [26.8054377, 38.1639857], [26.80143, 38.161704], [26.802802, 38.1584046]]], [[[26.4458424, 38.1984466], [26.4523112, 38.2009752], [26.4417555, 38.1986239], [26.4458424, 38.1984466]]], [[[26.7701464, 38.1982532], [26.7704411, 38.2001973], [26.76894, 38.2007556], [26.7701464, 38.1982532]]], [[[26.6615686, 38.2079511], [26.6611435, 38.207709], [26.6614454, 38.2075443], [26.6615686, 38.2079511]]], [[[26.1954534, 38.2925273], [26.1946038, 38.2934933], [26.194402, 38.2918074], [26.1954534, 38.2925273]]], [[[26.2327319, 38.2863866], [26.2324704, 38.2865076], [26.2324493, 38.2864801], [26.2327319, 38.2863866]]], [[[26.2093057, 38.297866], [26.2091238, 38.2917142], [26.210581, 38.2907216], [26.2093057, 38.297866]]], [[[26.6742223, 38.3322164], [26.6792613, 38.3302703], [26.6794587, 38.332607], [26.6742223, 38.3322164]]], [[[26.4564613, 38.3601796], [26.4541159, 38.3683236], [26.4460997, 38.3644553], [26.4528343, 38.3597527], [26.4564613, 38.3601796]]], [[[26.4669693, 38.3723719], [26.4676919, 38.3722512], [26.4675498, 38.3725391], [26.4669693, 38.3723719]]], [[[26.2725085, 38.3881329], [26.2733044, 38.3872599], [26.2739183, 38.3873284], [26.2725085, 38.3881329]]], [[[26.2896822, 38.3796282], [26.2896522, 38.3793253], [26.289838, 38.379175], [26.2896822, 38.3796282]]], [[[26.7830935, 38.3671692], [26.7919241, 38.3752488], [26.7892943, 38.3777101], [26.7857252, 38.3768266], [26.7830935, 38.3671692]]], [[[26.4588785, 38.3802284], [26.4584876, 38.3786684], [26.4595538, 38.3794298], [26.4588785, 38.3802284]]], [[[26.4769081, 38.3761053], [26.4774649, 38.3755295], [26.4776781, 38.3759103], [26.4769081, 38.3761053]]], [[[26.4700256, 38.376031], [26.4700967, 38.3765232], [26.4698242, 38.376356], [26.4700256, 38.376031]]], [[[26.4615557, 38.3743872], [26.4664837, 38.3758638], [26.4660927, 38.3820949], [26.4615557, 38.3743872]]], [[[26.4286201, 38.3889672], [26.4289848, 38.3881599], [26.428899, 38.3890009], [26.4286201, 38.3889672]]], [[[26.4288872, 38.3901546], [26.428075, 38.3902614], [26.4281791, 38.3900125], [26.4288872, 38.3901546]]], [[[26.4479929, 38.3879208], [26.4504603, 38.3882137], [26.448798, 38.39015], [26.4479929, 38.3879208]]], [[[26.446922, 38.3915058], [26.4493688, 38.39366], [26.4491929, 38.3952822], [26.446922, 38.3915058]]], [[[26.7509877, 38.3962111], [26.7506507, 38.3962432], [26.7510094, 38.3961262], [26.7509877, 38.3962111]]], [[[26.4651843, 38.3871317], [26.4680804, 38.3910356], [26.4643348, 38.4023706], [26.4619634, 38.396086], [26.4651843, 38.3871317]]], [[[26.7839523, 38.3948496], [26.7917554, 38.3961461], [26.7893824, 38.3998452], [26.7839523, 38.3948496]]], [[[26.4490923, 38.3982506], [26.4496537, 38.397712], [26.4499372, 38.3984179], [26.4490923, 38.3982506]]], [[[26.468139, 38.3999157], [26.4691027, 38.3979587], [26.4690273, 38.4004016], [26.468139, 38.3999157]]], [[[26.7538367, 38.4005181], [26.7520135, 38.3978074], [26.7552131, 38.3979791], [26.7538367, 38.4005181]]], [[[26.7683281, 38.4104333], [26.7698713, 38.4072997], [26.7703367, 38.4044971], [26.7734232, 38.4088593], [26.7683281, 38.4104333]]], [[[27.0514465, 38.4122641], [27.050089, 38.412788], [27.0488214, 38.4125615], [27.0514465, 38.4122641]]], [[[26.3155107, 38.4167893], [26.3099407, 38.4187662], [26.3086112, 38.4175991], [26.3117599, 38.4148369], [26.3155107, 38.4167893]]], [[[26.7921533, 38.4100416], [26.7988923, 38.4071057], [26.7957575, 38.415427], [26.7921533, 38.4100416]]], [[[26.7666616, 38.4124274], [26.7674707, 38.412631], [26.7666807, 38.4127797], [26.7666616, 38.4124274]]], [[[26.7649169, 38.4130633], [26.7644026, 38.4135331], [26.764874, 38.4130163], [26.7649169, 38.4130633]]], [[[26.7854676, 38.4155249], [26.7822161, 38.4184974], [26.7806545, 38.4167797], [26.7822529, 38.4152826], [26.7854676, 38.4155249]]], [[[26.4900817, 38.4035097], [26.4928476, 38.4048496], [26.4903332, 38.4055129], [26.4900817, 38.4035097]]], [[[26.4597551, 38.4046306], [26.4601843, 38.4044557], [26.4601843, 38.4046575], [26.4597551, 38.4046306]]], [[[26.3089571, 38.4209351], [26.3105831, 38.4193908], [26.3072628, 38.4234274], [26.3089571, 38.4209351]]], [[[26.3241766, 38.4229147], [26.3234576, 38.4227828], [26.3239371, 38.4224757], [26.3241766, 38.4229147]]], [[[26.3305372, 38.4446533], [26.3304356, 38.444561], [26.3305778, 38.4445387], [26.3305372, 38.4446533]]], [[[26.3447138, 38.4217697], [26.3425739, 38.4220693], [26.3430566, 38.4213686], [26.3447138, 38.4217697]]], [[[26.374743, 38.5213453], [26.3743537, 38.5210296], [26.3746935, 38.5209022], [26.374743, 38.5213453]]], [[[26.3700423, 38.5303238], [26.3697862, 38.5297514], [26.3702171, 38.529939], [26.3700423, 38.5303238]]], [[[26.6164462, 38.530359], [26.61659, 38.5304503], [26.6164129, 38.5304251], [26.6164462, 38.530359]]], [[[26.6949984, 38.5315209], [26.6964987, 38.530357], [26.6975465, 38.530383], [26.6949984, 38.5315209]]], [[[26.3684507, 38.5317347], [26.3678551, 38.5311539], [26.3681559, 38.5309408], [26.3684507, 38.5317347]]], [[[26.6247074, 38.5315928], [26.6244542, 38.5315456], [26.6246741, 38.5314533], [26.6247074, 38.5315928]]], [[[26.370947, 38.5538193], [26.370377, 38.5536699], [26.3705403, 38.5535012], [26.370947, 38.5538193]]], [[[26.5246352, 38.6521864], [26.5214001, 38.653665], [26.5257896, 38.6504911], [26.5246352, 38.6521864]]], [[[26.5108803, 38.6581843], [26.5197701, 38.6587297], [26.5186147, 38.6633418], [26.5108803, 38.6581843]]], [[[26.7235733, 38.6560176], [26.723333, 38.655958], [26.7235846, 38.6558499], [26.7235733, 38.6560176]]], [[[26.4432296, 38.6734895], [26.443117, 38.6733916], [26.4432424, 38.6733457], [26.4432296, 38.6734895]]], [[[26.7263995, 38.7037791], [26.7263272, 38.7026917], [26.7269602, 38.7032813], [26.7263995, 38.7037791]]], [[[26.7273114, 38.6907095], [26.7274194, 38.6909292], [26.7268131, 38.6908898], [26.7273114, 38.6907095]]], [[[26.7100575, 38.6930847], [26.7235378, 38.6837346], [26.7250804, 38.6832366], [26.7271451, 38.6837798], [26.7218933, 38.6866014], [26.7245811, 38.6930635], [26.7177278, 38.6930626], [26.7149802, 38.6949643], [26.7118394, 38.6991467], [26.7081051, 38.7025513], [26.7100575, 38.6930847]]], [[[26.731952, 38.6744781], [26.7315532, 38.6754121], [26.7308886, 38.6747126], [26.731952, 38.6744781]]], [[[26.7294386, 38.6729626], [26.7238033, 38.6750363], [26.7272553, 38.6709366], [26.7294386, 38.6729626]]], [[[26.7178234, 38.6780421], [26.7119327, 38.674085], [26.718362, 38.677724], [26.7178234, 38.6780421]]], [[[26.7955656, 38.4200827], [26.7961459, 38.4202659], [26.7956468, 38.4204157], [26.7955656, 38.4200827]]], [[[26.7955555, 38.4205446], [26.7954195, 38.4203415], [26.7955016, 38.4203576], [26.7955555, 38.4205446]]], [[[26.5078304, 38.4255091], [26.5089564, 38.4251144], [26.5089209, 38.4255184], [26.5078304, 38.4255091]]], [[[26.3657955, 38.4273471], [26.3653566, 38.4279592], [26.3652683, 38.426786], [26.3657955, 38.4273471]]], [[[26.3254188, 38.4406689], [26.3275304, 38.4276785], [26.3323748, 38.422532], [26.335162, 38.4290161], [26.3388, 38.4233855], [26.3404238, 38.4301355], [26.3459722, 38.4276012], [26.3509474, 38.4324073], [26.3492738, 38.4276772], [26.3540397, 38.4254371], [26.357817, 38.4409964], [26.3627461, 38.4435017], [26.3608989, 38.455181], [26.3502255, 38.4546669], [26.343298, 38.447393], [26.3372587, 38.445169], [26.3294614, 38.4443381], [26.3254188, 38.4406689]]], [[[26.7025618, 38.4310538], [26.7028227, 38.4312024], [26.7023721, 38.4313046], [26.7025618, 38.4310538]]], [[[26.3866196, 38.435075], [26.3729267, 38.4273294], [26.388786, 38.4228905], [26.3866196, 38.435075]]], [[[26.7003083, 38.4317594], [26.7011028, 38.431987], [26.6998933, 38.4320613], [26.7003083, 38.4317594]]], [[[26.3674603, 38.4284878], [26.3734255, 38.4349048], [26.3691797, 38.4379582], [26.3675722, 38.4364785], [26.3674603, 38.4284878]]], [[[27.0265929, 38.4453198], [27.028296, 38.4458916], [27.0266219, 38.4459904], [27.0265929, 38.4453198]]], [[[26.9871912, 38.4465399], [26.9872288, 38.4458088], [26.9874433, 38.4455231], [26.9871912, 38.4465399]]], [[[27.063255, 38.459384], [27.063908, 38.459255], [27.068481, 38.458996], [27.063255, 38.459384]]], [[[27.069135, 38.459253], [27.071421, 38.459379], [27.073056, 38.460791], [27.069135, 38.459253]]], [[[26.9883553, 38.4496484], [26.9887415, 38.4503122], [26.9881729, 38.4502534], [26.9883553, 38.4496484]]], [[[26.9866172, 38.4507407], [26.9880442, 38.44985], [26.9881622, 38.4515977], [26.9866172, 38.4507407]]], [[[27.036708, 38.4636766], [27.032674, 38.4626618], [27.0359535, 38.4628977], [27.036708, 38.4636766]]], [[[27.034512, 38.46646], [27.035982, 38.465945], [27.03484, 38.467487], [27.034512, 38.46646]]], [[[27.032552, 38.46646], [27.033206, 38.466974], [27.032552, 38.466974], [27.032552, 38.46646]]], [[[26.4223014, 38.4739758], [26.4221295, 38.4731347], [26.4225765, 38.4736595], [26.4223014, 38.4739758]]], [[[26.6954577, 38.4747218], [26.6963029, 38.4751678], [26.6954781, 38.4749489], [26.6954577, 38.4747218]]], [[[27.059009, 38.459772], [27.059989, 38.460542], [27.059009, 38.460542], [27.059009, 38.459772]]], [[[27.05607, 38.461057], [27.058683, 38.461056], [27.05607, 38.461571], [27.05607, 38.461057]]], [[[27.014256, 38.460684], [27.01491, 38.462097], [27.01393, 38.461584], [27.014256, 38.460684]]], [[[26.9749657, 38.4448925], [26.9760922, 38.4441955], [26.9773261, 38.4443127], [26.9749657, 38.4448925]]], [[[26.9734047, 38.4437669], [26.9740162, 38.4435989], [26.9736783, 38.4439766], [26.9734047, 38.4437669]]], [[[26.7598459, 38.4537204], [26.7641055, 38.4354828], [26.7757274, 38.4407372], [26.7710317, 38.4543442], [26.7598459, 38.4537204]]], [[[26.4205738, 38.4748977], [26.4209176, 38.4744603], [26.4211755, 38.4750524], [26.4205738, 38.4748977]]], [[[26.6977257, 38.5471606], [26.7012996, 38.5402446], [26.7066689, 38.5363663], [26.7018701, 38.5322516], [26.7028181, 38.5219342], [26.6953682, 38.519906], [26.6951124, 38.4788944], [26.7260445, 38.473176], [26.7283558, 38.4702695], [26.7210989, 38.4609352], [26.7417455, 38.4590301], [26.7492841, 38.4812486], [26.7408946, 38.4898973], [26.7447873, 38.4925765], [26.7308272, 38.496746], [26.7344347, 38.5149578], [26.7281593, 38.5218631], [26.7278993, 38.5315111], [26.6977257, 38.5471606]]], [[[26.7082706, 38.7132972], [26.7097868, 38.7141412], [26.7094749, 38.7155873], [26.7082706, 38.7132972]]], [[[26.7334867, 38.7340736], [26.7337833, 38.7321809], [26.7342882, 38.7334958], [26.7334867, 38.7340736]]], [[[26.7585023, 38.7410086], [26.7592512, 38.7410881], [26.7586756, 38.7411521], [26.7585023, 38.7410086]]], [[[26.8504178, 38.7512777], [26.8502436, 38.7512324], [26.8502738, 38.7511835], [26.8504178, 38.7512777]]], [[[26.9022083, 38.7658602], [26.9020318, 38.765457], [26.9024135, 38.7656202], [26.9022083, 38.7658602]]], [[[26.8789194, 38.8534298], [26.8771041, 38.8475806], [26.8871712, 38.8479204], [26.887265, 38.854137], [26.8789194, 38.8534298]]], [[[26.8915491, 38.8642914], [26.8930865, 38.8644832], [26.8940467, 38.8663098], [26.8915491, 38.8642914]]], [[[27.0321074, 38.8806198], [27.0335554, 38.8796224], [27.0330969, 38.8805816], [27.0321074, 38.8806198]]], [[[27.0381717, 38.8849398], [27.0407026, 38.8848659], [27.0413392, 38.8858907], [27.0381717, 38.8849398]]], [[[26.9079939, 38.888564], [26.9081355, 38.8898599], [26.9074433, 38.8898319], [26.9079939, 38.888564]]], [[[26.909519, 38.8905565], [26.9116364, 38.8900901], [26.9117893, 38.8911344], [26.909519, 38.8905565]]], [[[26.8337126, 38.9077448], [26.8329385, 38.9046777], [26.8386241, 38.9015051], [26.8388986, 38.9038507], [26.8337126, 38.9077448]]], [[[26.8252462, 38.9225263], [26.8076022, 38.9262629], [26.812443, 38.9230983], [26.8066837, 38.9175894], [26.8219115, 38.9114784], [26.8252462, 38.9225263]]], [[[27.0337259, 38.9207474], [27.0339312, 38.9206346], [27.0339554, 38.9206863], [27.0337259, 38.9207474]]], [[[26.8071023, 38.9215991], [26.8047893, 38.9209664], [26.8075145, 38.9212403], [26.8071023, 38.9215991]]], [[[27.0279879, 38.9199947], [27.0234136, 38.9236484], [27.0211942, 38.9223301], [27.0264822, 38.9200571], [27.0279879, 38.9199947]]], [[[26.804007, 38.9372962], [26.8048937, 38.9357217], [26.8052676, 38.9357425], [26.804007, 38.9372962]]], [[[26.9457105, 38.9326394], [26.9444277, 38.9335711], [26.9462403, 38.932156], [26.9457105, 38.9326394]]], [[[26.8055494, 38.9354071], [26.8054242, 38.9340495], [26.8064914, 38.9348601], [26.8055494, 38.9354071]]], [[[26.798021, 39.0300353], [26.798161, 39.0302046], [26.7979132, 39.0302635], [26.798021, 39.0300353]]], [[[26.7914702, 38.9973298], [26.7958329, 39.0040464], [26.7987485, 39.0109982], [26.7927525, 39.0081493], [26.7914702, 38.9973298]]], [[[26.7207355, 39.2261533], [26.7261456, 39.2217174], [26.728067, 39.2221483], [26.7207355, 39.2261533]]], [[[26.8052585, 39.0382132], [26.8049845, 39.038352], [26.8051096, 39.0380605], [26.8052585, 39.0382132]]], [[[26.811087, 39.0403834], [26.8109142, 39.0404829], [26.8109654, 39.0402691], [26.811087, 39.0403834]]], [[[26.7313964, 39.2427336], [26.7312807, 39.2426364], [26.7314407, 39.2426688], [26.7313964, 39.2427336]]], [[[26.590781, 39.28349], [26.603172, 39.283533], [26.595854, 39.291982], [26.600252, 39.303297], [26.591333, 39.302239], [26.592214, 39.29274], [26.576769, 39.278046], [26.587509, 39.277956], [26.590781, 39.28349]]], [[[26.6361053, 39.2996496], [26.6356692, 39.2996939], [26.6355727, 39.2996634], [26.6361053, 39.2996496]]], [[[26.5265532, 39.3208712], [26.5301957, 39.3217679], [26.5253013, 39.3214549], [26.5265532, 39.3208712]]], [[[26.6567717, 39.3238484], [26.6595741, 39.324445], [26.6566118, 39.3242067], [26.6567717, 39.3238484]]], [[[26.5371912, 39.322183], [26.5430128, 39.3255365], [26.541078, 39.32953], [26.531312, 39.331289], [26.5307271, 39.32538], [26.5371912, 39.322183]]], [[[26.7130773, 39.3500524], [26.7137191, 39.3496671], [26.7140032, 39.3499907], [26.7130773, 39.3500524]]], [[[26.5606062, 39.3364258], [26.5616064, 39.3374124], [26.5602749, 39.3372391], [26.5606062, 39.3364258]]], [[[26.5784144, 39.3441333], [26.5755951, 39.3346036], [26.5796033, 39.3395032], [26.5784144, 39.3441333]]], [[[26.6534264, 39.3633706], [26.6328021, 39.3575854], [26.6233501, 39.3698403], [26.6220667, 39.3799879], [26.6612698, 39.3754969], [26.6682106, 39.3832813], [26.6640943, 39.386358], [26.6702668, 39.3899042], [26.645608, 39.3836004], [26.6456326, 39.3888869], [26.6292447, 39.3885122], [26.6294829, 39.3947178], [26.614618, 39.395796], [26.5987166, 39.3864288], [26.617186, 39.380139], [26.6180686, 39.3733946], [26.6136364, 39.3697314], [26.6237574, 39.3568742], [26.6112259, 39.3575185], [26.6082932, 39.351861], [26.6156811, 39.3536507], [26.6133501, 39.3395871], [26.622817, 39.3268111], [26.6481077, 39.3254461], [26.6554409, 39.3319889], [26.6691691, 39.329379], [26.6908419, 39.3333636], [26.6833327, 39.3383708], [26.6840374, 39.3438276], [26.6641548, 39.3392492], [26.6518971, 39.353947], [26.6565992, 39.358717], [26.6534264, 39.3633706]]], [[[26.6970051, 39.3482727], [26.6834379, 39.3467238], [26.6834625, 39.345394], [26.6987148, 39.3421576], [26.6970051, 39.3482727]]], [[[26.5959317, 39.3369985], [26.613464, 39.334929], [26.6068611, 39.3422242], [26.5959317, 39.3369985]]], [[[26.5947078, 39.3375041], [26.5951721, 39.3378718], [26.5946869, 39.337689], [26.5947078, 39.3375041]]], [[[26.5860102, 39.3436812], [26.5915361, 39.3459687], [26.6016354, 39.3442377], [26.595353, 39.350276], [26.5864145, 39.349245], [26.5860102, 39.3436812]]], [[[26.5899274, 39.3526634], [26.5899822, 39.3534076], [26.5892313, 39.353079], [26.5899274, 39.3526634]]], [[[26.5989275, 39.3518313], [26.599639, 39.35273], [26.597562, 39.35278], [26.5989275, 39.3518313]]], [[[26.6734488, 39.3540488], [26.6659373, 39.3532323], [26.6639587, 39.3514171], [26.6734488, 39.3540488]]], [[[26.590672, 39.358991], [26.5916567, 39.3585721], [26.5917536, 39.3590167], [26.590672, 39.358991]]], [[[26.721341, 39.358991], [26.7216342, 39.3599402], [26.720696, 39.359224], [26.721341, 39.358991]]], [[[26.700402, 39.3585089], [26.7000942, 39.3585567], [26.7000681, 39.3585064], [26.700402, 39.3585089]]], [[[26.5706685, 39.3786077], [26.574984, 39.382047], [26.5715974, 39.3850838], [26.568352, 39.384334], [26.5706685, 39.3786077]]], [[[26.631801, 39.3688615], [26.6325134, 39.3690494], [26.6311912, 39.3688897], [26.631801, 39.3688615]]], [[[26.7609063, 39.3718681], [26.7690715, 39.3756382], [26.7698872, 39.3786133], [26.7598783, 39.3749157], [26.7609063, 39.3718681]]], [[[26.706027, 39.382066], [26.7028472, 39.3747692], [26.70747, 39.3730284], [26.7095349, 39.379354], [26.706027, 39.382066]]], [[[26.7263535, 39.3791085], [26.7255038, 39.376777], [26.7279254, 39.3782416], [26.7263535, 39.3791085]]], [[[26.6984425, 39.3706964], [26.6938119, 39.3709986], [26.6963353, 39.36778], [26.6984425, 39.3706964]]], [[[26.6664372, 39.3739153], [26.6655872, 39.3742094], [26.6653362, 39.3740936], [26.6664372, 39.3739153]]], [[[26.649344, 39.3743557], [26.6497866, 39.3743229], [26.6494713, 39.3745291], [26.649344, 39.3743557]]], [[[26.7199684, 39.3856072], [26.7199159, 39.3854144], [26.7200772, 39.3855202], [26.7199684, 39.3856072]]], [[[26.5705073, 39.3880218], [26.5705466, 39.3881102], [26.5704751, 39.3882069], [26.5705073, 39.3880218]]], [[[26.6025724, 39.3950797], [26.589301, 39.3971031], [26.5845579, 39.3866631], [26.5805871, 39.3919543], [26.576282, 39.3906106], [26.5763907, 39.3827929], [26.5893443, 39.3756784], [26.5844361, 39.3718554], [26.5887532, 39.3681883], [26.5931077, 39.3701318], [26.5919106, 39.3777374], [26.5956516, 39.3772863], [26.595689, 39.3886267], [26.6025724, 39.3950797]]], [[[26.7198671, 39.3870277], [26.720172, 39.3874493], [26.7198314, 39.3874733], [26.7198671, 39.3870277]]], [[[26.70658, 39.408005], [26.711054, 39.406604], [26.712698, 39.409433], [26.70658, 39.408005]]], [[[26.072821, 39.793077], [26.0733806, 39.7925275], [26.073685, 39.7931514], [26.072821, 39.793077]]], [[[26.0783182, 39.795484], [26.0792098, 39.7956355], [26.0785727, 39.7958614], [26.0783182, 39.795484]]], [[[26.0767596, 39.8355927], [26.0513358, 39.8470982], [26.0379657, 39.841538], [25.9984597, 39.8447428], [25.9623599, 39.8386543], [25.974862, 39.821911], [25.9842255, 39.8181196], [25.9955996, 39.8208523], [26.0042455, 39.8165501], [26.0033462, 39.8127033], [26.0456509, 39.7966111], [26.0528368, 39.7872803], [26.0604702, 39.7913047], [26.0612213, 39.7874442], [26.0618755, 39.7914955], [26.0667964, 39.7900381], [26.0830233, 39.800997], [26.077968, 39.802549], [26.079748, 39.8067159], [26.0735442, 39.8131421], [26.0767617, 39.8158211], [26.0740017, 39.8210625], [26.0800858, 39.8215182], [26.0719744, 39.8343117], [26.0767596, 39.8355927]]], [[[25.9835085, 39.8173421], [25.9842023, 39.8174434], [25.9827631, 39.8174133], [25.9835085, 39.8173421]]], [[[26.0797971, 39.8277708], [26.0803826, 39.8278197], [26.0799413, 39.8280064], [26.0797971, 39.8277708]]], [[[26.094495, 39.841009], [26.095814, 39.842047], [26.094485, 39.84178], [26.094495, 39.841009]]], [[[25.9931539, 39.8493961], [25.9937811, 39.8501279], [25.9928048, 39.8501938], [25.9931539, 39.8493961]]], [[[26.032741, 39.850269], [26.034743, 39.850029], [26.035066, 39.850802], [26.032741, 39.850269]]], [[[25.9952347, 39.8507273], [25.9948771, 39.8505677], [25.9951252, 39.850475], [25.9952347, 39.8507273]]], [[[26.0741649, 39.9198742], [26.0760569, 39.9178743], [26.0773879, 39.9184678], [26.0741649, 39.9198742]]], [[[26.0819995, 39.918395], [26.0864525, 39.9179099], [26.086903, 39.9195511], [26.0819995, 39.918395]]], [[[26.0517401, 39.9310905], [26.0519837, 39.9298074], [26.0538626, 39.930554], [26.0517401, 39.9310905]]], [[[26.056926, 39.9326837], [26.0573245, 39.9323781], [26.0575064, 39.9324778], [26.056926, 39.9326837]]], [[[26.0583468, 39.9358192], [26.0686476, 39.9315942], [26.0794248, 39.9378319], [26.060374, 39.9403029], [26.0583468, 39.9358192]]], [[[25.7928515, 40.2128155], [25.6711484, 40.1533394], [25.6654487, 40.1249626], [25.7056961, 40.1164268], [25.7250195, 40.1068752], [25.730643, 40.093854], [25.7389913, 40.0914242], [25.764173, 40.1002824], [25.7926089, 40.0963693], [25.7994884, 40.1046537], [25.8381641, 40.0999949], [25.8587127, 40.1091774], [25.937658, 40.1279132], [25.957637, 40.123465], [25.972993, 40.1254], [25.977933, 40.130579], [25.995292, 40.1331568], [26.0142657, 40.147967], [26.0114447, 40.1629245], [26.006853, 40.154582], [25.991979, 40.153426], [25.9874335, 40.1438268], [25.966616, 40.148966], [25.969379, 40.154255], [25.964314, 40.157291], [25.9643711, 40.1642605], [25.973454, 40.172521], [25.9680434, 40.1808563], [25.9750151, 40.1883595], [25.972984, 40.2104105], [25.9763626, 40.2163914], [25.9703176, 40.2221749], [25.9482652, 40.2262007], [25.945814, 40.2338807], [25.9476198, 40.2342626], [25.9490347, 40.2316797], [25.9554272, 40.2288028], [25.9455763, 40.2404396], [25.9392668, 40.2356289], [25.9279066, 40.2402496], [25.8978107, 40.2355248], [25.8920138, 40.2297506], [25.8815386, 40.2306341], [25.852346, 40.218756], [25.8423622, 40.210714], [25.7928515, 40.2128155]]], [[[28.7728912, 40.9855576], [28.7729823, 40.9855836], [28.7729679, 40.9856042], [28.7728912, 40.9855576]]], [[[28.7728912, 40.9855576], [28.7701733, 40.9898045], [28.7752159, 40.9838491], [28.7756661, 40.9819856], [28.7728431, 40.9806553], [28.7757614, 40.9764191], [28.81052, 40.9560926], [28.8300143, 40.9546665], [28.8388671, 40.9570331], [28.851804, 40.9743891], [28.8657074, 40.9736455], [28.8658679, 40.968232], [28.8663055, 40.9675607], [28.8670238, 40.9672726], [28.8754237, 40.967409], [28.8662014, 40.969507], [28.8753294, 40.9688394], [28.8796786, 40.972385], [28.8743754, 40.9691816], [28.8768248, 40.9742093], [28.8909251, 40.9778954], [28.8897763, 40.9825975], [28.8919669, 40.9892626], [28.8899451, 40.9821418], [28.8915841, 40.977898], [28.892128, 40.9812125], [28.9018184, 40.9790688], [28.929591, 40.9909443], [28.9371837, 41.0012678], [28.9467872, 40.9962117], [28.9610514, 40.9982554], [28.9541165, 41.0022146], [28.9820251, 41.0030343], [28.9878568, 41.0102134], [28.9866872, 41.0173559], [28.9660249, 41.0196237], [28.9399725, 41.0422722], [28.9356772, 41.0521701], [28.9392045, 41.0553072], [28.9466348, 41.0569381], [28.943802, 41.0647797], [28.948473, 41.0644383], [28.9477059, 41.0555208], [28.9402724, 41.0525362], [28.9402744, 41.0472249], [28.9752106, 41.0215554], [28.996765, 41.0374816], [29.032807, 41.0497099], [29.0464561, 41.067989], [29.0444285, 41.0777378], [29.0568053, 41.083166], [29.0528552, 41.0976946], [29.0593579, 41.1093226], [29.0543508, 41.1137722], [29.0617587, 41.1131254], [29.071899, 41.1234103], [29.0542289, 41.1385837], [29.0579745, 41.1396613], [29.0530526, 41.1463555], [29.0363909, 41.1567372], [29.0727073, 41.1750224], [29.091431, 41.2003617], [29.1053432, 41.2064101], [29.1117815, 41.2141634], [29.106375, 41.2211217], [29.1162318, 41.2339606], [29.0977209, 41.2401907], [29.0902025, 41.2477958], [29.0846954, 41.2455969], [29.0779629, 41.2545597], [29.0723515, 41.2478941], [29.0674454, 41.2535514], [29.0645631, 41.2506727], [29.060696, 41.255065], [29.0380783, 41.2565238], [29.0331396, 41.2461746], [29.0098367, 41.2459802], [28.9675868, 41.2542765], [28.9218496, 41.2719151], [28.873718, 41.2770398], [28.8199482, 41.2923052], [28.8039297, 41.3034165], [28.7896424, 41.3048625], [28.7903579, 41.3116265], [28.7888333, 41.3141542], [28.7892221, 41.3072114], [28.7817872, 41.3083276], [28.7806861, 41.3119733], [28.7852863, 41.3126192], [28.7695797, 41.3244876], [28.7519045, 41.3288534], [28.7275525, 41.3262187], [28.6862673, 41.3414002], [28.6834163, 41.3483364], [28.6736498, 41.3428418], [28.6307621, 41.3527927], [28.55763, 41.385551], [28.514653, 41.39896], [28.2722594, 41.4962483], [28.2322508, 41.5236242], [28.2204801, 41.5246505], [28.2218805, 41.5292694], [28.2060456, 41.5384533], [28.200004, 41.548482], [28.186432, 41.553756], [28.182654, 41.571508], [28.1473977, 41.5839572], [28.143631, 41.597573], [28.129545, 41.603616], [28.101184, 41.6317656], [28.0970161, 41.6311426], [28.098238, 41.633055], [28.1028298, 41.6312567], [28.0944936, 41.6380532], [28.088567, 41.658175], [28.090878, 41.663288], [28.105161, 41.667772], [28.099381, 41.680149], [28.067358, 41.700473], [28.061247, 41.714135], [28.047177, 41.723248], [28.039504, 41.736153], [28.044368, 41.740216], [28.041671, 41.753589], [28.00871, 41.783146], [27.983288, 41.825208], [27.9785661, 41.8431324], [27.979761, 41.863998], [27.996765, 41.886441], [28.0148861, 41.8948339], [28.0291161, 41.8867018], [28.0203993, 41.886544], [28.0261746, 41.8850318], [28.0315038, 41.8869318], [28.043393, 41.880893], [28.057202, 41.88513], [28.0439259, 41.9140477], [28.046701, 41.925783], [28.0421116, 41.9340649], [28.049423, 41.94501], [28.039735, 41.9588271], [28.0436641, 41.9613354], [28.0284834, 41.9739083], [28.0293087, 41.9829794], [27.9930408, 41.980487], [27.9760647, 41.9899752], [27.9760137, 41.9840781], [27.9572162, 41.9762019], [27.956632, 41.9813796], [27.94378, 41.9772299], [27.9335752, 41.9848802], [27.931148, 41.9785043], [27.9250741, 41.9763186], [27.9216534, 41.9827238], [27.9166034, 41.9730005], [27.9118216, 41.9727468], [27.90004, 41.981769], [27.8998969, 41.9918689], [27.8790201, 41.9946146], [27.8771696, 41.9998969], [27.8682718, 41.9997142], [27.8619015, 42.0065211], [27.8580909, 42.0009439], [27.8613197, 41.9945849], [27.8552094, 41.9909214], [27.8511272, 41.9948238], [27.8568959, 41.9997356], [27.8522664, 42.0016484], [27.8452282, 41.9906313], [27.8311171, 41.9987805], [27.8186094, 41.9866092], [27.818849, 41.9756527], [27.8260779, 41.9742506], [27.8202856, 41.9626103], [27.8336345, 41.9615757], [27.8360475, 41.9480284], [27.8141158, 41.9540991], [27.815841, 41.9426114], [27.8015173, 41.9532504], [27.7929647, 41.9480539], [27.790537, 41.9540817], [27.7784866, 41.9537295], [27.7846046, 41.9636137], [27.7759408, 41.9659498], [27.7705859, 41.9596915], [27.7664136, 41.9676751], [27.7433351, 41.96783], [27.7485414, 41.9724945], [27.7375304, 41.9798394], [27.7327071, 41.9736548], [27.6964779, 41.9780777], [27.7025219, 41.9759835], [27.7033614, 41.9700625], [27.697732, 41.9738854], [27.6841538, 41.9715765], [27.6814326, 41.963987], [27.6733697, 41.9628435], [27.6721426, 41.9563956], [27.6673292, 41.9621844], [27.6586687, 41.9566815], [27.6555802, 41.9581881], [27.658693, 41.9608085], [27.6518752, 41.9622391], [27.6425788, 41.9541336], [27.6384804, 41.9594264], [27.6334148, 41.954607], [27.6220261, 41.9588561], [27.6198274, 41.9555051], [27.6296323, 41.9498498], [27.623345, 41.9506641], [27.6126099, 41.9385165], [27.6041967, 41.9474373], [27.5887617, 41.9313915], [27.5847911, 41.9321403], [27.5876365, 41.9365513], [27.5743385, 41.9374709], [27.566526, 41.9238054], [27.5765893, 41.9196741], [27.5612528, 41.9152127], [27.5716432, 41.9126179], [27.5722841, 41.9049128], [27.560005, 41.9051269], [27.5405164, 41.916179], [27.5295839, 41.9373469], [27.5107947, 41.9581813], [27.5044481, 41.9578437], [27.5030901, 41.9518825], [27.4898604, 41.951474], [27.4677216, 41.9584506], [27.4639182, 41.9686222], [27.4470587, 41.9670657], [27.4326681, 41.9913064], [27.420379, 41.9884736], [27.4145221, 41.9908076], [27.4132037, 41.999822], [27.4026485, 42.0060744], [27.3945783, 42.0051897], [27.3916766, 42.0185463], [27.3838873, 42.0215038], [27.3805873, 42.0351313], [27.3755614, 42.0380926], [27.3763121, 42.0460686], [27.3642949, 42.0580781], [27.3360775, 42.0598428], [27.3357281, 42.0670331], [27.3263852, 42.072312], [27.3263303, 42.0800491], [27.3167018, 42.0786737], [27.3118537, 42.086862], [27.2999687, 42.0865527], [27.293666, 42.0971656], [27.2720924, 42.0978394], [27.2706222, 42.1043297], [27.2507444, 42.0988935], [27.2392148, 42.1048008], [27.2213113, 42.098155], [27.2164015, 42.0851323], [27.2005542, 42.081453], [27.1982209, 42.0735484], [27.2069945, 42.0608679], [27.200863, 42.0593794], [27.1848758, 42.0638865], [27.1836495, 42.0700294], [27.1635644, 42.0646118], [27.1538576, 42.0720581], [27.150278, 42.068611], [27.128889, 42.069444], [27.107222, 42.086111], [27.0605503, 42.0897989], [27.0322289, 42.0793551], [27.0242978, 42.0816641], [27.0212593, 42.0746699], [27.0282914, 42.0632855], [27.025852, 42.0557761], [27.0075071, 42.03844], [26.9823069, 42.0377597], [26.9808524, 42.0272021], [26.9851445, 42.019874], [26.9719725, 42.0089214], [26.9655868, 41.9964779], [26.9313745, 42.0028017], [26.9020098, 41.9859852], [26.8710308, 41.9910748], [26.8480889, 41.9806011], [26.8472433, 41.9698183], [26.8103686, 41.9755933], [26.7947744, 41.9834983], [26.7916488, 41.9903835], [26.7789431, 41.9789238], [26.7592003, 41.9702743], [26.7509259, 41.9583235], [26.7291238, 41.9608241], [26.7132873, 41.968561], [26.7037364, 41.965203], [26.6739218, 41.9693115], [26.6681391, 41.9645509], [26.6231985, 41.979441], [26.6185979, 41.9657061], [26.5866084, 41.9477863], [26.5613052, 41.9257452], [26.5843395, 41.9033968], [26.5669452, 41.8858106], [26.5810391, 41.8736505], [26.565551, 41.8666002], [26.5641198, 41.8546595], [26.5524843, 41.8482266], [26.5386729, 41.8235294], [26.3689366, 41.8207514], [26.3400253, 41.7755435], [26.3295112, 41.7519036], [26.328995, 41.7373981], [26.3574429, 41.714517], [26.3580724, 41.7081095], [26.3713832, 41.7077676], [26.3763593, 41.6968404], [26.3862005, 41.6909709], [26.4284821, 41.6808714], [26.4413649, 41.6863912], [26.4705013, 41.6695301], [26.4918052, 41.6728877], [26.4948964, 41.6609728], [26.4863088, 41.6598113], [26.4884409, 41.6540762], [26.5294976, 41.6216127], [26.5681448, 41.6103053], [26.5951733, 41.6101905], [26.5997071, 41.5823627], [26.5871803, 41.5705548], [26.5939643, 41.5657808], [26.5906227, 41.5556915], [26.5985086, 41.5453573], [26.5910838, 41.5265753], [26.6035433, 41.5012375], [26.604767, 41.4908281], [26.597687, 41.479867], [26.6133625, 41.461467], [26.6131557, 41.4241543], [26.6295399, 41.4175201], [26.6355754, 41.3850899], [26.6265625, 41.3460018], [26.6159636, 41.335564], [26.5838115, 41.3221488], [26.5692209, 41.3246941], [26.5601944, 41.3352916], [26.5440996, 41.3421827], [26.5280302, 41.3364456], [26.5189471, 41.3397352], [26.5137867, 41.3282734], [26.4979464, 41.3282615], [26.48713, 41.3046298], [26.4650901, 41.300657], [26.4623114, 41.2828068], [26.4353786, 41.278513], [26.4117336, 41.2621222], [26.4074099, 41.2541536], [26.3927436, 41.2497576], [26.3572025, 41.2494523], [26.3422866, 41.2595626], [26.323744, 41.2539305], [26.3172679, 41.2373458], [26.3310246, 41.2188258], [26.3192099, 41.2007882], [26.3215628, 41.1840838], [26.3111757, 41.1828698], [26.3066406, 41.1746324], [26.3147565, 41.1593234], [26.331756, 41.1523429], [26.3367846, 41.1434189], [26.3211311, 41.1347175], [26.3225235, 41.1240862], [26.3072602, 41.1193895], [26.3029776, 41.1134885], [26.3067435, 41.1085916], [26.3353707, 41.1083962], [26.3311686, 41.0960216], [26.3108299, 41.081651], [26.3124342, 41.0715079], [26.3298362, 41.0508466], [26.3271914, 41.0414135], [26.3400252, 41.0399089], [26.3461509, 41.0300685], [26.3665656, 41.0204045], [26.3579108, 40.9996375], [26.3450347, 40.9896342], [26.3282025, 40.9909993], [26.3254612, 40.9845786], [26.3271634, 40.9773717], [26.3486781, 40.9640015], [26.3590086, 40.9452656], [26.3273344, 40.9440049], [26.303879, 40.9274223], [26.2925157, 40.9331224], [26.2853617, 40.9307247], [26.2851048, 40.922686], [26.3017903, 40.9038771], [26.2926399, 40.894032], [26.2759499, 40.8940745], [26.2650304, 40.9025663], [26.2615824, 40.9152405], [26.2532824, 40.9048932], [26.2498423, 40.8814893], [26.2337923, 40.8862046], [26.2268824, 40.8825074], [26.2246037, 40.8866616], [26.2298233, 40.8870388], [26.2292071, 40.8917128], [26.2226255, 40.8902921], [26.222981, 40.866562], [26.2069846, 40.8666116], [26.2069893, 40.8603922], [26.2133522, 40.8592539], [26.2147215, 40.8534399], [26.2058364, 40.855108], [26.2042215, 40.8508331], [26.2060639, 40.8458452], [26.2160812, 40.8469445], [26.213155, 40.8397357], [26.2199813, 40.8341188], [26.2105861, 40.8368703], [26.2079865, 40.8266503], [26.2011844, 40.8311883], [26.2030083, 40.8202283], [26.1935627, 40.8255091], [26.1809564, 40.8202927], [26.1803136, 40.8125143], [26.1744106, 40.8175753], [26.1641233, 40.807486], [26.156352, 40.808773], [26.1414377, 40.7931152], [26.1414193, 40.78641], [26.1298574, 40.7776991], [26.1250403, 40.7427437], [26.0882086, 40.7354352], [26.0736331, 40.7274653], [26.036337, 40.7298687], [26.0536884, 40.7094108], [26.0545144, 40.6988557], [26.0511097, 40.6982011], [26.0542591, 40.6983818], [26.0548228, 40.6956386], [26.0488028, 40.699222], [26.0497629, 40.6955362], [26.0640657, 40.6772065], [26.0657313, 40.6502849], [26.0608068, 40.6398079], [26.0686684, 40.6250157], [26.0925802, 40.6060026], [26.121774, 40.5948765], [26.1223286, 40.59225], [26.1263018, 40.5912274], [26.1232453, 40.5942015], [26.157789, 40.5895255], [26.2317997, 40.5984664], [26.304386, 40.590804], [26.328604, 40.594028], [26.358463, 40.606265], [26.3779507, 40.6046065], [26.3722225, 40.6064274], [26.3739404, 40.6081181], [26.4144718, 40.5990443], [26.4303346, 40.6029881], [26.4407801, 40.6134949], [26.4584673, 40.6164689], [26.47886, 40.6123398], [26.5067756, 40.5965437], [26.5206681, 40.597685], [26.5331009, 40.5918759], [26.5416617, 40.6033375], [26.5647352, 40.6102371], [26.589618, 40.6308324], [26.5974446, 40.629519], [26.6113232, 40.6378419], [26.7018457, 40.6379824], [26.7121369, 40.6432896], [26.743034, 40.643706], [26.7580595, 40.652494], [26.7901155, 40.6569525], [26.8074269, 40.653973], [26.809422, 40.648842], [26.8191349, 40.6457535], [26.8317264, 40.6182025], [26.8389362, 40.5878034], [26.7981728, 40.5562319], [26.7713721, 40.5459027], [26.7493374, 40.5464163], [26.7444426, 40.5506675], [26.7470566, 40.5580661], [26.7188987, 40.5375638], [26.710719, 40.516152], [26.7041805, 40.510435], [26.6937961, 40.5070245], [26.6254259, 40.5080912], [26.5882603, 40.496163], [26.5629092, 40.4807146], [26.5492272, 40.4795611], [26.492064, 40.446903], [26.4560441, 40.4409948], [26.4363601, 40.4311377], [26.4126603, 40.4108035], [26.3972061, 40.4093974], [26.3908157, 40.4014379], [26.3667452, 40.3922273], [26.3625655, 40.3845842], [26.337762, 40.37305], [26.3316452, 40.3634974], [26.3225788, 40.3629646], [26.3211665, 40.3683356], [26.311732, 40.366573], [26.2953373, 40.3518603], [26.2634408, 40.3461711], [26.2150352, 40.3161273], [26.2358011, 40.3170096], [26.245742, 40.308903], [26.2463885, 40.2993419], [26.237729, 40.290749], [26.2284218, 40.2891446], [26.2608107, 40.2714281], [26.278524, 40.253908], [26.281984, 40.243659], [26.2766365, 40.2390067], [26.2786113, 40.2161303], [26.2655177, 40.2038321], [26.2706568, 40.2023069], [26.2668364, 40.2019306], [26.270794, 40.19352], [26.2361476, 40.1547174], [26.2124435, 40.1160929], [26.209619, 40.1036874], [26.1665083, 40.0515891], [26.1752383, 40.0430167], [26.1881928, 40.0409642], [26.2048409, 40.053277], [26.2177921, 40.0486831], [26.2253479, 40.0508791], [26.231977, 40.060226], [26.2973084, 40.0857442], [26.309312, 40.093102], [26.3125681, 40.1004598], [26.3324812, 40.1095839], [26.3470717, 40.1265367], [26.3811666, 40.1439935], [26.3727589, 40.1664533], [26.3604365, 40.1826625], [26.3594368, 40.204305], [26.3750389, 40.2037327], [26.3989899, 40.2167364], [26.4236325, 40.2211503], [26.427866, 40.2296292], [26.4508742, 40.2364314], [26.479423, 40.2549432], [26.4938612, 40.2700674], [26.4929431, 40.2776537], [26.5125863, 40.2903851], [26.5487574, 40.2998873], [26.5673628, 40.3078631], [26.5740929, 40.3199665], [26.5914355, 40.322153], [26.593663, 40.3290318], [26.6328183, 40.3643401], [26.6260315, 40.3841548], [26.6385545, 40.3904003], [26.6404082, 40.4021711], [26.6570072, 40.4096416], [26.6752234, 40.4036836], [26.6826694, 40.4097562], [26.6810529, 40.4175403], [26.7001126, 40.4198562], [26.6930538, 40.4488154], [26.7146871, 40.45674], [26.7327455, 40.4732465], [26.8539139, 40.5109932], [26.9100147, 40.5397293], [26.9768435, 40.5557546], [26.9956214, 40.5559255], [27.00148, 40.5693466], [27.0428311, 40.5982965], [27.0656592, 40.605112], [27.1171099, 40.6083845], [27.1783362, 40.6274487], [27.1885841, 40.6404018], [27.2297409, 40.6596424], [27.2410672, 40.660275], [27.2514204, 40.6721101], [27.2661655, 40.678592], [27.265157, 40.6749349], [27.3089834, 40.7026661], [27.3313648, 40.7351024], [27.3361243, 40.7563354], [27.3438446, 40.7655264], [27.3927676, 40.8069629], [27.4201536, 40.8204724], [27.455455, 40.846051], [27.4621572, 40.8655986], [27.4624775, 40.8940914], [27.4684948, 40.8944873], [27.4730517, 40.9028115], [27.4700583, 40.9005372], [27.4669792, 40.9023101], [27.4704039, 40.9140786], [27.4811316, 40.9253436], [27.4993514, 40.961938], [27.5049489, 40.9614649], [27.5016033, 40.9632524], [27.5028524, 40.9651849], [27.5077662, 40.9619782], [27.5106764, 40.9642481], [27.5030661, 40.9654601], [27.5127521, 40.9747214], [27.6060146, 40.9856641], [27.6806862, 41.0037692], [27.7015201, 41.0029839], [27.7284133, 41.011367], [27.7568758, 41.0139035], [27.7609591, 41.0133194], [27.761058, 41.010331], [27.7626677, 41.0102526], [27.7626947, 41.005181], [27.7629154, 41.0103063], [27.7612073, 41.0115306], [27.770624, 41.012409], [27.8421417, 40.9915742], [27.855714, 40.9827941], [27.864641, 40.9699453], [27.8778487, 40.9659904], [27.923573, 40.970208], [27.931929, 40.962311], [27.9552915, 40.9640733], [27.9677137, 40.9698108], [27.9570393, 40.9706106], [27.9591342, 40.9799675], [27.9790985, 40.9834884], [27.9902515, 41.0180898], [28.0245237, 41.0392336], [28.0431453, 41.0420816], [28.073668, 41.056452], [28.1228512, 41.05965], [28.1306271, 41.0660845], [28.1680341, 41.0728861], [28.2114892, 41.0704116], [28.2249327, 41.0778423], [28.2413578, 41.0754122], [28.2430234, 41.0723072], [28.2387546, 41.0722948], [28.240387, 41.0701096], [28.259981, 41.062523], [28.34062, 41.058276], [28.413225, 41.043545], [28.4693899, 41.0230056], [28.5070881, 41.0031716], [28.5074943, 40.9993266], [28.5083628, 40.9981521], [28.5101008, 40.9969375], [28.5075581, 40.9997776], [28.5414947, 40.984499], [28.5531652, 41.0085993], [28.5717684, 41.0184978], [28.5629883, 41.0254899], [28.5722843, 41.0241558], [28.574113, 41.0229891], [28.5744757, 41.0165403], [28.5878063, 41.0169219], [28.599613, 41.0091537], [28.596178, 40.988144], [28.599046, 40.980659], [28.5948521, 40.9735744], [28.5991382, 40.9688347], [28.5959456, 40.9641644], [28.6002579, 40.9620733], [28.5963766, 40.9642065], [28.600309, 40.9641053], [28.5972481, 40.9655105], [28.5981499, 40.9666225], [28.620747, 40.960717], [28.6575415, 40.96057], [28.6540697, 40.9630832], [28.6579755, 40.9636321], [28.6718844, 40.9571644], [28.6690516, 40.9632077], [28.6745822, 40.9613981], [28.6758802, 40.9648256], [28.6766082, 40.9613096], [28.6785826, 40.9679023], [28.6845484, 40.9628532], [28.6847543, 40.9687607], [28.6908519, 40.9720021], [28.7411826, 40.970249], [28.7674894, 40.9846321], [28.7693672, 40.9819705], [28.7682876, 40.9799345], [28.7747685, 40.9770363], [28.7693569, 40.981859], [28.7752505, 40.9822174], [28.7728912, 40.9855576]]], [[[28.772894, 40.9817725], [28.7729186, 40.9816725], [28.7729222, 40.9816889], [28.772894, 40.9817725]]], [[[28.7751578, 40.9821762], [28.7751956, 40.9821621], [28.7752033, 40.9821698], [28.7751578, 40.9821762]]], [[[28.7751534, 40.9831364], [28.7752109, 40.9831405], [28.7752068, 40.9831498], [28.7751534, 40.9831364]]], [[[28.775157, 40.9832147], [28.7751737, 40.983209], [28.775163, 40.983237], [28.775157, 40.9832147]]], [[[28.6361145, 40.3646048], [28.6364228, 40.364249], [28.6368104, 40.3644974], [28.6361145, 40.3646048]]], [[[28.6339826, 40.3653766], [28.6344495, 40.3653833], [28.6342998, 40.3655914], [28.6339826, 40.3653766]]], [[[28.0401288, 40.373839], [28.0400952, 40.3739013], [28.0400859, 40.3738217], [28.0401288, 40.373839]]], [[[28.0401623, 40.3739851], [28.0402937, 40.3743121], [28.0399075, 40.3740893], [28.0401623, 40.3739851]]], [[[27.7880529, 40.3780547], [27.7823813, 40.372793], [27.7902088, 40.3774017], [27.7880529, 40.3780547]]], [[[26.9361371, 40.3911086], [26.9362839, 40.3908664], [26.936341, 40.3909285], [26.9361371, 40.3911086]]], [[[27.7884405, 40.3944944], [27.7877751, 40.393169], [27.7888022, 40.3942151], [27.7884405, 40.3944944]]], [[[27.0959202, 40.4482081], [27.0960284, 40.4487182], [27.0950012, 40.4488475], [27.0959202, 40.4482081]]], [[[27.1219228, 40.4526184], [27.1213858, 40.4515836], [27.1224881, 40.4521536], [27.1219228, 40.4526184]]], [[[28.086043, 40.4525786], [28.094035, 40.449972], [28.0907721, 40.4537449], [28.0918139, 40.455404], [28.086043, 40.4525786]]], [[[27.5620557, 40.4610308], [27.5611308, 40.4599719], [27.5614479, 40.4596904], [27.5620557, 40.4610308]]], [[[28.0784893, 40.4535219], [28.0799269, 40.45253], [28.0799859, 40.4518769], [28.0802488, 40.4519504], [28.0798626, 40.4533199], [28.0784893, 40.4535219]]], [[[28.0781198, 40.4543877], [28.0784263, 40.4537734], [28.0788722, 40.4540526], [28.0781198, 40.4543877]]], [[[28.0773071, 40.4541838], [28.0730605, 40.4618588], [28.0627957, 40.4588793], [28.0661854, 40.456111], [28.0773071, 40.4541838]]], [[[28.098495, 40.465848], [28.1056, 40.468605], [28.0971219, 40.4691225], [28.098495, 40.465848]]], [[[27.4971351, 40.4707318], [27.5037655, 40.4796041], [27.5369243, 40.4884151], [27.5384096, 40.4926754], [27.5325255, 40.4920859], [27.5236587, 40.5014414], [27.5274038, 40.4984987], [27.52685, 40.505897], [27.5530243, 40.5215332], [27.53975, 40.5212009], [27.5335555, 40.5294529], [27.5279979, 40.5276323], [27.5172986, 40.5384051], [27.5083387, 40.5392439], [27.5117894, 40.5331244], [27.4971934, 40.5210714], [27.4940465, 40.505382], [27.4783992, 40.4943974], [27.4812645, 40.4863354], [27.4903002, 40.4813658], [27.4868626, 40.4693046], [27.4971351, 40.4707318]]], [[[28.0637693, 40.4623792], [28.0644613, 40.4626425], [28.0636754, 40.462571], [28.0637693, 40.4623792]]], [[[27.5643169, 40.4652332], [27.569743, 40.4665869], [27.5612603, 40.4685168], [27.5643169, 40.4652332]]], [[[27.62298735, 40.498442558], [27.623937, 40.5035336], [27.6189038, 40.5052921], [27.6213593, 40.5108853], [27.598365, 40.5089767], [27.6078335, 40.4811045], [27.5972586, 40.478343], [27.5826597, 40.4827314], [27.5777677, 40.4630716], [27.6117257, 40.4577495], [27.6254568, 40.4617893], [27.6535481, 40.4508466], [27.6560468, 40.445747], [27.6668238, 40.4461423], [27.662782, 40.4512136], [27.668007, 40.4624177], [27.6635747, 40.4667281], [27.6502562, 40.4528116], [27.6326881, 40.4692843], [27.6511959, 40.4928001], [27.6399181, 40.4991321], [27.6336842, 40.4950856], [27.62298735, 40.498442558]]], [[[28.5244671, 40.5083144], [28.5419678, 40.5163049], [28.545268, 40.5265236], [28.5356368, 40.5490611], [28.5397942, 40.5547084], [28.550032, 40.556567], [28.554275, 40.565368], [28.5182159, 40.5653629], [28.5248341, 40.5602553], [28.5270489, 40.5502118], [28.5244226, 40.5348577], [28.5160107, 40.521638], [28.5244671, 40.5083144]]], [[[27.58771, 40.4943697], [27.589783, 40.494469], [27.5878901, 40.4947326], [27.58771, 40.4943697]]], [[[27.6493221, 40.4986151], [27.650022, 40.5001069], [27.6490463, 40.4985228], [27.6493221, 40.4986151]]], [[[27.5864195, 40.4974864], [27.58722, 40.4979299], [27.586343, 40.4978163], [27.5864195, 40.4974864]]], [[[27.583188, 40.5218104], [27.5768613, 40.517563], [27.5771033, 40.5049388], [27.5717527, 40.4982346], [27.5819698, 40.4941789], [27.5868, 40.5066368], [27.5807682, 40.5075701], [27.586385, 40.5174399], [27.583188, 40.5218104]]], [[[27.4779687, 40.5143243], [27.4787861, 40.5141582], [27.4788777, 40.5143618], [27.4779687, 40.5143243]]], [[[27.5049124, 40.552487], [27.4676864, 40.5477677], [27.4653094, 40.539406], [27.4677383, 40.5369886], [27.487258, 40.5471734], [27.5069082, 40.5479638], [27.5049124, 40.552487]]], [[[27.7080875, 40.52507], [27.7102529, 40.5248519], [27.7083797, 40.5260496], [27.7080875, 40.52507]]], [[[27.5843569, 40.5223844], [27.5876567, 40.5264289], [27.5827464, 40.5282212], [27.5811656, 40.5259053], [27.5843569, 40.5223844]]], [[[27.534736, 40.5304972], [27.5343991, 40.5306876], [27.5342608, 40.5302805], [27.534736, 40.5304972]]], [[[26.7321791, 40.6162738], [26.7370521, 40.6116903], [26.7409298, 40.6139998], [26.7397242, 40.618485], [26.7321791, 40.6162738]]], [[[27.5255637, 40.6087018], [27.5255903, 40.6089133], [27.5252984, 40.6088831], [27.5255637, 40.6087018]]], [[[27.5709256, 40.6455797], [27.5492046, 40.644585], [27.5574751, 40.6499427], [27.5515026, 40.6498716], [27.5535638, 40.6538427], [27.5494427, 40.6565902], [27.5434138, 40.6482712], [27.5263603, 40.6416968], [27.5308262, 40.640288], [27.5250844, 40.6296029], [27.5352124, 40.6180837], [27.5330392, 40.6074397], [27.5278197, 40.6060323], [27.5298464, 40.5968685], [27.5474765, 40.5921846], [27.5522678, 40.5841051], [27.5599099, 40.5856656], [27.5751875, 40.57527], [27.588104, 40.5811519], [27.6077487, 40.5747979], [27.6233007, 40.5816769], [27.6323411, 40.579771], [27.6360503, 40.5849282], [27.6637192, 40.5916964], [27.6649128, 40.6041731], [27.6827149, 40.6036282], [27.7044359, 40.6158805], [27.7129739, 40.6138864], [27.7438687, 40.6330057], [27.7355935, 40.6321958], [27.7345378, 40.6416034], [27.715327, 40.6443188], [27.7073898, 40.6515892], [27.6925533, 40.6536671], [27.6835941, 40.6488497], [27.6743623, 40.6532905], [27.6733139, 40.6617891], [27.6686034, 40.6601836], [27.6697809, 40.6552779], [27.6590428, 40.6530439], [27.6627756, 40.6574629], [27.6585694, 40.6633405], [27.6418627, 40.65701], [27.6440088, 40.6633902], [27.6345534, 40.6684285], [27.6120498, 40.6555438], [27.60374, 40.6611022], [27.572211, 40.6531097], [27.5709256, 40.6455797]]], [[[26.754813, 40.6211216], [26.7580377, 40.6204171], [26.7579582, 40.6212153], [26.754813, 40.6211216]]], [[[26.7641408, 40.620805], [26.763982, 40.6204246], [26.7647188, 40.6203225], [26.7641408, 40.620805]]], [[[27.7590517, 40.632145], [27.7566571, 40.6324352], [27.7562727, 40.6318976], [27.7590517, 40.632145]]], [[[26.819894, 40.640642], [26.819216, 40.641925], [26.818879, 40.641925], [26.819894, 40.640642]]], [[[26.817528, 40.642821], [26.817525, 40.643977], [26.816851, 40.643975], [26.817528, 40.642821]]], [[[27.6815289, 40.6511782], [27.6813331, 40.6508343], [27.6818883, 40.6509686], [27.6815289, 40.6511782]]], [[[27.4878077, 40.6369699], [27.489582, 40.6448472], [27.4892415, 40.6465071], [27.4801259, 40.6422262], [27.4878077, 40.6369699]]], [[[27.6154365, 40.6612094], [27.61696, 40.66148], [27.6146775, 40.6615211], [27.6154365, 40.6612094]]], [[[27.6784596, 40.659994], [27.677588, 40.663956], [27.6764969, 40.6587614], [27.6784596, 40.659994]]], [[[27.6750166, 40.6642473], [27.6736971, 40.6638929], [27.6744498, 40.6635009], [27.6750166, 40.6642473]]], [[[29.2623817, 40.7911055], [29.2638698, 40.7906573], [29.2634602, 40.7913919], [29.2623817, 40.7911055]]], [[[29.2731038, 40.792023], [29.2752976, 40.7910404], [29.2758449, 40.7927181], [29.2731038, 40.792023]]], [[[38.4352828, 40.9293129], [38.4381111, 40.9290655], [38.4370758, 40.9307079], [38.4352828, 40.9293129]]], [[[29.1135211, 40.8204596], [29.1125259, 40.8193856], [29.1136622, 40.8179982], [29.1135211, 40.8204596]]], [[[29.1085868, 40.8603452], [29.112972, 40.8598465], [29.1103283, 40.8533945], [29.1146614, 40.8468118], [29.1099481, 40.8418163], [29.1240097, 40.8376379], [29.1261615, 40.8573416], [29.1391361, 40.8708851], [29.1342776, 40.8750223], [29.1179772, 40.871789], [29.114538, 40.8622029], [29.1085868, 40.8603452]]], [[[29.1482073, 40.8479863], [29.1465122, 40.8524255], [29.1431648, 40.8556959], [29.1407615, 40.8501126], [29.1482073, 40.8479863]]], [[[28.9935086, 40.8631537], [28.9938703, 40.866558], [28.9901862, 40.8662562], [28.9935086, 40.8631537]]], [[[28.9696223, 40.8758542], [28.9733009, 40.8761792], [28.9747932, 40.8756127], [28.9726622, 40.8771404], [28.9696223, 40.8758542]]], [[[29.054019, 40.9032461], [29.0511921, 40.9144667], [29.0391703, 40.9118411], [29.0455111, 40.9025649], [29.054019, 40.9032461]]], [[[29.0629365, 40.873735], [29.0630285, 40.8736458], [29.0630473, 40.8737934], [29.0629365, 40.873735]]], [[[29.0971943, 40.8846562], [29.0760326, 40.8740419], [29.0751706, 40.86854], [29.097167, 40.8694533], [29.104149, 40.8740088], [29.0971943, 40.8846562]]], [[[29.0574181, 40.8840861], [29.0522687, 40.8782188], [29.0562805, 40.8752222], [29.0639407, 40.8739492], [29.0724735, 40.8791251], [29.0695375, 40.8845879], [29.0574181, 40.8840861]]], [[[29.0772563, 40.8857067], [29.0764298, 40.8811756], [29.0780789, 40.8825625], [29.0787213, 40.8847683], [29.0772563, 40.8857067]]], [[[29.1114817, 40.9313817], [29.1042864, 40.9398799], [29.1040933, 40.9398941], [29.1114817, 40.9313817]]], [[[27.896737, 40.9608326], [27.8968634, 40.9609227], [27.8967183, 40.9608785], [27.896737, 40.9608326]]], [[[38.6446476, 40.9715684], [38.6444282, 40.9714226], [38.6446389, 40.9713828], [38.6446476, 40.9715684]]], [[[27.980431, 40.9865069], [27.9812633, 40.9873365], [27.9811553, 40.9875715], [27.980431, 40.9865069]]], [[[38.6411895, 40.9739143], [38.6409438, 40.9738281], [38.6411895, 40.9737884], [38.6411895, 40.9739143]]], [[[28.767586, 40.9842878], [28.7673285, 40.9840367], [28.7676826, 40.9842068], [28.767586, 40.9842878]]], [[[28.569552, 41.0213996], [28.5694206, 41.0209241], [28.5697103, 41.021001], [28.569552, 41.0213996]]], [[[28.5695003, 41.0215389], [28.5689778, 41.0219221], [28.5686969, 41.0215923], [28.5695003, 41.0215389]]], [[[29.0044264, 41.0211706], [29.0038635, 41.0209533], [29.0043897, 41.0209372], [29.0044264, 41.0211706]]], [[[28.5709508, 41.0221199], [28.5703419, 41.0216646], [28.5710742, 41.0218994], [28.5709508, 41.0221199]]], [[[28.5728699, 41.0220092], [28.5721512, 41.0223675], [28.5718985, 41.0220316], [28.5728699, 41.0220092]]], [[[37.5987585, 41.0414716], [37.5994446, 41.0413726], [37.5995393, 41.0415294], [37.5987585, 41.0414716]]], [[[37.5940693, 41.0396766], [37.5939995, 41.0391449], [37.5941559, 41.0396548], [37.5940693, 41.0396766]]], [[[28.9374403, 41.0533662], [28.9365908, 41.0512181], [28.9384705, 41.0524802], [28.9374403, 41.0533662]]], [[[28.9398609, 41.0550239], [28.9412857, 41.0540725], [28.941672, 41.0549527], [28.9398609, 41.0550239]]], [[[37.5091048, 41.0610024], [37.5102768, 41.0613412], [37.5109201, 41.0619259], [37.5091048, 41.0610024]]], [[[29.8743185, 41.1428616], [29.8747981, 41.142166], [29.8755974, 41.1425473], [29.8743185, 41.1428616]]], [[[29.8714943, 41.1429218], [29.8720627, 41.1424536], [29.8724268, 41.1425473], [29.8714943, 41.1429218]]], [[[29.8723735, 41.1431492], [29.8737323, 41.1430689], [29.8735813, 41.1433298], [29.8723735, 41.1431492]]], [[[29.7810273, 41.1573479], [29.7813001, 41.1571822], [29.7813793, 41.1573147], [29.7810273, 41.1573479]]], [[[29.7286328, 41.1575218], [29.7284392, 41.1570845], [29.7291169, 41.1579194], [29.7286328, 41.1575218]]], [[[29.7267933, 41.1578134], [29.727339, 41.1574158], [29.7272686, 41.1578333], [29.7267933, 41.1578134]]], [[[29.747172, 41.1600327], [29.7475765, 41.1600514], [29.7475143, 41.1602295], [29.747172, 41.1600327]]], [[[29.747701, 41.1602764], [29.7479002, 41.1602248], [29.7478939, 41.1603185], [29.747701, 41.1602764]]], [[[29.7480495, 41.1603701], [29.748286, 41.1604122], [29.7482114, 41.1605481], [29.7480495, 41.1603701]]], [[[29.7545257, 41.1611516], [29.7549042, 41.1610058], [29.7550803, 41.1613835], [29.7545257, 41.1611516]]], [[[29.6109265, 41.1816722], [29.6111086, 41.1808304], [29.6114729, 41.180869], [29.6109265, 41.1816722]]], [[[29.6085191, 41.1811007], [29.6099326, 41.1814278], [29.6086585, 41.1824855], [29.6085191, 41.1811007]]], [[[29.6048015, 41.1835636], [29.6058315, 41.1827925], [29.6058328, 41.1835289], [29.6048015, 41.1835636]]], [[[29.6121293, 41.1835131], [29.6122791, 41.1829832], [29.6124588, 41.1831354], [29.6121293, 41.1835131]]], [[[30.2638351, 41.2169981], [30.2576339, 41.2172489], [30.2559195, 41.2150402], [30.2554545, 41.2115623], [30.2638351, 41.2169981]]], [[[29.3293836, 41.2167], [29.3290939, 41.2168453], [29.3292656, 41.2166435], [29.3293836, 41.2167]]], [[[31.4096517, 41.2175981], [31.4095739, 41.2177887], [31.4094116, 41.2177322], [31.4096517, 41.2175981]]], [[[29.107889, 41.2216932], [29.1076966, 41.2217831], [29.1074926, 41.221702], [29.107889, 41.2216932]]], [[[29.2259867, 41.2344952], [29.2272706, 41.2336321], [29.2281577, 41.2342598], [29.2259867, 41.2344952]]], [[[29.1146912, 41.2349441], [29.1142786, 41.2346245], [29.1149486, 41.2347375], [29.1146912, 41.2349441]]], [[[29.2264403, 41.235036], [29.2262611, 41.2349276], [29.2264929, 41.2349334], [29.2264403, 41.235036]]], [[[29.0976332, 41.2434453], [29.0977638, 41.2432845], [29.0978477, 41.2434251], [29.0976332, 41.2434453]]], [[[29.1022739, 41.2422842], [29.1022457, 41.2414822], [29.1028155, 41.2419972], [29.1022739, 41.2422842]]], [[[29.1029066, 41.2429344], [29.1028894, 41.2426439], [29.1033272, 41.2429473], [29.1029066, 41.2429344]]], [[[31.4167145, 41.2807131], [31.4165452, 41.2807171], [31.4166273, 41.2806763], [31.4167145, 41.2807131]]], [[[36.8650286, 41.3404803], [36.8644656, 41.340773], [36.864368, 41.3407247], [36.8650286, 41.3404803]]], [[[36.8636382, 41.3410026], [36.863076, 41.3413329], [36.8629901, 41.3412891], [36.8636382, 41.3410026]]], [[[31.4161027, 41.2810759], [31.4159681, 41.28116], [31.4159525, 41.28109], [31.4161027, 41.2810759]]], [[[36.8613756, 41.3417312], [36.8624006, 41.341524], [36.8613296, 41.3418052], [36.8613756, 41.3417312]]], [[[36.8606331, 41.3419138], [36.8595555, 41.3424169], [36.859503, 41.3423133], [36.8606331, 41.3419138]]], [[[36.8580706, 41.3428264], [36.8588131, 41.3426784], [36.8576764, 41.3430483], [36.8580706, 41.3428264]]], [[[36.8561178, 41.3439005], [36.8569295, 41.3434832], [36.857053, 41.3434766], [36.8561178, 41.3439005]]], [[[31.5841603, 41.3745201], [31.5843369, 41.3744936], [31.5843016, 41.3745665], [31.5841603, 41.3745201]]], [[[28.6781055, 41.3462906], [28.6779372, 41.3461918], [28.678172, 41.3461448], [28.6781055, 41.3462906]]], [[[31.5641448, 41.3725054], [31.564445, 41.3723728], [31.5646128, 41.3724987], [31.5641448, 41.3725054]]], [[[28.1483616, 41.5904106], [28.1486858, 41.5907431], [28.1481671, 41.590563], [28.1483616, 41.5904106]]], [[[32.145281, 41.607207], [32.1461606, 41.6067353], [32.146134, 41.6070475], [32.145281, 41.607207]]], [[[35.4810047, 41.6454414], [35.4809363, 41.6452815], [35.4821335, 41.6451716], [35.4810047, 41.6454414]]], [[[35.4793985, 41.6456825], [35.4793305, 41.6455236], [35.4805261, 41.6454131], [35.4793985, 41.6456825]]], [[[35.4777716, 41.646024], [35.4776998, 41.645856], [35.4789113, 41.6457516], [35.4777716, 41.646024]]], [[[35.4761484, 41.6463308], [35.476081, 41.6461735], [35.4772738, 41.6460619], [35.4761484, 41.6463308]]], [[[35.4755734, 41.6464747], [35.4745689, 41.6463845], [35.475627, 41.6463344], [35.4755734, 41.6464747]]], [[[32.3387751, 41.7336322], [32.3391181, 41.7334227], [32.3389622, 41.7339393], [32.3387751, 41.7336322]]], [[[32.3389722, 41.7345097], [32.3390824, 41.73448], [32.3390339, 41.7345261], [32.3389722, 41.7345097]]], [[[32.3817053, 41.749963], [32.3839555, 41.7538436], [32.3801338, 41.7511809], [32.3817053, 41.749963]]], [[[32.3875549, 41.7535513], [32.3890707, 41.7524234], [32.389459, 41.7547614], [32.3875549, 41.7535513]]], [[[33.1805992, 41.9667741], [33.1809318, 41.9667182], [33.1812065, 41.9668746], [33.1805992, 41.9667741]]], [[[33.0703265, 41.9371845], [33.0707342, 41.9368333], [33.0708007, 41.9371318], [33.0703265, 41.9371845]]], [[[33.200351, 41.9740649], [33.2007265, 41.9739452], [33.2007802, 41.9741765], [33.200351, 41.9740649]]], [[[33.2016599, 41.9747588], [33.2022393, 41.9745275], [33.2020891, 41.9749422], [33.2016599, 41.9747588]]], [[[33.208226, 41.9769762], [33.2082474, 41.9764577], [33.2084148, 41.9769411], [33.208226, 41.9769762]]], [[[35.1461526, 42.0295933], [35.1455782, 42.028563], [35.1466897, 42.0296557], [35.1461526, 42.0295933]]], [[[35.1488706, 42.0303391], [35.1469979, 42.0296072], [35.1490807, 42.0302489], [35.1488706, 42.0303391]]], [[[35.049554, 42.0488931], [35.049932, 42.0480519], [35.050443, 42.0487155], [35.049554, 42.0488931]]]]}}