il,ilce,istasyon,istNo,veriZamani_UTC,hadise,sicaklik_C,hissedilenSicaklik_C,nem_%,ruzgarYonu_derece,ruzgarHiz_kmh,aktuelBasinc_hPa,denizeIndirgenmisBasinc_hPa,gorus_m,kapalilik_okta,yagis10dk_mm,yagis00danSuana_mm,yagis1saat_mm,yagis6saat_mm,yagis12saat_mm,yagis24saat_mm,karYukseklik_cm,denizSicaklik_C,yasTermometreSicakligi_C,calismaZamani_UTC
Adana,Yüreğir,ADANA BÖLGE,17351,2026-08-17T18:24:00.000Z,Açık,27.8,30.5,70,142,6.48,1005.2,1007.8,33200,,0,0,0,0,0,0,,,23.55,2026-08-17T18:44:17+00:00
Adana,Seyhan,ADANA ŞAKİRPAŞA HAVALİMANI,17352,2026-08-17T18:10:00.000Z,Çok Bulutlu,27.5,30.5,74,158,5.4,1006.2,1008.1,10000,5,0,6.2,0,0,6.2,6.2,,,23.86,2026-08-17T18:44:17+00:00
Adana,Ceyhan,CEYHAN TİGEM,17649,2026-08-17T18:24:00.000Z,Açık,26.6,29.7,81,179,9.72,1004,1008.1,,,0,0.4,0,0,0.4,0.4,,,24.01,2026-08-17T18:44:17+00:00
Adana,Kozan,KOZAN,17908,2026-08-17T18:24:00.000Z,Açık,26.6,27.8,59,18,3.9600000000000004,995.4,1007.9,,,0,0,0,0,0,0,,,20.79,2026-08-17T18:44:17+00:00
Adana,Pozantı,POZANTI,17934,2026-08-17T18:23:00.000Z,Çok Bulutlu,18.7,18.7,69,316,3.24,892.2,1008.7,,,0,2.4,0,2.4,2.4,2.4,,,14.95,2026-08-17T18:44:17+00:00
Adana,Karaisalı,KARAİSALI,17936,2026-08-17T18:24:00.000Z,Çok Bulutlu,25.5,26.8,63,1,7.2,981.4,1008.1,,,0,0,0,0,0,0,,,20.39,2026-08-17T18:44:17+00:00
Adana,Ceyhan,CEYHAN,17960,2026-08-17T18:24:00.000Z,Açık,25.2,27.3,79,0,0,1005.2,,,,0,2.4,0,0,2.4,2.4,,,22.38,2026-08-17T18:44:17+00:00
Adana,Yumurtalık,YUMURTALIK,17979,2026-08-17T18:21:00.000Z,Açık,27.5,30.4,73,244,5.04,1005,1008.8,,,0,0,0,0,0,0,,,23.71,2026-08-17T18:44:17+00:00
Adana,Karataş,KARATAŞ,17981,2026-08-17T18:24:00.000Z,-9999,28.1,30.3,64,190,13.32,1005.6,1008.1,,,0,0,0,0,0,0,,,22.91,2026-08-17T18:44:17+00:00
Adana,Tufanbeyli,TUFANBEYLİ,18053,2026-08-17T18:23:00.000Z,Çok Bulutlu,15.4,15.4,77,348,0.7200000000000001,857.6,1006.1,,,0,9.7,0.2,1.8,9.7,9.7,,,12.78,2026-08-17T18:44:17+00:00
Adana,Yüreğir,YÜREĞİR/ÇUKUROVA TARIM ARŞ. (TAGEM),18054,2026-08-17T18:24:00.000Z,Açık,24.3,24.3,88,115,3.9600000000000004,1008.6,1010,,,0,0,0,0,0,0,,,22.74,2026-08-17T18:44:17+00:00
Adana,İmamoğlu,İMAMOĞLU,18055,2026-08-17T18:24:00.000Z,Açık,26.1,28,71,355,9.360000000000001,997.9,1007.9,,,0,0,0,0,0,0,,,22.11,2026-08-17T18:44:17+00:00
Adana,Saimbeyli,SAİMBEYLİ,18056,2026-08-17T18:24:00.000Z,Az Bulutlu,20.4,20.4,64,133,5.4,894.1,1006.1,,,0,0,0,0,0,0.2,,,15.89,2026-08-17T18:44:17+00:00
Adana,Aladağ,ALADAĞ,18258,2026-08-17T18:24:00.000Z,Az Bulutlu,16.9,16.9,83,329,1.4400000000000002,,,,,0,0,0,0,0,0,,,14.9,2026-08-17T18:44:17+00:00
Adana,Çukurova,ÇUKUROVA,18268,2026-08-17T18:24:00.000Z,Açık,26.9,29.5,75,170,9.360000000000001,,,,,0,11.81,0,0,11.81,11.81,,,23.44,2026-08-17T18:44:17+00:00
Adana,Feke,FEKE,18269,2026-08-17T18:24:00.000Z,Açık,19.4,19.4,98,173,1.4400000000000002,,,,,0,0.77,0,0.77,0.77,0.77,,,19.16,2026-08-17T18:44:17+00:00
Adana,Sarıçam,SARIÇAM,18270,2026-08-17T18:24:00.000Z,Açık,26.5,29.6,82,159,12.96,,,,,0,0,0,0,0,0,,,24.05,2026-08-17T18:44:17+00:00
Adana,Tufanbeyli,TUFANBEYLİ/EVCİ KÖYÜ,18643,2026-08-17T18:24:00.000Z,Parçalı Bulutlu,14.5,14.5,73,,,,,,,0,0,0,0,0,0,,,11.48,2026-08-17T18:44:17+00:00
Adana,Saimbeyli,SAİMBEYLİ/HALİLBEYLİ KÖYÜ,18644,2026-08-17T18:24:00.000Z,Parçalı Bulutlu,15.4,15.4,69,,,,,,,0,0.18,0.18,0.18,0.18,0.18,,,11.88,2026-08-17T18:44:17+00:00
Adana,Sarıçam,SARIÇAM/YAĞIZLAR GÖLETİ,18859,2026-08-17T18:24:00.000Z,Açık,24.7,24.7,100,,,,,,,0,0,0,0,0,0,,,,2026-08-17T18:44:17+00:00
Adana,Sarıçam,SARIÇAM/HACI SABANCI OSB,18860,2026-08-17T18:24:00.000Z,Açık,25.1,28.5,96,119,3.9600000000000004,,,,,0,5.31,0,0,5.31,5.31,,,24.61,2026-08-17T18:44:17+00:00
Adana,Kozan,KOZAN/ACARYAYLA ORMAN SAHASI,18861,2026-08-17T18:24:00.000Z,Açık,19.7,19.7,98,241,1.8,,,,,0,3.66,0,3.66,3.66,3.66,,,19.46,2026-08-17T18:44:17+00:00
Adana,Pozantı,POZANTI/AKÇATEKİR,18862,2026-08-17T18:24:00.000Z,Çok Bulutlu,16.5,16.5,86,,,,,,,0,4.48,0,0.52,4.48,4.48,,,14.86,2026-08-17T18:44:17+00:00
Adana,Feke,FEKE/MANSURLU ORMAN SAHASI,18863,2026-08-17T18:24:00.000Z,Açık,14.8,14.8,92,349,4.680000000000001,,,,,0,0.29,0,0.29,0.29,0.29,,,13.87,2026-08-17T18:44:17+00:00
Adana,Karaisalı,KARAİSALI/SADIKALİ KÖYÜ(ÇATALAN BARAJI),19173,2026-08-17T18:24:00.000Z,Az Bulutlu,24.5,24.5,79,,,,,,,0,0,0,0,0,0,,,21.71,2026-08-17T18:44:17+00:00
Adana,Tufanbeyli,TUFANBEYLİ/GEZBELİ GEÇİDİ,19174,2026-08-17T18:19:00.000Z,HHY,11.5,11.5,,,,,,,,0,0.7,0.43,0.7,0.7,0.7,,,,2026-08-17T18:44:17+00:00
Adana,Karataş,KARATAŞ/KONAKLI KÖYÜ,19183,2026-08-17T18:24:00.000Z,Açık,27.8,32.7,85,,,,,,,0,0,0,0,0,0,,,25.74,2026-08-17T18:44:17+00:00
Adana,Seyhan,SEYHAN,19272,2026-08-17T18:23:00.000Z,Açık,25.9,29.8,94,156,7.2,,,20560,,0,0,0,0,0,0,,,25.13,2026-08-17T18:44:17+00:00
Adıyaman,Merkez,ADIYAMAN,17265,2026-08-17T18:24:00.000Z,Parçalı Bulutlu,28,27.8,40,227,6.48,932.1,1004,20000,3,0,0,0,0,0,0,,,18.82,2026-08-17T18:44:17+00:00
Adıyaman,Merkez,ADIYAMAN HAVALİMANI,17266,2026-08-17T18:10:00.000Z,Açık,27.9,28.1,44,247,30.96,931.1,1009.3,3000,,0,0,0,0,0,0,,,19.46,2026-08-17T18:44:17+00:00
Adıyaman,Gölbaşı,GÖLBAŞI,17871,2026-08-17T18:24:00.000Z,Az Bulutlu,24.2,24.2,50,249,9.72,908.3,1003.8,39140,,0,0,0,0,0,0,,,17.31,2026-08-17T18:44:17+00:00
Adıyaman,Kahta,KAHTA,17910,2026-08-17T16:25:00.000Z,Açık,31,31,29,176,4.32,924.9,1002.3,43110,,,0,,0,0,0,,,18.89,2026-08-17T18:44:17+00:00
Adıyaman,Çelikhan,ÇELİKHAN,18180,2026-08-17T18:24:00.000Z,Az Bulutlu,21.9,21.9,60,215,4.32,857,999.6,,,0,0,0,0,0,0,,,16.72,2026-08-17T18:44:17+00:00
Adıyaman,Besni,BESNİ,18181,2026-08-17T18:24:00.000Z,Açık,23,23,52,252,27.720000000000002,887.4,1002.1,,,0,0,0,0,0,0,,,16.57,2026-08-17T18:44:17+00:00
Adıyaman,Gerger,GERGER,18182,2026-08-17T18:24:00.000Z,Açık,27.2,27.2,32,227,3.6,916.7,1003.7,,,0,0,0,0,0,0,,,16.66,2026-08-17T18:44:17+00:00
Adıyaman,Merkez,ADIYAMAN ÜNİVERSİTESİ,18341,2026-08-17T18:24:00.000Z,Parçalı Bulutlu,27,27.2,44,235,18,928.5,1003.2,,,0,0,0,0,0,0,,,18.71,2026-08-17T18:44:17+00:00
Adıyaman,Samsat,SAMSAT,18345,2026-08-17T18:24:00.000Z,Açık,28.2,28.9,49,245,20.88,,,,,0,0,0,0,0,0,,,20.58,2026-08-17T18:44:17+00:00
Adıyaman,Sincik,SİNCİK,18346,2026-08-17T18:24:00.000Z,Açık,23.4,23.4,44,204,8.64,,,,,0,0,0,0,0,0,,,15.71,2026-08-17T18:44:17+00:00
Adıyaman,Tut,TUT,18347,2026-08-17T18:24:00.000Z,Az Bulutlu,24.7,24.7,48,275,20.52,,,,,0,0,0,0,0,0,,,17.43,2026-08-17T18:44:17+00:00
Adıyaman,Çelikhan,ÇELİKHAN/PINARBAŞI,18762,2026-08-17T18:24:00.000Z,Parçalı Bulutlu,19.3,19.3,70,,,,,,,0,0,0,0,0,0,,,15.63,2026-08-17T18:44:17+00:00
Adıyaman,Çelikhan,ÇELİKHAN/ÇAT BARAJI,18949,2026-08-17T18:24:00.000Z,Açık,21.6,21.6,56,181,5.4,,,,,0,0,0,0,0,0,,,15.91,2026-08-17T18:44:17+00:00
Adıyaman,Besni,BESNİ/KIZILKAYA KÖYÜ,19078,2026-08-17T18:24:00.000Z,Açık,28.2,28.1,41,,,,,,,0,0,0,0,0,0,,,19.17,2026-08-17T18:44:17+00:00
Adıyaman,Çelikhan,ÇELİKHAN/YEŞİLTEPE KÖYÜ,19079,2026-08-17T18:24:00.000Z,Açık,24.8,24.8,52,,,,,,,0,0,0,0,0,0,,,18.13,2026-08-17T18:44:17+00:00
Adıyaman,Gölbaşı,GÖLBAŞI ORMAN SAHASI,19080,2026-08-17T18:24:00.000Z,Açık,22.8,22.8,60,255,12.6,,,,,0,0,0,0,0,0,,,17.53,2026-08-17T18:44:17+00:00
Adıyaman,Besni,BESNİ/SAMBAYAT,19257,2026-08-17T18:24:00.000Z,Açık,26.9,27.3,47,,,,,,,0,0,0,0,0,0,,,19.14,2026-08-17T18:44:17+00:00
Adıyaman,Kahta,KAHTA/NEMRUT DAĞI MİLLİ PARKI,19258,2026-08-17T17:00:00.000Z,Açık,21.7,21.7,53,,,,,,,,0,,0,0,0,,,15.58,2026-08-17T18:44:17+00:00
Afyonkarahisar,Merkez,AFYONKARAHİSAR HAVALİMANI,17189,2026-08-17T18:10:00.000Z,Az Bulutlu,20.2,20.2,50,360,5.04,899.9,1014.1,2100,,0,0,0,0,0,0,,,13.87,2026-08-17T18:44:17+00:00
Afyonkarahisar,Merkez,AFYONKARAHİSAR BÖLGE,17190,2026-08-17T18:24:00.000Z,Parçalı Bulutlu,24.2,24.2,39,349,4.32,895.5,1005.8,20000,3,0,0.08,0,0,0,0.08,,,15.57,2026-08-17T18:44:17+00:00
Afyonkarahisar,Emirdağ,EMİRDAĞ,17752,2026-08-17T18:24:00.000Z,Açık,22.7,22.7,49,40,4.32,901.5,1006.7,68040,,0,0,0,0,0,0,,,15.87,2026-08-17T18:44:17+00:00
Afyonkarahisar,Bayat,BAYAT,17753,2026-08-17T18:24:00.000Z,Açık,20.8,20.8,54,175,8.28,890.1,1008,54920,,0,2.5,0,0,2.5,2.5,,,14.93,2026-08-17T18:44:17+00:00
Afyonkarahisar,Çobanlar,ÇOBANLAR,17791,2026-08-17T18:24:00.000Z,Az Bulutlu,21.8,21.8,45,25,6.84,899.7,1006.6,,,0,0,0,0,0,0,,,14.53,2026-08-17T18:44:17+00:00
Afyonkarahisar,Çay,ÇAY,17793,2026-08-17T18:25:00.000Z,Parçalı Bulutlu,20.4,20.4,58,192,15.120000000000001,,,,,0,0,0,0,0,0,,,15.11,2026-08-17T18:44:17+00:00
Afyonkarahisar,Sultandağı,SULTANDAĞI/YAKASENEK,17823,2026-08-17T18:23:00.000Z,Az Bulutlu,21.8,21.8,47,206,4.680000000000001,,,,,0,0,0,0,0,0,,,14.82,2026-08-17T18:44:17+00:00
Afyonkarahisar,Şuhut,ŞUHUT,17829,2026-08-17T17:13:00.000Z,Açık,20,20,60,246,2.52,,,45800,,,0.2,,0,0.2,0.4,,,15.01,2026-08-17T18:44:17+00:00
Afyonkarahisar,Merkez,AFYONKARAHİSAR KOCATEPE ÜNİVERSİTESİ,17839,2026-08-17T18:25:00.000Z,Açık,23.2,23.2,39,34,11.879999999999999,897.6,1006,,,0,0,0,0,0,0,,,14.76,2026-08-17T18:44:17+00:00
Afyonkarahisar,Dinar,DİNAR,17862,2026-08-17T18:25:00.000Z,Az Bulutlu,21.7,21.7,62,165,2.52,913.4,1006.7,75000,,0,0,0,0,0,0,,,16.81,2026-08-17T18:44:17+00:00
Afyonkarahisar,Şuhut,ŞUHUT/KARAADİLLİ,17869,2026-08-17T18:24:00.000Z,Açık,18.4,18.4,72,0,0,890.9,1007.8,,,0,10.8,0,0,0,11.2,,,15.03,2026-08-17T18:44:17+00:00
Afyonkarahisar,Sandıklı,SANDIKLI,18002,2026-08-17T18:23:00.000Z,Parçalı Bulutlu,18.9,18.9,74,179,4.32,895.7,1007.3,,,0,1,0,0.6,0.6,1.9,,,15.74,2026-08-17T18:44:17+00:00
Afyonkarahisar,Sinanpaşa,SİNANPAŞA,18003,2026-08-17T18:23:00.000Z,Çok Bulutlu,21.6,21.6,44,17,11.879999999999999,882.8,1006.4,,,0,0.5,0,0,0,0.5,,,14.21,2026-08-17T18:44:17+00:00
Afyonkarahisar,İscehisar,İSCEHİSAR,18004,2026-08-17T18:24:00.000Z,Açık,20.1,20.1,45,3,6.48,886.5,1005.9,,,0,0,0,0,0,0,,,13.1,2026-08-17T18:44:17+00:00
Afyonkarahisar,İhsaniye,İHSANİYE,18005,2026-08-17T18:24:00.000Z,Açık,20.4,20.4,53,4,14.04,891.9,1006.7,,,0,0,0,0,0,0,,,14.45,2026-08-17T18:44:17+00:00
Afyonkarahisar,Sultandağı,SULTANDAĞI,18006,2026-08-17T18:23:00.000Z,Az Bulutlu,22.3,22.3,45,247,12.24,894.8,1008.3,,,0,0,0,0,0,0,,,14.95,2026-08-17T18:44:17+00:00
Afyonkarahisar,Evciler,EVCİLER,18007,2026-08-17T18:24:00.000Z,Açık,21,21,58,290,6.48,910.2,1005.9,,,0,0.3,0,0.3,0.3,0.5,,,15.64,2026-08-17T18:44:17+00:00
Afyonkarahisar,Dazkırı,DAZKIRI,18037,2026-08-17T18:24:00.000Z,Açık,22.3,22.3,58,303,0.36000000000000004,910.3,1007.1,,,0,0,0,0,0,0.2,,,16.8,2026-08-17T18:44:17+00:00
Afyonkarahisar,Başmakçı,BAŞMAKÇI,18291,2026-08-17T18:24:00.000Z,Açık,19.9,19.9,72,63,4.680000000000001,,,,,0,0.1,0,0,0,0.3,,,16.44,2026-08-17T18:44:17+00:00
Afyonkarahisar,Hocalar,HOCALAR,18292,2026-08-17T18:24:00.000Z,Açık,21.8,21.8,52,324,20.52,,,,,0,0.88,0,0,0,2.92,,,15.53,2026-08-17T18:44:17+00:00
Afyonkarahisar,Kızılören,KIZILÖREN,18293,2026-08-17T18:23:00.000Z,Parçalı Bulutlu,21,21,48,,,,,,,0,0,0,0,0,0,,,14.28,2026-08-17T18:44:17+00:00
Afyonkarahisar,Sultandağı,SULTANDAĞI/ÜÇKUYU MEVKİ,18630,2026-08-17T18:24:00.000Z,Açık,19.4,19.4,52,,,,,,,0,0,0,0,0,0,,,13.44,2026-08-17T18:44:17+00:00
Afyonkarahisar,Hocalar,HOCALAR/YEŞİLHİSAR BELDESİ,18631,2026-08-17T18:24:00.000Z,Az Bulutlu,20,20,56,,,,,,,0,0.99,0,0,0,2.54,,,14.49,2026-08-17T18:44:17+00:00
Afyonkarahisar,İscehisar,İSCEHİSER/ALANYURT BELDESİ,18747,2026-08-17T18:24:00.000Z,Açık,17.6,17.6,80,,,,,,,0,0,0,0,0,0,,,15.23,2026-08-17T18:44:17+00:00
Afyonkarahisar,Sinanpaşa,SİNANPAŞA/ÇATKUYU KÖYÜ,18748,2026-08-17T18:24:00.000Z,Parçalı Bulutlu,19.6,19.6,53,,,,,,,0,0,0,0,0,0,,,13.75,2026-08-17T18:44:17+00:00
Afyonkarahisar,Bolvadin,BOLVADİN/KEMERKAYA KÖYÜ,18749,2026-08-17T18:24:00.000Z,Açık,19.7,19.7,61,,,,,,,0,3.63,0,0,3.63,3.63,,,14.87,2026-08-17T18:44:17+00:00
Afyonkarahisar,Merkez,AFYONKARAHİSAR/KOCATEPE,18750,2026-08-17T18:24:00.000Z,Açık,19.3,19.3,61,,,,,,,0,0.08,0,0,0,0.46,,,14.51,2026-08-17T18:44:17+00:00
Afyonkarahisar,Sinanpaşa,SİNANPAŞA/YILDIRIMKEMAL KÖYÜ,18751,2026-08-17T18:24:00.000Z,Parçalı Bulutlu,20,20,52,,,,,,,0,0,0,0,0,0,,,13.97,2026-08-17T18:44:17+00:00
Afyonkarahisar,Merkez,AFYONKARAHİSAR/OLUCAK KÖYÜ,18757,2026-08-17T18:24:00.000Z,Az Bulutlu,18.9,18.9,57,,,,,,,0,0,0,0,0,0,,,13.65,2026-08-17T18:44:17+00:00
Afyonkarahisar,Bayat,BAYAT/KÖROĞLU BELİ,18761,2026-08-17T18:24:00.000Z,Açık,18.1,18.1,68,,,,,,,0,4.45,0,0,4.45,4.45,,,14.27,2026-08-17T18:44:17+00:00
Afyonkarahisar,Çay,ÇAY/DEVEDERESİ KÖYÜ,18850,2026-08-17T18:24:00.000Z,Açık,22,22,51,,,,,,,0,2.51,0,0,0.05,2.51,,,15.56,2026-08-17T18:44:17+00:00
Afyonkarahisar,Dinar,DİNAR/TATARLI BELDESİ,18851,2026-08-17T18:24:00.000Z,Az Bulutlu,19,19,59,51,2.52,,,,,0,8.91,0,0,0,10.18,,,13.99,2026-08-17T18:44:17+00:00
Afyonkarahisar,Dinar,DİNAR/HAYDARLI BELDESİ,18909,2026-08-17T18:25:00.000Z,Çok Bulutlu,20.3,20.3,61,178,4.680000000000001,874.6,1007.2,,,0,3.3,0,0,0,3.4,,,15.41,2026-08-17T18:44:17+00:00
Afyonkarahisar,Sinanpaşa,SİNANPAŞA/TINAZTEPE BELDESİ,18912,2026-08-17T18:24:00.000Z,Parçalı Bulutlu,19.4,19.4,62,125,5.4,885.2,1008.1,,,0,1.4,0,0,0.2,2.2,,,14.72,2026-08-17T18:44:17+00:00
Afyonkarahisar,Sandıklı,SANDIKLI/HÜDAİ KAPLICALARI,18927,2026-08-17T18:24:00.000Z,Parçalı Bulutlu,18.4,18.4,68,0,0,,,,,0,0.38,0,0.32,0.32,2.01,,,14.55,2026-08-17T18:44:17+00:00
Afyonkarahisar,Sinanpaşa,SİNANPAŞA/TAŞOLUK BELDESİ,18928,2026-08-17T18:24:00.000Z,Az Bulutlu,19.7,19.7,58,0,0,,,,,0,0.99,0,0,0.92,1.53,,,14.48,2026-08-17T18:44:17+00:00
Afyonkarahisar,Sandıklı,SANDIKLI/AKDAĞ TABİAT PARKI,18929,2026-08-17T18:24:00.000Z,Açık,13.7,13.7,96,179,4.680000000000001,,,,,0,0,0,0,0,9.56,,,13.22,2026-08-17T18:44:17+00:00
Afyonkarahisar,Şuhut,ŞUHUT/MAHMUT KÖYÜ,18930,2026-08-17T18:24:00.000Z,Açık,20.3,20.3,53,304,10.08,,,,,0,0.05,0,0,0,0.1,,,14.36,2026-08-17T18:44:17+00:00
Afyonkarahisar,Sandıklı,SANDIKLI /BALLIK KÖYÜ,18947,2026-08-17T18:25:00.000Z,Parçalı Bulutlu,19.2,19.2,60,,,,,,,0,0.5,0,0,0,0.5,,,14.29,2026-08-17T18:44:17+00:00
Afyonkarahisar,Sandıklı,SANDIKLI/ÇUKURCA KÖYÜ,19165,2026-08-17T18:24:00.000Z,Az Bulutlu,17.7,17.7,61,,,,,,,0,0.44,0,0,0,0.86,,,13.06,2026-08-17T18:44:17+00:00
Afyonkarahisar,Sinanpaşa,SİNANPAŞA/TAZLAR KÖYÜ,19166,2026-08-17T18:24:00.000Z,Parçalı Bulutlu,20.5,20.5,55,,,,,,,0,0,0,0,0,0,,,14.8,2026-08-17T18:44:17+00:00
Ağrı,Merkez,AĞRI,17099,2026-08-17T18:24:00.000Z,Açık,21.2,21.2,33,276,1.08,833.7,1000.3,38370,,0,0,0,0,0,0,,,12.21,2026-08-17T18:44:17+00:00
Ağrı,Merkez,AĞRI AHMED-İ HANİ HAVALİMANI,17104,2026-08-17T18:10:00.000Z,Açık,19.6,19.6,35,188,15.120000000000001,833.8,1016.9,2100,,0,0,0,0,0,0,,,11.27,2026-08-17T18:44:17+00:00
Ağrı,Doğubayazıt,DOĞUBAYAZIT,17720,2026-08-17T18:23:00.000Z,Açık,21.6,21.6,24,237,12.24,834.2,1000.7,75000,,0,0.2,0,0,0,0.2,,,10.96,2026-08-17T18:44:17+00:00
Ağrı,Patnos,PATNOS,18193,2026-08-17T18:24:00.000Z,Açık,19.9,19.9,38,296,2.8800000000000003,835.3,1002.1,25170,,0,0,0,0,0,0,,,11.95,2026-08-17T18:44:17+00:00
Ağrı,Eleşkirt,ELEŞKİRT,18194,2026-08-17T18:24:00.000Z,Açık,19,19,38,258,9.360000000000001,816.6,1000.1,,,0,0,0,0,0,0,,,11.23,2026-08-17T18:44:17+00:00
Ağrı,Diyadin,DİYADİN,18356,2026-08-17T18:24:00.000Z,Açık,18.1,18.1,33,229,3.24,,,,,0,0,0,0,0,0,,,9.81,2026-08-17T18:44:17+00:00
Ağrı,Hamur,HAMUR,18357,2026-08-17T18:24:00.000Z,Açık,20,20,37,205,3.9600000000000004,,,,,0,0,0,0,0,0,,,11.88,2026-08-17T18:44:17+00:00
Ağrı,Taşlıçay,TAŞLIÇAY,18358,2026-08-17T18:24:00.000Z,Açık,20,20,34,257,12.96,,,,,0,0,0,0,0,0,,,11.44,2026-08-17T18:44:17+00:00
Ağrı,Tutak,TUTAK,18359,2026-08-17T18:24:00.000Z,Açık,18.7,18.7,43,308,0.36000000000000004,,,,,0,0,0,0,0,0,,,11.67,2026-08-17T18:44:17+00:00
Ağrı,Doğubayazıt,DOĞUBAYAZIT/SULUÇEM KÖYÜ,19065,2026-08-17T18:24:00.000Z,Açık,15.3,15.3,56,,,,,,,0,0,0,0,0,0,,,10.34,2026-08-17T18:44:17+00:00
Ağrı,Merkez,AĞRI/CUMAÇAY BELDESİ,19066,2026-08-17T18:24:00.000Z,Açık,17.2,17.2,42,,,,,,,0,0,0,0,0,0,,,10.3,2026-08-17T18:44:17+00:00
Ağrı,Merkez,AĞRI/ÇUKURALAN KÖYÜ,19249,2026-08-17T18:24:00.000Z,Açık,15.6,15.6,66,,,,,,,0,0.12,0,0,0.07,0.12,,,11.73,2026-08-17T18:44:17+00:00
Ağrı,Eleşkirt,ELEŞKİRT/YAYLADÜZÜ BELDESİ,19250,2026-08-17T18:24:00.000Z,Açık,14.7,14.7,49,,,,,,,0,0,0,0,0,0,,,9.03,2026-08-17T18:44:17+00:00
Amasya,Merzifon,AMASYA MERZİFON HAVALİMANI,17082,2026-08-17T18:10:00.000Z,Çok Bulutlu,20.6,20.6,60,13,16.2,949.3,1012.2,10000,6,0,0,0,0,0,0,,,15.55,2026-08-17T18:44:17+00:00
Amasya,Merzifon,MERZİFON,17083,2026-08-17T18:24:00.000Z,Çok Bulutlu,19.5,19.5,58,50,9,926.6,1009.3,,,0,0,0,0,0,0,,,14.31,2026-08-17T18:44:17+00:00
Amasya,Merkez,AMASYA,17085,2026-08-17T18:24:00.000Z,Parçalı Bulutlu,24.2,24.2,48,65,20.88,962.8,1008.2,20000,3,0,0,0,0,0,0,,,17.0,2026-08-17T18:44:17+00:00
Amasya,Merkez,AMASYA/GÖKHÖYÜK TİGEM,17655,2026-08-17T18:24:00.000Z,Çok Bulutlu,22.7,22.7,62,315,11.520000000000001,955.1,1007.6,,,0,0,0,0,0,0,,,17.71,2026-08-17T18:44:17+00:00
Amasya,Suluova,SULUOVA,18137,2026-08-17T18:24:00.000Z,Çok Bulutlu,21.5,21.5,67,54,7.5600000000000005,952.5,,,,0,0,0,0,0,0,,,17.29,2026-08-17T18:44:17+00:00
Amasya,Taşova,TAŞOVA,18138,2026-08-17T18:24:00.000Z,Çok Bulutlu,23,23,68,1,9.72,986.3,1014.5,,,0,0.1,0,0,0,0.5,,,18.8,2026-08-17T18:44:17+00:00
Amasya,Göynücek,GÖYNÜCEK,18504,2026-08-17T18:24:00.000Z,Çok Bulutlu,23.7,23.7,59,33,9.72,,,,,0,0,0,0,0,0,,,18.19,2026-08-17T18:44:17+00:00
Amasya,Gümüşhacıköy,GÜMÜŞHACIKÖY,18505,2026-08-17T18:24:00.000Z,Çok Bulutlu,18.3,18.3,66,334,3.24,,,,,0,0,0,0,0,0,,,14.21,2026-08-17T18:44:17+00:00
Amasya,Hamamözü,HAMAMÖZÜ,18506,2026-08-17T18:24:00.000Z,Çok Bulutlu,20.5,20.5,68,70,15.840000000000002,,,,,0,0,0,0,0,0,,,16.49,2026-08-17T18:44:17+00:00
Amasya,Merkez,AMASYA/BELDAĞI KÖYÜ,18699,2026-08-17T18:24:00.000Z,Çok Bulutlu,16,16,84,,,,,,,0,0.78,0,0,0,0.87,,,14.14,2026-08-17T18:44:17+00:00
Amasya,Taşova,TAŞOVA/BORABOY GÖLÜ,18938,2026-08-17T18:24:00.000Z,Çok Bulutlu,15.9,15.9,75,342,5.760000000000001,,,,,0,0.06,0,0,0,0.83,,,13.03,2026-08-17T18:44:17+00:00
Amasya,Merzifon,MERZİFON/ÇAYBAŞI KÖYÜ,19024,2026-08-17T18:24:00.000Z,Çok Bulutlu,19.5,19.5,71,,,,,,,0,0,0,0,0,0,,,15.94,2026-08-17T18:44:17+00:00
Amasya,Taşova,TAŞOVA/BORABOY ORMAN SAHASI,19025,2026-08-17T18:24:00.000Z,Çok Bulutlu,14.6,14.6,86,275,3.24,,,,,0,0.68,0,0.1,0.1,4.24,,,13.01,2026-08-17T18:44:17+00:00
Amasya,Merzifon,MERZİFON/TAVŞAN DAĞI,19026,2026-08-17T18:24:00.000Z,Az Bulutlu,10.6,10.6,96,,,,,,,0,0.87,0,0,0,1.09,,,10.13,2026-08-17T18:44:17+00:00
Amasya,Merkez,AMASYA/ORMANÖZÜ KÖYÜ,19218,2026-08-17T17:42:00.000Z,Çok Bulutlu,14.8,14.8,85,,,,,,,,0.65,0,0,0.38,0.81,,,13.09,2026-08-17T18:44:17+00:00
Amasya,Merkez,AMASYA ÜNİVERSİTESİ,19911,2026-08-17T18:23:00.000Z,Çok Bulutlu,23.7,23.7,57,37,14.4,,,,,0,0,0,0,0,0,,,17.91,2026-08-17T18:44:17+00:00
Ankara,Kahramankazan,ANKARA MÜRTED HAVALİMANI,17127,2026-08-17T18:10:00.000Z,Parçalı Bulutlu,21.3,21.3,54,360,15.120000000000001,917.3,1013.4,10000,3,0,0,0,0,0,0,,,15.37,2026-08-17T18:44:17+00:00
Ankara,Çubuk,ANKARA ESENBOĞA HAVALİMANI,17128,2026-08-17T18:10:00.000Z,Az Bulutlu,20.4,20.4,57,22,8.28,905.1,1013.9,10000,2,0,0,0,0,0,0,,,14.98,2026-08-17T18:44:17+00:00
Ankara,Etimesgut,ETİMESGUT HAVALİMANI,17129,2026-08-17T18:10:00.000Z,Az Bulutlu,22.2,22.2,50,329,20.88,919.5,1013.1,10000,2,0,0,0,0,0,0,,,15.59,2026-08-17T18:44:17+00:00
Ankara,Keçiören,ANKARA BÖLGE,17130,2026-08-17T18:24:00.000Z,Az Bulutlu,21.9,21.9,56,21,11.16,910.3,1006.2,20000,2,0,0,0,0,0,0,,,16.17,2026-08-17T18:44:17+00:00
Ankara,Yenimahalle,ANKARA GÜVERCİNLİK HAVALİMANI,17131,2026-08-17T18:10:00.000Z,Parçalı Bulutlu,22.1,22.1,54,15,10.44,918.4,1013.3,10000,3,0,0,0,0,0,0,,,16.07,2026-08-17T18:44:17+00:00
Ankara,Gölbaşı,GÖLBAŞI/UFUK DANIŞMENT,17134,2026-08-17T18:24:00.000Z,Az Bulutlu,22.9,22.9,58,49,7.2,888.8,,75000,,0,0.1,0,0.1,0.1,0.1,,,17.34,2026-08-17T18:44:17+00:00
Ankara,Elmadağ,ELMADAĞ RADAR SAHASI,17137,2026-08-17T18:22:00.000Z,Az Bulutlu,14.2,14.2,74,344,24.840000000000003,,,,,0,0,0,0,0,0,,,11.31,2026-08-17T18:44:17+00:00
Ankara,Polatlı,POLATLI TİGEM,17651,2026-08-17T18:24:00.000Z,Açık,20.3,20.3,55,337,9,905.7,1006.7,,,0,0,0,0,0,0,,,14.63,2026-08-17T18:44:17+00:00
Ankara,Kızılcahamam,KIZILCAHAMAM,17664,2026-08-17T18:24:00.000Z,Açık,18.2,18.2,76,311,9.360000000000001,895.4,1007.2,75000,,0,0,0,0,0,0,,,15.32,2026-08-17T18:44:17+00:00
Ankara,Nallıhan,NALLIHAN,17679,2026-08-17T18:24:00.000Z,Açık,20.3,20.3,97,290,5.760000000000001,935.5,1006.9,,,0,1,0,0.6,1,1,,,19.94,2026-08-17T18:44:17+00:00
Ankara,Beypazarı,BEYPAZARI,17680,2026-08-17T18:24:00.000Z,Açık,20.9,20.9,70,121,1.08,932.8,1007.7,,,0,0.2,0,0.2,0.2,0.2,,,17.12,2026-08-17T18:44:17+00:00
Ankara,Elmadağ,ELMADAĞ BARUTSAN FABRİKASI,17715,2026-08-17T18:24:00.000Z,Parçalı Bulutlu,21.7,21.7,62,2,7.920000000000001,887.5,1004.5,,,0,0,0,0,0,0,,,16.81,2026-08-17T18:44:17+00:00
Ankara,Polatlı,POLATLI,17728,2026-08-17T18:24:00.000Z,Açık,22.1,22.1,51,24,5.4,911,1006.1,75000,,0,0,0,0,0,0,,,15.65,2026-08-17T18:44:17+00:00
Ankara,Bala,BALA,17729,2026-08-17T18:25:00.000Z,Açık,18.8,18.8,61,0,6.84,873.5,1006.2,75000,,0,3,0,3,3,3,,,14.06,2026-08-17T18:44:17+00:00
Ankara,Şereflikoçhisar,ŞEREFLİKOÇHİSAR,17731,2026-08-17T18:24:00.000Z,Çok Bulutlu,24.7,24.7,41,18,5.760000000000001,907.7,1005.3,,,0,0,0,0,0,0,,,16.31,2026-08-17T18:44:17+00:00
Ankara,Haymana,HAYMANA TARIM,17733,2026-08-17T18:24:00.000Z,Açık,19.6,19.6,55,313,9.360000000000001,892.2,1006.7,,,0,0,0,0,0,0,,,14.01,2026-08-17T18:44:17+00:00
Ankara,Sincan,SİNCAN/TEMELLİ,17759,2026-08-17T18:24:00.000Z,Az Bulutlu,19.5,19.5,57,314,7.920000000000001,926.5,1008.3,,,0,0,0,0,0,0,,,14.18,2026-08-17T18:44:17+00:00
Ankara,Elmadağ,ELMADAĞ/YEŞİLDERE,17987,2026-08-17T18:24:00.000Z,Parçalı Bulutlu,16.8,16.8,63,342,15.48,829.9,1006.6,,,0,0,0,0,0,0,,,12.49,2026-08-17T18:44:17+00:00
Ankara,Ayaş,AYAŞ,18045,2026-08-17T18:24:00.000Z,Açık,20.7,20.7,60,9,5.4,931.8,1005.1,,,0,0,0,0,0,0,,,15.64,2026-08-17T18:44:17+00:00
Ankara,Çankaya,ÇANKAYA/TBMM,18046,2026-08-17T18:24:00.000Z,Parçalı Bulutlu,21,21,59,348,3.24,906.2,1006,75000,,0,0,0,0,0,0,,,15.78,2026-08-17T18:44:17+00:00
Ankara,Keçiören,KEÇİÖREN/BAĞLUM,18072,2026-08-17T18:24:00.000Z,Açık,16.1,16.1,71,37,12.96,850.8,1004.6,,,0,0,0,0,0,0,,,12.76,2026-08-17T18:44:17+00:00
Ankara,Kahramankazan,KAHRAMANKAZAN/KURTBOĞAZI BARAJI,18073,2026-08-17T18:24:00.000Z,Az Bulutlu,18.5,18.5,69,352,16.2,896.7,1008.4,,,0,0,0,0,0,0,,,14.76,2026-08-17T18:44:17+00:00
Ankara,Mamak,MAMAK/BAYINDIR BARAJI,18074,2026-08-17T18:24:00.000Z,Parçalı Bulutlu,20.9,20.9,56,342,15.840000000000002,900.1,1008.8,,,0,0,0,0,0,0,,,15.29,2026-08-17T18:44:17+00:00
Ankara,Çamlıdere,ÇAMLIDERE ORMAN İŞLETME MÜDÜRLÜĞÜ,18075,2026-08-17T18:24:00.000Z,Açık,14.8,14.8,83,10,5.4,873.2,1009.3,,,0,5.1,0,0.2,5.1,5.1,,,12.87,2026-08-17T18:44:17+00:00
Ankara,Kalecik,KALECİK,18076,2026-08-17T18:23:00.000Z,Parçalı Bulutlu,23.4,23.4,51,288,4.32,932.1,1008.4,,,0,0,0,0,0,0,,,16.77,2026-08-17T18:44:17+00:00
Ankara,Güdül,GÜDÜL,18077,2026-08-17T18:24:00.000Z,Açık,22.5,22.5,73,77,8.28,928.1,1007.8,,,0,0,0,0,0,0,,,19.01,2026-08-17T18:44:17+00:00
Ankara,Polatlı,POLATLI/ACIKIR,18078,2026-08-17T18:24:00.000Z,Az Bulutlu,21.6,21.6,53,334,16.56,915.6,,,,0,0,0,0,0,0,,,15.49,2026-08-17T18:44:17+00:00
Ankara,Akyurt,AKYURT,18240,2026-08-17T18:24:00.000Z,Az Bulutlu,18.9,18.9,67,121,10.44,,,,,0,0,0,0,0,0,,,14.89,2026-08-17T18:44:17+00:00
Ankara,Çamlıdere,ÇAMLIDERE/ÇAMKORU,18241,2026-08-17T18:24:00.000Z,Açık,11.3,11.3,100,330,2.16,858.1,1008.8,,,0,2.09,0,1.51,2.09,2.09,,,,2026-08-17T18:44:17+00:00
Ankara,Çubuk,ÇUBUK,18242,2026-08-17T18:24:00.000Z,Az Bulutlu,17.2,17.2,58,36,3.24,,,,,0,0,0,0,0,0,,,12.26,2026-08-17T18:44:17+00:00
Ankara,Pursaklar,PURSAKLAR,18243,2026-08-17T18:24:00.000Z,Parçalı Bulutlu,20,20,58,6,18.720000000000002,,,,,0,0,0,0,0,0,,,14.75,2026-08-17T18:44:17+00:00
Ankara,Sincan,SİNCAN,18244,2026-08-17T18:24:00.000Z,Az Bulutlu,19.1,19.1,54,63,7.5600000000000005,,,20000,,0,0,0,0,0,0,,,13.44,2026-08-17T18:44:17+00:00
Ankara,Çankaya,ÇANKAYA/ÇALDAĞ,18256,2026-08-17T18:24:00.000Z,Az Bulutlu,19,19,70,8,14.76,,,,,0,0.62,0,0.62,0.62,0.62,,,15.35,2026-08-17T18:44:17+00:00
Ankara,Haymana,HAYMANA,18257,2026-08-17T18:24:00.000Z,Açık,18.8,18.8,64,29,16.2,,,,,0,0,0,0,0,0,,,14.43,2026-08-17T18:44:17+00:00
Ankara,Haymana,HAYMANA/DEVECİPINARI KÖYÜ,18593,2026-08-17T18:24:00.000Z,Açık,20.6,20.6,50,,,,,,,0,0,0,0,0,0,,,14.22,2026-08-17T18:44:17+00:00
Ankara,Haymana,HAYMANA/YENİCE BELDESİ,18594,2026-08-17T18:24:00.000Z,Açık,20.2,20.2,51,,,,,,,0,0,0,0,0,0,,,14.01,2026-08-17T18:44:17+00:00
Ankara,Gölbaşı,GÖLBAŞI/AHİBOZ KÖYÜ,18691,2026-08-17T18:24:00.000Z,Az Bulutlu,20.1,20.1,52,,,,,,,0,0,0,0,0,0,,,14.05,2026-08-17T18:44:17+00:00
Ankara,Kahramankazan,KAHRAMANKAZAN/SARAYKÖY TOPRAK,18903,2026-08-17T18:27:00.000Z,Az Bulutlu,18.5,18.5,80,40,6.12,910.2,1000.3,,,0,0,0,0,0,0,,,16.09,2026-08-17T18:44:17+00:00
Ankara,Beypazarı,BEYPAZARI/KIRBAŞI,18908,2026-08-17T18:23:00.000Z,Açık,18.9,18.9,67,203,4.680000000000001,,,,,0,0,0,0,0,0,,,14.89,2026-08-17T18:44:17+00:00
Ankara,Gölbaşı,GÖLBAŞI/YAĞLIPINAR KÖYÜ,18979,2026-08-17T18:24:00.000Z,Az Bulutlu,18.7,18.7,80,358,11.520000000000001,,,,,0,0,0,0,0,0,,,16.28,2026-08-17T18:44:17+00:00
Ankara,Bala,BALA/SOFULAR KÖYÜ,19004,2026-08-17T18:24:00.000Z,Çok Bulutlu,22.2,22.2,51,,,,,,,0,0,0,0,0,0,,,15.73,2026-08-17T18:44:17+00:00
Ankara,Kızılcahamam,KIZILCAHAMAM/GÜVEM BELDESİ,19005,2026-08-17T18:22:00.000Z,Açık,15.2,15.2,83,,,,,,,0,0.52,0,0.2,0.52,0.52,,,13.26,2026-08-17T18:44:17+00:00
Ankara,Kızılcahamam,KIZILCAHAMAM/YILDIRIM ORMAN SAHASI,19006,2026-08-17T18:24:00.000Z,Açık,13.3,13.3,100,3,3.6,,,,,0,0,0,0,0,0,,,,2026-08-17T18:44:17+00:00
Ankara,Altındağ,ALTINDAĞ/GENÇLİK PARKI,19202,2026-08-17T18:24:00.000Z,Parçalı Bulutlu,22,22,62,310,3.24,,,16427,,0,0,0,0,0,0,,,17.08,2026-08-17T18:44:17+00:00
Ankara,Evren,EVREN,19203,2026-08-17T18:24:00.000Z,Çok Bulutlu,23.1,23.1,46,127,12.96,,,,,0,0,0,0,0,0,,,15.77,2026-08-17T18:44:17+00:00
Ankara,Polatlı,POLATLI/SARIOBA KÖYÜ,19204,2026-08-17T18:24:00.000Z,Açık,21.8,21.8,57,,,,,,,0,0,0,0,0,0,,,16.22,2026-08-17T18:44:17+00:00
Ankara,Nallıhan,NALLIHAN/SARIYAR,19205,2026-08-17T18:24:00.000Z,Açık,21.2,21.2,73,,,,,,,0,0.22,0,0.15,0.22,0.22,,,17.79,2026-08-17T18:44:17+00:00
Ankara,Bala,BALA/AŞAĞIHACIBEKİR KÖYÜ,19206,2026-08-17T18:24:00.000Z,Çok Bulutlu,23.8,23.8,48,,,,,,,0,0.04,0,0,0.04,0.04,,,16.66,2026-08-17T18:44:17+00:00
Ankara,Etimesgut,ETİMESGUT,19273,2026-08-17T18:23:00.000Z,Parçalı Bulutlu,20.8,20.8,56,3,9.360000000000001,,,75000,,0,0,0,0,0,0,,,15.2,2026-08-17T18:44:17+00:00
Ankara,Kahramankazan,KAHRAMANKAZAN,19274,2026-08-17T18:23:00.000Z,Az Bulutlu,19.9,19.9,59,84,2.8800000000000003,,,67430,,0,0.22,0,0,0.22,0.22,,,14.79,2026-08-17T18:44:17+00:00
Ankara,Yenimahalle,YENİMAHALLE,19275,2026-08-17T18:23:00.000Z,Parçalı Bulutlu,22,22,55,48,6.12,915.3,1007.6,33780,,0,0.29,0,0.29,0.29,0.29,,,16.12,2026-08-17T18:44:17+00:00
Antalya,Muratpaşa,ANTALYA HAVALİMANI,17300,2026-08-17T18:10:00.000Z,Açık,27,28.3,59,347,11.520000000000001,1002.1,1008.7,10000,0,0,0,0,0,0,0,,,21.15,2026-08-17T18:44:17+00:00
Antalya,Muratpaşa,ANTALYA BÖLGE,17302,2026-08-17T18:23:00.000Z,Açık,27.8,30,65,347,5.4,1002.2,1007.5,,,0,0,0,0,0,0,,,22.79,2026-08-17T18:44:17+00:00
Antalya,Konyaaltı,KONYAALTI,17304,2026-08-17T18:24:00.000Z,Açık,26.8,29.1,72,70,2.52,,,,,0,0,0,0,0,0,,,22.91,2026-08-17T18:44:17+00:00
Antalya,Alanya,ALANYA,17310,2026-08-17T18:24:00.000Z,Az Bulutlu,28.6,31.7,68,25,1.8,1006.4,1007.1,20000,2,0,4.2,0,0,4.2,4.2,,30.2,23.99,2026-08-17T18:44:17+00:00
Antalya,Finike,FİNİKE,17375,2026-08-17T18:24:00.000Z,Çok Bulutlu,28.6,31.6,67,29,0.7200000000000001,1007.4,1007.6,20000,5,0,0,0,0,0,0,,29.6,23.83,2026-08-17T18:44:17+00:00
Antalya,Kaş,KAŞ,17380,2026-08-17T18:24:00.000Z,Açık,26.5,27.9,62,0,0,989.8,1006.8,20000,0,0,0,0,0,0,0,,27.9,21.15,2026-08-17T18:44:17+00:00
Antalya,Aksu,AKSU/BOZTEPE TİGEM,17895,2026-08-17T18:23:00.000Z,Açık,24.5,24.5,76,0,1.4400000000000002,,,,,0,0.2,0,0,0,0.4,,,21.3,2026-08-17T18:44:17+00:00
Antalya,Serik,SERİK/BELEK,17915,2026-08-17T18:24:00.000Z,Açık,26,28.4,78,338,5.04,1007.4,1008.1,,,0,0,0,0,0,0,,,23.01,2026-08-17T18:44:17+00:00
Antalya,Manavgat,MANAVGAT/TAŞAĞIL ORMAN SAHASI,17917,2026-08-17T18:19:00.000Z,Açık,24.9,24.9,77,322,7.2,1002.8,1008,,,0,0,0,0,0,0,,,21.82,2026-08-17T18:44:17+00:00
Antalya,Korkuteli,KORKUTELİ,17926,2026-08-17T18:24:00.000Z,Açık,18.8,18.8,58,272,2.8800000000000003,898.3,1007.7,48460,,0,0,0,0,0,0,,,13.68,2026-08-17T18:44:17+00:00
Antalya,İbradı,İBRADI,17927,2026-08-17T18:23:00.000Z,Açık,17.7,17.7,72,310,4.32,896.3,1008.2,,,0,0,0,0,0,0,,,14.37,2026-08-17T18:44:17+00:00
Antalya,Kumluca,KUMLUCA,17951,2026-08-17T18:24:00.000Z,Açık,25.4,27.2,73,47,7.2,,,40060,,0,1.2,0,0,1.2,1.2,,,21.74,2026-08-17T18:44:17+00:00
Antalya,Elmalı,ELMALI,17952,2026-08-17T18:24:00.000Z,Az Bulutlu,19.7,19.7,81,289,1.8,888.3,1004.9,36350,,0,4.8,0,4.8,4.8,4.8,,,17.36,2026-08-17T18:44:17+00:00
Antalya,Kemer,ANTALYA/KEMER,17953,2026-08-17T18:24:00.000Z,Açık,25.9,28.6,83,0,0,1007.1,1008.2,,,0,0,0,0,0,0,,,23.61,2026-08-17T18:44:17+00:00
Antalya,Manavgat,MANAVGAT,17954,2026-08-17T18:24:00.000Z,Açık,26.6,28.1,63,333,2.16,1003.4,1007.7,39600,,0,0.5,0,0,0.5,0.5,,,21.39,2026-08-17T18:44:17+00:00
Antalya,Demre,DEMRE,17970,2026-08-17T18:24:00.000Z,Az Bulutlu,31.4,34.6,54,34,3.9600000000000004,1007.2,1010,48060,,0,0,0,0,0,0,,,24.22,2026-08-17T18:44:17+00:00
Antalya,Gazipaşa,GAZİPAŞA,17974,2026-08-17T18:24:00.000Z,Açık,26.3,28.3,72,111,2.52,1006,1008.4,,,0,2.4,0,0,2.4,2.4,,,22.44,2026-08-17T18:44:17+00:00
Antalya,Gazipaşa,ANTALYA GAZİPAŞA HAVALİMANI,17975,2026-08-17T18:05:00.000Z,Az Bulutlu,27.2,29.4,69,81,7.2,1006.1,1008.8,10000,2,,0,0,0,0,0,,,22.84,2026-08-17T18:44:17+00:00
Antalya,Döşemealtı,DAĞBELİ,18008,2026-08-17T18:24:00.000Z,Açık,18.1,18.1,75,180,1.8,921.2,1006.9,,,0,0.1,0,0.1,0.1,0.1,,,15.11,2026-08-17T18:44:17+00:00
Antalya,Kaş,KAŞ/ÇAVDIR ORMAN SAHASI,18009,2026-08-17T18:24:00.000Z,Açık,24.7,24.7,78,314,0,996.9,1004.8,,,0,0,0,0,0,0,,,21.77,2026-08-17T18:44:17+00:00
Antalya,Kaş,KAŞ/KASABA ORMAN SAHASI,18010,2026-08-17T18:24:00.000Z,Az Bulutlu,25.2,26.5,62,346,0.36000000000000004,983.4,1006.8,,,0,0,0,0,0,0,,,19.98,2026-08-17T18:44:17+00:00
Antalya,Manavgat,MANAVGAT/BEŞKONAK ORMAN SAHASI,18011,2026-08-17T18:24:00.000Z,Açık,20.2,20.2,83,300,2.52,993.3,1009.3,,,0,0.4,0,0.2,0.2,0.4,,,18.1,2026-08-17T18:44:17+00:00
Antalya,Gündoğmuş,GÜNDOĞMUŞ ORMAN DEPOSU,18012,2026-08-17T18:24:00.000Z,Açık,18.6,18.6,77,30,2.8800000000000003,907.1,1004.8,,,0,28.2,0,0,28.2,28.2,,,15.82,2026-08-17T18:44:17+00:00
Antalya,Serik,SERİK/GEBİZ ORMAN SAHASI,18014,2026-08-17T18:23:00.000Z,Açık,24,24,70,263,1.8,999,1007.8,,,0,1.1,0,1.1,1.1,1.1,,,20.01,2026-08-17T18:44:17+00:00
Antalya,Korkuteli,KORKUTELİ/BÜK ORMAN SAHASI,18015,2026-08-17T18:24:00.000Z,Açık,21.8,21.8,87,307,1.8,954.4,1008.1,,,0,0,0,0,0,0,,,20.16,2026-08-17T18:44:17+00:00
Antalya,Döşemealtı,DÖŞEMEALTI/NEBİLER ORMAN SAHASI,18016,2026-08-17T18:23:00.000Z,Açık,22.9,22.9,74,64,3.9600000000000004,976.1,1005.6,,,0,0,0,0,0,0,,,19.52,2026-08-17T18:44:17+00:00
Antalya,Akseki,AKSEKİ,18047,2026-08-17T18:24:00.000Z,Açık,18.4,18.4,69,21,16.56,895.5,1010,,,0,0.5,0,0.5,0.5,0.5,,,14.67,2026-08-17T18:44:17+00:00
Antalya,Elmalı,ELMALI ORMAN SAHASI,18305,2026-08-17T18:24:00.000Z,Az Bulutlu,17.6,17.6,76,59,4.680000000000001,869.2,1007.9,,,0,0,0,0,0,0,,,14.75,2026-08-17T18:44:17+00:00
Antalya,Serik,SERİK,18306,2026-08-17T18:24:00.000Z,Açık,25.1,25.1,,30,6.84,996,1006.6,,,0,0,0,0,0,0,,,,2026-08-17T18:44:17+00:00
Antalya,Döşemealtı,DÖŞEMEALTI/KARAİN HAVACILIK,18307,2026-08-17T18:24:00.000Z,Açık,22.5,22.5,74,1,6.48,973.8,1008,,,0,15.4,0,15.4,15.4,15.4,,,19.14,2026-08-17T18:44:17+00:00
Antalya,Korkuteli,KORKUTELİ/ÇOMAKLI MEVKİ,18609,2026-08-17T18:24:00.000Z,Açık,17.5,17.5,66,,,,,,,0,0.2,0,0,0,0.2,,,13.48,2026-08-17T18:44:17+00:00
Antalya,Akseki,AKSEKİ/CEVİZLİ TEKEBELİ MEVKİ,18610,2026-08-17T18:24:00.000Z,Açık,16.1,16.1,83,,,,,,,0,0.76,0,0.76,0.76,0.76,,,14.13,2026-08-17T18:44:17+00:00
Antalya,Gündoğmuş,GÜNDOĞMUŞ/BEDAN MEVKİ,18611,2026-08-17T18:24:00.000Z,Açık,16.4,16.4,83,,,,,,,0,1.31,0,0.72,1.31,1.31,,,14.42,2026-08-17T18:44:17+00:00
Antalya,Kumluca,KUMLUCA/AKDAĞ KOVUCAK MEVKİ,18612,2026-08-17T18:24:00.000Z,Açık,17.4,17.4,100,,,,,,,0,4.8,0,0,4.8,4.8,,,,2026-08-17T18:44:17+00:00
Antalya,Kaş,KAŞ/ORTABAĞ MEVKİ,18614,2026-08-17T18:24:00.000Z,Çok Bulutlu,18.3,18.3,76,,,,,,,0,0.97,0,0,0.97,0.97,,,15.42,2026-08-17T18:44:17+00:00
Antalya,Korkuteli,KORKUTELİ/KIZILCADAĞ MEVKİ,18615,2026-08-17T18:24:00.000Z,Açık,18.1,18.1,71,,,,,,,0,0.06,0,0,0,0.06,,,14.63,2026-08-17T18:44:17+00:00
Antalya,Korkuteli,KORKUTELİ/HACIYUSUFLAR MEVKİ,18617,2026-08-17T18:24:00.000Z,Az Bulutlu,17.2,17.2,74,,,,,,,0,0.2,0,0.2,0.2,0.2,,,14.14,2026-08-17T18:44:17+00:00
Antalya,Elmalı,ELMALI/BULANIK YAYLASI,18618,2026-08-17T18:24:00.000Z,Parçalı Bulutlu,15.4,15.4,83,,,,,,,0,0,0,0,0,0,,,13.45,2026-08-17T18:44:17+00:00
Antalya,İbradı,İBRADI/GEMBOS OVASI,18619,2026-08-17T16:54:00.000Z,Açık,14.8,14.8,97,,,,,,,,1.99,,1.99,1.99,1.99,,,14.43,2026-08-17T18:44:17+00:00
Antalya,Kaş,KAŞ/YAYLAPALAMUT MEVKİ,18648,2026-08-17T18:24:00.000Z,Açık,14.8,14.8,86,,,,,,,0,0,0,0,0,0,,,13.2,2026-08-17T18:44:17+00:00
Antalya,Alanya,ALANYA/KEŞEFLİ,18837,2026-08-17T18:24:00.000Z,Açık,27.3,29.7,70,342,3.24,,,,,0,0,0,0,0,0,,,23.08,2026-08-17T18:44:17+00:00
Antalya,Alanya,ALANYA/OKURCALAR BELDESİ,18838,2026-08-17T18:24:00.000Z,Açık,26,28.5,79,8,5.04,,,,,0,0,0,0,0,0,,,23.15,2026-08-17T18:44:17+00:00
Antalya,Manavgat,MANAVGAT ORMAN SAHASI,18839,2026-08-17T18:24:00.000Z,Açık,18.7,18.7,92,346,14.04,,,,,0,2.79,0,0,2.79,2.79,,,17.73,2026-08-17T18:44:17+00:00
Antalya,Konyaaltı,AKDENİZ ÜNİVERSİTESİ,18955,2026-08-17T18:24:00.000Z,Açık,27,28.9,66,12,6.84,1003.9,1007.3,,,0,0,0,0,0,0,,,22.21,2026-08-17T18:44:17+00:00
Antalya,Finike,FİNİKE/SAKLISU,18996,2026-08-17T18:24:00.000Z,Az Bulutlu,26.2,28.1,71,251,8.64,,,,,0,0,0,0,0,0,,,22.2,2026-08-17T18:44:17+00:00
Antalya,Korkuteli,KORKUTELİ/BEĞİŞ KÖYÜ,19150,2026-08-17T18:24:00.000Z,Açık,19.2,19.2,69,,,,,,,0,0,0,0,0,0,,,15.41,2026-08-17T18:44:17+00:00
Antalya,Demre,DEMRE/ÇAĞMAN KÖYÜ,19151,2026-08-17T18:24:00.000Z,Az Bulutlu,22.3,22.3,66,,,,,,,0,11.11,0,0,11.11,11.11,,,17.89,2026-08-17T18:44:17+00:00
Antalya,Kemer,KEMER/OVACIK KÖYÜ,19152,2026-08-17T18:24:00.000Z,Açık,18.4,18.4,85,,,,,,,0,0.86,0,0.44,0.86,3.46,,,16.59,2026-08-17T18:44:17+00:00
Antalya,Gazipaşa,GAZİPAŞA/KARATEPE KÖYÜ,19153,2026-08-17T18:24:00.000Z,Açık,21.6,21.6,97,,,,,,,0,0.51,0,0,0.51,0.51,,,21.24,2026-08-17T18:44:17+00:00
Antalya,Alanya,ALANYA/TOSLAK,19154,2026-08-17T18:24:00.000Z,Açık,25.7,27.7,75,25,5.4,,,,,0,0.2,0,0.07,0.2,0.2,,,22.3,2026-08-17T18:44:17+00:00
Antalya,Kumluca,ANTALYA KUMLUCA RADAR SAHASI,19156,2026-08-17T18:20:00.000Z,Açık,20.9,20.9,68,279,14.76,,,,,0,0,0,0,0,0,,,16.86,2026-08-17T18:44:17+00:00
Antalya,Kepez,KEPEZ,19374,2026-08-17T18:23:00.000Z,Açık,27.2,29.1,66,353,8.28,,,,,0,0,0,0,0,0,,,22.39,2026-08-17T18:44:17+00:00
Antalya,Korkuteli,KORKUTELİ/BAYAT KÖYÜ,19914,2026-08-17T18:24:00.000Z,Açık,17.9,17.9,77,228,11.879999999999999,,,,,0,0,0,0,0,0,,,15.16,2026-08-17T18:44:17+00:00
Artvin,Hopa,HOPA,17042,2026-08-17T18:24:00.000Z,Çok Bulutlu,22.4,22.4,87,108,10.8,1007.8,1011.6,20000,7,0,1.6,0,1,1.5,1.6,,26.4,20.74,2026-08-17T18:44:17+00:00
Artvin,Merkez,ARTVİN,17045,2026-08-17T18:24:00.000Z,Çok Bulutlu,19.7,19.7,92,0,0,941.3,1009.9,20000,6,0,8.2,0,0.6,8,8.2,,,18.72,2026-08-17T18:44:17+00:00
Artvin,Yusufeli,YUSUFELİ,18216,2026-08-17T18:24:00.000Z,Açık,23.1,23.1,77,39,9,918.9,1004.1,,,0,0,0,0,0,0,,,20.11,2026-08-17T18:44:17+00:00
Artvin,Şavşat,ŞAVŞAT,18217,2026-08-17T18:23:00.000Z,Çok Bulutlu,17.6,17.6,100,112,1.8,885.1,1005.9,,,0,0,0,0,0,0.5,,,,2026-08-17T18:44:17+00:00
Artvin,Ardanuç,ARDANUÇ,18218,2026-08-17T18:24:00.000Z,Parçalı Bulutlu,21.3,21.3,88,261,2.16,948.1,1012.1,,,0,0.5,0,0,0.2,0.9,,,19.8,2026-08-17T18:44:17+00:00
Artvin,Arhavi,ARHAVİ,18554,2026-08-17T18:24:00.000Z,Çok Bulutlu,20,20,100,86,9,,,,,0,7.63,0,1.87,7.63,7.7,,,,2026-08-17T18:44:17+00:00
Artvin,Borçka,BORÇKA,18555,2026-08-17T18:24:00.000Z,Çok Bulutlu,20.9,20.9,97,289,4.32,,,,,0,5.35,0,1.29,4.94,5.35,,,20.54,2026-08-17T18:44:17+00:00
Artvin,Murgul,MURGUL,18556,2026-08-17T18:24:00.000Z,Çok Bulutlu,19.7,19.7,87,168,2.16,,,,,0,5.3,0,1.7,4.6,5.4,,,18.1,2026-08-17T18:44:17+00:00
Artvin,Şavşat,ŞAVŞAT/ÇUKUR YAYLASI,18715,2026-08-17T18:24:00.000Z,Parçalı Bulutlu,11.6,11.6,100,,,,,,,0,2.32,0,0.37,2.17,2.4,,,,2026-08-17T18:44:17+00:00
Artvin,Yusufeli,YUSUFELİ/DOKUMACILAR KÖYÜ,18716,2026-08-17T18:24:00.000Z,Parçalı Bulutlu,14.1,14.1,100,,,,,,,0,1.18,0,0,1.18,2.3,,,,2026-08-17T18:44:17+00:00
Artvin,Murgul,MURGUL KARAGÖL,18717,2026-08-17T18:24:00.000Z,Çok Bulutlu,11.9,11.9,100,,,,,,,0,5.01,0,0.76,4.74,5.14,,,,2026-08-17T18:44:17+00:00
Artvin,Arhavi,ARHAVİ/BOYUNCUK KÖYÜ,18931,2026-08-17T18:24:00.000Z,Çok Bulutlu,14.9,14.9,95,0,,,,,,0,8.9,0,0.84,8.18,9.04,,,14.31,2026-08-17T18:44:17+00:00
Artvin,Hopa,HOPA/ÇAVUŞLU KÖYÜ,18932,2026-08-17T18:24:00.000Z,Çok Bulutlu,19.7,19.7,89,,,,,,,0,4.21,0,1.87,3.19,4.21,,,18.35,2026-08-17T18:44:17+00:00
Artvin,Kemalpaşa,KEMALPAŞA/KÖPRÜCÜ KÖYÜ,18933,2026-08-17T18:24:00.000Z,Çok Bulutlu,20.4,20.4,99,,,,,,,0,0.21,0,0,0.21,0.21,,,20.29,2026-08-17T18:44:17+00:00
Artvin,Borçka,BORÇKA/ALACA KÖYÜ,18959,2026-08-17T18:23:00.000Z,Çok Bulutlu,17.9,17.9,95,,,,,,,0,2.38,0,0.73,2.33,2.38,,,17.3,2026-08-17T18:44:17+00:00
Artvin,Ardanuç,ARDANUÇ/OVACIK KÖYÜ,18962,2026-08-17T18:23:00.000Z,Az Bulutlu,16.9,16.9,93,,,,,,,0,1.6,0,0,1.6,2.07,,,16.07,2026-08-17T18:44:17+00:00
Artvin,Merkez,ARTVİN/MERSİVAN KAYAK MERKEZİ,18964,2026-08-17T18:23:00.000Z,Parçalı Bulutlu,14,14,99,136,2.16,,,,,0,18.42,0,0.98,18.39,18.42,,,13.86,2026-08-17T18:44:17+00:00
Artvin,Şavşat,ŞAVŞAT/MEYDANCIK KÖYÜ,18965,2026-08-17T18:23:00.000Z,Az Bulutlu,14.5,14.5,91,,,,,,,0,1.58,0,0.22,1.36,1.69,,,13.46,2026-08-17T18:44:17+00:00
Artvin,Şavşat,ŞAVŞAT/YAVUZKÖY,18966,2026-08-17T18:23:00.000Z,Çok Bulutlu,14.3,14.3,99,,,,,,,0,4.62,0,1.42,4.6,5.01,,,14.16,2026-08-17T18:44:17+00:00
Artvin,Yusufeli,YUSUFELİ/DARICA KÖYÜ,18967,2026-08-17T18:23:00.000Z,Açık,21.6,21.6,73,,,,,,,0,0,0,0,0,0,,,18.16,2026-08-17T18:44:17+00:00
Artvin,Yusufeli,YUSUFELİ/KILIÇKAYA KÖYÜ,18969,2026-08-17T18:23:00.000Z,Açık,17.9,17.9,77,,,,,,,0,1.43,0,1.43,1.43,2.03,,,15.16,2026-08-17T18:44:17+00:00
Artvin,Merkez,ARTVİN/YUKARIMADEN KÖYÜ,18970,2026-08-17T18:24:00.000Z,Açık,15.5,15.5,86,162,11.879999999999999,847.3,1006.2,,,0,0.15,0,0,0,0.4,,,13.88,2026-08-17T18:44:17+00:00
Artvin,Borçka,BORÇKA/CANKURTARAN GEÇİDİ,19046,2026-08-17T18:24:00.000Z,Çok Bulutlu,17.9,17.9,100,,,,,,,0,6.18,0,2.38,3.85,6.18,,,,2026-08-17T18:44:17+00:00
Artvin,Yusufeli,YUSUFELİ/YAMAÇÜSTÜ KÖYÜ,19047,2026-08-17T18:24:00.000Z,Açık,14.7,14.7,92,,,,,,,0,1.72,0,0,1.72,2.13,,,13.77,2026-08-17T18:44:17+00:00
Artvin,Yusufeli,YUSUFELİ/YAYLALAR KÖYÜ,19048,2026-08-17T18:24:00.000Z,Parçalı Bulutlu,12.6,12.6,90,,,,,,,0,3,0,0,2.66,3.64,,,11.48,2026-08-17T18:44:17+00:00
Artvin,Yusufeli,YUSUFELİ/ALTIPARMAK KÖYÜ,19049,2026-08-17T18:24:00.000Z,Parçalı Bulutlu,16.2,16.2,82,,,,,,,0,3.82,0,0,3.45,4.31,,,14.11,2026-08-17T18:44:17+00:00
Artvin,Merkez,ARTVİN/BEŞAĞIL KÖYÜ,19232,2026-08-17T18:24:00.000Z,Parçalı Bulutlu,17.7,17.7,91,,,,,,,0,6.5,0,3.7,6.4,6.5,,,16.62,2026-08-17T18:44:17+00:00
Artvin,Yusufeli,YUSUFELİ/DEMİRKÖY KÖYÜ,19233,2026-08-17T18:24:00.000Z,Az Bulutlu,19.9,19.9,89,,,,,,,0,0.17,0,0,0.14,0.3,,,18.55,2026-08-17T18:44:17+00:00
Artvin,Ardanuç,ARDANUÇ/AŞAĞI IRMAKLAR KÖYÜ,19373,2026-08-17T18:23:00.000Z,Parçalı Bulutlu,15.6,15.6,98,,,,,,,0,0.15,0,0,0.15,0.63,,,15.35,2026-08-17T18:44:17+00:00
Artvin,Ardanuç,ARDANUÇ/GEÇİTLİ KÖYÜ,19901,2026-08-17T18:21:00.000Z,Parçalı Bulutlu,13.1,13.1,96,144,1.08,,,,,0,0.28,0,0,0.17,0.98,,,12.62,2026-08-17T18:44:17+00:00
Artvin,Yusufeli,YUSUFELİ/DEMİRKENT,19925,2026-08-17T18:23:00.000Z,Açık,23.6,23.6,73,,,,,,,0,0,0,0,0,0,,,20.04,2026-08-17T18:44:17+00:00
Aydın,Efeler,AYDIN ÇILDIR HAVALİMANI,17227,2026-08-17T18:10:00.000Z,Açık,24.7,24.7,61,238,15.120000000000001,1004.8,1008.4,10000,0,0,0,0,0,0,0,,,19.38,2026-08-17T18:44:17+00:00
Aydın,Kuşadası,KUŞADASI,17232,2026-08-17T18:24:00.000Z,Açık,25.6,27,65,240,3.6,1007.2,1010.1,20000,0,0,0,0,0,0,0,,24.8,20.78,2026-08-17T18:44:17+00:00
Aydın,Didim,DİDİM,17233,2026-08-17T18:24:00.000Z,Açık,26,27.8,70,0,0,1004.1,1009.1,,,0,0,0,0,0,0,,,21.87,2026-08-17T18:44:17+00:00
Aydın,Efeler,AYDIN,17234,2026-08-17T18:24:00.000Z,Açık,25.5,26.6,59,273,7.2,1002.4,1008.7,20000,0,0,0,0,0,0,0,,,19.8,2026-08-17T18:44:17+00:00
Aydın,Sultanhisar,SULTANHİSAR,17850,2026-08-17T18:25:00.000Z,Açık,27,28.2,58,222,7.5600000000000005,1001.3,1009.5,,,0,0,0,0,0,0,,,20.99,2026-08-17T18:44:17+00:00
Aydın,Nazilli,NAZİLLİ,17860,2026-08-17T18:24:00.000Z,Açık,26.5,27.2,52,259,9.72,998.3,1007.7,34160,,0,0,0,0,0,0,,,19.61,2026-08-17T18:44:17+00:00
Aydın,Söke,SÖKE,17881,2026-08-17T18:24:00.000Z,Açık,25.2,26.2,56,233,17.28,1008.8,1010.2,74360,,0,0,0,0,0,0,,,19.09,2026-08-17T18:44:17+00:00
Aydın,Çine,ÇİNE,18023,2026-08-17T18:24:00.000Z,Açık,27,28.2,58,332,5.04,1000.8,1008.6,,,0,0,0,0,0,0.1,,,20.99,2026-08-17T18:44:17+00:00
Aydın,Çine,ÇİNE/KAVŞİT EKİP ORMAN SAHASI,18024,2026-08-17T18:24:00.000Z,Açık,22.5,22.5,66,202,2.52,931.1,1008.7,,,0,0,0,0,0,0.1,,,18.07,2026-08-17T18:44:17+00:00
Aydın,Karacasu,KARACASU,18025,2026-08-17T18:24:00.000Z,Açık,24.3,24.3,62,183,3.24,942.9,1005.9,,,0,0,0,0,0,0,,,19.16,2026-08-17T18:44:17+00:00
Aydın,İncirliova,İNCİRLİOVA/İNCİR ARŞ.(TAGEM),18026,2026-08-17T18:24:00.000Z,Açık,25,26.1,56,295,10.8,1003.7,1009.3,,,0,0,0,0,0,0,,,18.91,2026-08-17T18:44:17+00:00
Aydın,Bozdoğan,BOZDOĞAN,18027,2026-08-17T18:24:00.000Z,Az Bulutlu,27.3,27.8,48,192,1.8,991.8,1007.8,,,0,0,0,0,0,0.1,,,19.64,2026-08-17T18:44:17+00:00
Aydın,Buharkent,BUHARKENT,18425,2026-08-17T18:24:00.000Z,Açık,27.2,27.9,51,239,18.720000000000002,,,,,0,0,0,0,0,0,,,20.05,2026-08-17T18:44:17+00:00
Aydın,Germencik,GERMENCİK,18426,2026-08-17T18:24:00.000Z,Açık,25.4,26.3,54,193,3.6,,,,,0,0,0,0,0,0,,,18.96,2026-08-17T18:44:17+00:00
Aydın,Koçarlı,KOÇARLI,18427,2026-08-17T18:24:00.000Z,Açık,24.6,24.6,64,304,0,,,,,0,0.06,0,0,0,0.06,,,19.72,2026-08-17T18:44:17+00:00
Aydın,Köşk,KÖŞK,18428,2026-08-17T18:24:00.000Z,Açık,25.5,26.8,62,250,12.6,,,,,0,0,0,0,0,0,,,20.25,2026-08-17T18:44:17+00:00
Aydın,Kuyucak,KUYUCAK,18429,2026-08-17T18:24:00.000Z,Açık,25.2,26.4,61,236,12.6,,,,,0,0,0,0,0,0,,,19.83,2026-08-17T18:44:17+00:00
Aydın,Yenipazar,AYDIN/YENİPAZAR,18430,2026-08-17T18:24:00.000Z,Açık,25.4,26.7,63,263,13.68,,,,,0,0,0,0,0,0,,,20.3,2026-08-17T18:44:17+00:00
Aydın,Kuyucak,KUYUCAK/MUSAKOLU KÖYÜ,18596,2026-08-17T18:24:00.000Z,Açık,17.5,17.5,100,,,,,,,0,0,0,0,0,0,,,,2026-08-17T18:44:17+00:00
Aydın,Didim,DİDİM/AKBÜK BELDESİ,18808,2026-08-17T18:24:00.000Z,Açık,23.7,23.7,75,,,,,,,0,0,0,0,0,0,,,20.41,2026-08-17T18:44:17+00:00
Aydın,Çine,ÇİNE/BAHÇEARASI KÖYÜ,18809,2026-08-17T18:24:00.000Z,Açık,24.7,24.7,59,,,,,,,0,0,0,0,0,0,,,19.09,2026-08-17T18:44:17+00:00
Aydın,Söke,SÖKE/KARAKAYA KÖYÜ,18810,2026-08-17T18:24:00.000Z,Açık,,,54,,,,,,,0,0,0,0,0,0,,,,2026-08-17T18:44:17+00:00
Aydın,Çine,ÇİNE/HACIPAŞALAR KÖYÜ,18811,2026-08-17T18:24:00.000Z,Az Bulutlu,25.6,26.4,52,,,,,,,0,0,0,0,0,0,,,18.83,2026-08-17T18:44:17+00:00
Aydın,Karpuzlu,KARPUZLU,19124,2026-08-17T18:24:00.000Z,Açık,26.4,27.4,57,240,1.4400000000000002,,,,,0,0,0,0,0,0,,,20.3,2026-08-17T18:44:17+00:00
Aydın,Kuşadası,KUŞADASI/GÜZELÇAMLI,19125,2026-08-17T18:24:00.000Z,Açık,23.1,23.1,72,183,8.28,,,,,0,0,0,0,0,0,,,19.44,2026-08-17T18:44:17+00:00
Balıkesir,Bandırma,BANDIRMA,17114,2026-08-17T18:25:00.000Z,Açık,22.5,22.5,83,10,7.920000000000001,1003.3,1010.5,,,0,0,0,0,0,0,,,20.32,2026-08-17T18:44:17+00:00
Balıkesir,Bandırma,BANDIRMA HAVALİMANI,17115,2026-08-17T18:10:00.000Z,Açık,23.6,23.6,76,345,12.6,1006.1,1010.9,10000,0,0,0,0,0,0,0,,,20.45,2026-08-17T18:44:17+00:00
Balıkesir,Edremit,BALIKESİR KOCA SEYİT HAVALİMANI,17143,2026-08-17T18:05:00.000Z,Açık,26.4,27.1,51,60,17.64,1008.7,1010.1,10000,0,,0,0,0,0,0,,,19.36,2026-08-17T18:44:17+00:00
Balıkesir,Edremit,EDREMİT,17145,2026-08-17T18:24:00.000Z,Açık,26.5,27.6,58,116,2.52,1007.4,1009.8,,,0,0,0,0,0,0,,,20.55,2026-08-17T18:44:17+00:00
Balıkesir,Altıeylül,BALIKESİR HAVALİMANI,17150,2026-08-17T18:10:00.000Z,Açık,24.5,24.5,62,336,12.96,998.6,1011,10000,0,0,0,0,0,0,0,,,19.34,2026-08-17T18:44:17+00:00
Balıkesir,Balya,BALIKESİR/AKÇALDEDE RADAR SAHASI,17158,2026-08-17T18:24:00.000Z,Açık,19.5,19.5,0,28,13.32,939.4,1009.4,13750,,0,0,0,0,0,0,,,,2026-08-17T18:44:17+00:00
Balıkesir,Ayvalık,AYVALIK,17175,2026-08-17T18:25:00.000Z,Açık,25.7,27,63,334,4.32,1008.6,1009.1,15000,0,0,0,0,0,0,0,,24.8,20.58,2026-08-17T18:44:17+00:00
Balıkesir,Erdek,ERDEK,17635,2026-08-17T18:22:00.000Z,Açık,24.6,24.6,59,55,2.52,,,,,0,0,0,0,0,0,,,19.0,2026-08-17T18:44:17+00:00
Balıkesir,Gönen,BALIKESİR/GÖNEN,17674,2026-08-17T18:24:00.000Z,Açık,23.2,23.2,72,314,1.4400000000000002,1005.8,1010,,,0,0,0,0,0,0,,,19.53,2026-08-17T18:44:17+00:00
Balıkesir,Bigadiç,BİGADİÇ,17698,2026-08-17T18:23:00.000Z,Açık,20.8,20.8,76,311,3.9600000000000004,,,40,,0,0,0,0,0,0,,,17.79,2026-08-17T18:44:17+00:00
Balıkesir,Manyas,MANYAS,17699,2026-08-17T18:24:00.000Z,Açık,21.7,21.7,88,160,5.760000000000001,1007.1,1012.8,28970,,0,0,0,0,0,0,,,20.19,2026-08-17T18:44:17+00:00
Balıkesir,Dursunbey,DURSUNBEY,17700,2026-08-17T18:24:00.000Z,Açık,20.9,20.9,76,330,4.680000000000001,937.5,1008.8,43760,,0,0,0,0,0,0,,,17.89,2026-08-17T18:44:17+00:00
Balıkesir,Susurluk,SUSURLUK,17705,2026-08-17T18:23:00.000Z,Açık,22.6,22.6,83,24,9.360000000000001,,,,,0,0,0,0,0,0,,,20.42,2026-08-17T18:44:17+00:00
Balıkesir,Burhaniye,BURHANİYE,17722,2026-08-17T18:24:00.000Z,Açık,26.8,27.7,54,76,5.04,1006.1,1008.4,,,0,0,0,0,0,0,,,20.19,2026-08-17T18:44:17+00:00
Balıkesir,Gönen,GÖNEN/ÇİFTEÇEŞMELER KÖYÜ,17988,2026-08-17T18:24:00.000Z,Açık,22.8,22.8,77,218,1.8,991.7,1011.3,,,0,0,0,0,0,0,,,19.82,2026-08-17T18:44:17+00:00
Balıkesir,Kepsut,KEPSUT,18082,2026-08-17T18:24:00.000Z,Açık,24.1,24.1,67,353,12.6,998.8,1009.8,,,0,0,0,0,0,0,,,19.68,2026-08-17T18:44:17+00:00
Balıkesir,Dursunbey,DURSUNBEY/YAYLA ORMAN SAHASI,18431,2026-08-17T18:24:00.000Z,Açık,16.7,16.7,98,298,2.16,917,1009,,,0,0.07,0,0,0,0.07,,,16.45,2026-08-17T18:44:17+00:00
Balıkesir,İvrindi,İVRİNDİ,18432,2026-08-17T18:24:00.000Z,Açık,22.6,22.6,67,62,11.879999999999999,,,,,0,0,0,0,0,0,,,18.3,2026-08-17T18:44:17+00:00
Balıkesir,Altıeylül,ALTIEYLÜL,18433,2026-08-17T18:24:00.000Z,Açık,24.9,24.9,73,355,12.6,997.3,1009.7,,,0,0,0,0,0,0,,,21.27,2026-08-17T18:44:17+00:00
Balıkesir,Savaştepe,SAVAŞTEPE,18434,2026-08-17T18:24:00.000Z,Açık,21.7,21.7,66,68,3.9600000000000004,,,,,0,0,0,0,0,0,,,17.34,2026-08-17T18:44:17+00:00
Balıkesir,Kepsut,KEPSUT/DALKÖY,18597,2026-08-17T18:24:00.000Z,Açık,17.2,17.2,92,,,,,,,0,0,0,0,0,0,,,16.25,2026-08-17T18:44:17+00:00
Balıkesir,Dursunbey,DURSUNBEY/REŞADİYE MEVKİ,18598,2026-08-17T18:24:00.000Z,Açık,14.5,14.5,96,,,,,,,0,0,0,0,0,0,,,14.02,2026-08-17T18:44:17+00:00
Balıkesir,Balya,BALYA/HİSARALAN ORMAN SAHASI,18812,2026-08-17T18:24:00.000Z,Açık,19.3,19.3,79,36,2.16,,,,,0,0,0,0,0,0,,,16.73,2026-08-17T18:44:17+00:00
Balıkesir,Edremit,EDREMİT/KAZ DAĞI MİLLİ PARKI,18813,2026-08-17T18:24:00.000Z,Açık,17,17,68,,,,,,,0,0,0,0,0,0,,,13.25,2026-08-17T18:44:17+00:00
Balıkesir,Balya,BALYA/DÖRTYOL KÖYÜ,18814,2026-08-17T18:24:00.000Z,Açık,20.8,20.8,73,,,,,,,0,0,0,0,0,0,,,17.41,2026-08-17T18:44:17+00:00
Balıkesir,Altıeylül,ALTIEYLÜL/KİRAZPINAR KÖYÜ,18815,2026-08-17T18:24:00.000Z,Açık,20.7,20.7,68,,,,,,,0,0,0,0,0,0,,,16.68,2026-08-17T18:44:17+00:00
Balıkesir,Dursunbey,DURSUNBEY/KAVACIK BELDESİ,18816,2026-08-17T18:24:00.000Z,Açık,17.6,17.6,80,,,,,,,0,0,0,0,0,0,,,15.23,2026-08-17T18:44:17+00:00
Balıkesir,Bigadiç,BİGADİÇ/GEDİKTEPE,18907,2026-08-17T18:24:00.000Z,Açık,14.4,14.4,92,167,5.04,854.8,1005.7,,,0,0,0,0,0,0,,,13.48,2026-08-17T18:44:17+00:00
Balıkesir,Gömeç,GÖMEÇ,19126,2026-08-17T18:24:00.000Z,Açık,21.4,21.4,96,0,0,,,,,0,0,0,0,0,0,,,20.91,2026-08-17T18:44:17+00:00
Balıkesir,Havran,HAVRAN,19127,2026-08-17T18:24:00.000Z,Açık,25.9,27.1,60,33,10.44,,,,,0,0,0,0,0,0,,,20.31,2026-08-17T18:44:17+00:00
Balıkesir,Sındırgı,SINDIRGI,19128,2026-08-17T18:24:00.000Z,Açık,23.1,23.1,76,223,6.84,,,,,0,0,0,0,0,0,,,19.97,2026-08-17T18:44:17+00:00
Balıkesir,Edremit,EDREMİT/ALTINOLUK,19129,2026-08-17T18:24:00.000Z,Açık,25.1,26.3,61,56,4.32,,,,,0,0,0,0,0,0,,,19.74,2026-08-17T18:44:17+00:00
Bilecik,Merkez,BİLECİK,17120,2026-08-17T18:24:00.000Z,Açık,21.3,21.3,67,253,5.04,949.5,1009.3,20000,0,0,0,0,0,0,0,,,17.1,2026-08-17T18:44:17+00:00
Bilecik,Pazaryeri,PAZARYERİ,17701,2026-08-17T18:24:00.000Z,Açık,19.1,19.1,71,250,3.24,,,,,0,0,0,0,0,0,,,15.56,2026-08-17T18:44:17+00:00
Bilecik,Bozüyük,BOZÜYÜK,17702,2026-08-17T18:24:00.000Z,Açık,20.3,20.3,67,18,4.680000000000001,925.8,1008.5,,,0,0,0,0,0,0,,,16.18,2026-08-17T18:44:17+00:00
Bilecik,Söğüt,SÖĞÜT,17703,2026-08-17T18:25:00.000Z,Açık,20.7,20.7,68,213,6.12,932.9,1009.3,,,0,0,0,0,0,0,,,16.68,2026-08-17T18:44:17+00:00
Bilecik,Gölpazarı,GÖLPAZARI,18086,2026-08-17T18:24:00.000Z,Açık,19.2,19.2,74,46,5.760000000000001,950.2,1009.7,,,0,0,0,0,0,0,,,16.03,2026-08-17T18:44:17+00:00
Bilecik,Osmaneli,OSMANELİ,18087,2026-08-17T18:24:00.000Z,Açık,24.1,24.1,63,248,1.8,999.7,1010.6,,,0,0,0,0,0,0,,,19.12,2026-08-17T18:44:17+00:00
Bilecik,İnhisar,İNHİSAR,18380,2026-08-17T18:24:00.000Z,Açık,24.5,24.5,57,310,14.76,,,,,0,0,0,0,0,0,,,18.62,2026-08-17T18:44:17+00:00
Bilecik,Yenipazar,BİLECİK/YENİPAZAR,18381,2026-08-17T18:24:00.000Z,Açık,20.2,20.2,66,171,4.32,,,,,0,0,0,0,0,0,,,15.96,2026-08-17T18:44:17+00:00
Bilecik,Bozüyük,BOZÜYÜK/DODURGA BELDESİ,18828,2026-08-17T18:24:00.000Z,Açık,17.4,17.4,83,,,,,,,0,0,0,0,0,0,,,15.39,2026-08-17T18:44:17+00:00
Bilecik,Merkez,BİLECİK ŞEYH EDEBALİ ÜNİ.,18913,2026-08-17T18:22:00.000Z,Açık,21.2,21.2,76,335,5.760000000000001,947.9,1013.5,,,0,0,0,0,0,0,,,18.17,2026-08-17T18:44:17+00:00
Bilecik,Pazaryeri,PAZARYERİ/BOZCAARMUT KÖYÜ,18925,2026-08-17T18:24:00.000Z,Açık,16.8,16.8,89,0,0,890,1009.1,,,0,0,0,0,0,0,,,15.5,2026-08-17T18:44:17+00:00
Bilecik,Merkez,BİLECİK/ABADİYE KÖYÜ,19140,2026-08-17T18:24:00.000Z,Açık,18.8,18.8,91,,,,,,,0,0,0,0,0,0,,,17.71,2026-08-17T18:44:17+00:00
Bilecik,Söğüt,SÖĞÜT/KÜRE KÖYÜ,19141,2026-08-17T18:24:00.000Z,Açık,23.3,23.3,65,,,,,,,0,0,0,0,0,0,,,18.67,2026-08-17T18:44:17+00:00
Bilecik,Gölpazarı,GÖLPAZARI/KARAAĞAÇ KÖYÜ,19142,2026-08-17T18:24:00.000Z,Açık,22.8,22.8,68,,,,,,,0,0,0,0,0,0,,,18.62,2026-08-17T18:44:17+00:00
Bingöl,Merkez,BİNGÖL,17203,2026-08-17T18:24:00.000Z,Açık,24.9,24.9,30,0,0,883.3,1002.4,20000,0,0,0,0,0,0,0,,,14.52,2026-08-17T18:44:17+00:00
Bingöl,Solhan,SOLHAN,17776,2026-08-17T18:24:00.000Z,Açık,22.2,22.2,30,40,6.84,860.6,1001.7,64269,,0,0,0,0,0,0,,,12.48,2026-08-17T18:44:17+00:00
Bingöl,Genç,GENÇ,17808,2026-08-17T18:24:00.000Z,Açık,24.6,24.6,32,106,1.4400000000000002,898.8,1002.9,,,0,0,0,0,0,0,,,14.66,2026-08-17T18:44:17+00:00
Bingöl,Kiğı,KİĞI,18176,2026-08-17T18:24:00.000Z,Parçalı Bulutlu,21.3,21.3,51,35,4.680000000000001,848.7,1003.2,,,0,0,0,0,0,2.8,,,14.96,2026-08-17T18:44:17+00:00
Bingöl,Karlıova,KARLIOVA,18177,2026-08-17T18:24:00.000Z,Açık,15.8,15.8,60,99,1.8,816.4,1001.8,65600,,0,0,0,0,0,0,,,11.24,2026-08-17T18:44:17+00:00
Bingöl,Adaklı,ADAKLI,18348,2026-08-17T18:24:00.000Z,Açık,22.1,22.1,39,91,10.08,,,,,0,0,0,0,0,0,,,13.87,2026-08-17T18:44:17+00:00
Bingöl,Yayladere,YAYLADERE,18349,2026-08-17T18:24:00.000Z,Çok Bulutlu,21.5,21.5,41,202,5.760000000000001,,,,,0,0,0,0,0,5.19,,,13.69,2026-08-17T18:44:17+00:00
Bingöl,Yedisu,YEDİSU,18350,2026-08-17T18:24:00.000Z,Açık,20.3,20.3,48,124,5.760000000000001,,,,,0,0,0,0,0,1.09,,,13.69,2026-08-17T18:44:17+00:00
Bingöl,Genç,GENÇ/BAYIRLI KÖYÜ,18763,2026-08-17T18:24:00.000Z,Açık,21,21,41,,,,,,,0,0,0,0,0,0,,,13.28,2026-08-17T18:44:17+00:00
Bingöl,Karlıova,KARLIOVA/KAYNAK KÖYÜ,18764,2026-08-17T18:24:00.000Z,Açık,18.1,18.1,42,,,,,,,0,0.13,0,0,0,0.13,,,11.04,2026-08-17T18:44:17+00:00
Bingöl,Merkez,BİNGÖL/GAYT BARAJI,18953,2026-08-17T18:24:00.000Z,Açık,19.4,19.4,67,254,5.760000000000001,,,,,0,0,0,0,0,0,,,15.35,2026-08-17T18:44:17+00:00
Bingöl,Merkez,BİNGÖL/GÜLBAHAR BARAJI,18954,2026-08-17T18:24:00.000Z,Açık,22.1,22.1,29,0,0,,,,,0,0,0,0,0,0,,,12.23,2026-08-17T18:44:17+00:00
Bingöl,Merkez,BİNGÖL/ALATEPE KÖYÜ,19081,2026-08-17T18:24:00.000Z,Açık,21.7,21.7,35,,,,,,,0,0,0,0,0,0,,,12.92,2026-08-17T18:44:17+00:00
Bingöl,Merkez,BİNGÖL/YOLÇATI KÖYÜ,19082,2026-08-17T18:24:00.000Z,Açık,22,22,41,,,,,,,0,0,0,0,0,0.07,,,14.1,2026-08-17T18:44:17+00:00
Bingöl,Merkez,BİNGÖL/SANCAK KÖYÜ,19259,2026-08-17T18:24:00.000Z,Az Bulutlu,20.6,20.6,46,,,,,,,0,0,0,0,0,0,,,13.66,2026-08-17T18:44:17+00:00
Bingöl,Merkez,BİNGÖL/HESAREK KAYAK MERKEZİ,19917,2026-08-17T18:24:00.000Z,Açık,19.8,19.8,39,178,19.8,,,,,0,0,0,0,0,0.12,,,12.01,2026-08-17T18:44:17+00:00
Bitlis,Tatvan,TATVAN,17205,2026-08-17T18:23:00.000Z,Açık,19.9,19.9,32,0,0,832.8,1002.1,21920,,0,0,0,0,0,0,,,11.05,2026-08-17T18:44:17+00:00
Bitlis,Merkez,BİTLİS,17208,2026-08-17T18:24:00.000Z,Açık,18.2,18.2,37,0,0,820.4,1001.4,20000,0,0,0,0,0,0,0,,,10.45,2026-08-17T18:44:17+00:00
Bitlis,Ahlat,AHLAT,17810,2026-08-17T18:24:00.000Z,Açık,18.7,18.7,34,112,1.8,827.1,1003.2,,,0,0,0,0,0,0,,,10.42,2026-08-17T18:44:17+00:00
Bitlis,Adilcevaz,ADİLCEVAZ,18576,2026-08-17T18:24:00.000Z,Açık,21.5,21.5,34,305,7.2,,,,,0,0,0,0,0,0,,,12.61,2026-08-17T18:44:17+00:00
Bitlis,Güroymak,GÜROYMAK,18577,2026-08-17T18:03:00.000Z,Açık,20.2,20.2,35,82,4.32,,,,,,0,0,0,0,0,,,11.74,2026-08-17T18:44:17+00:00
Bitlis,Hizan,HİZAN,18578,2026-08-17T18:24:00.000Z,Açık,19.1,19.1,48,282,1.8,,,,,0,0,0,0,0,0,,,12.66,2026-08-17T18:44:17+00:00
Bitlis,Mutki,MUTKİ,18579,2026-08-17T18:24:00.000Z,Açık,20.7,20.7,35,158,10.8,,,,,0,0,0,0,0,0,,,12.14,2026-08-17T18:44:17+00:00
Bitlis,Tatvan,TATVAN/YELKENLİ BELDESİ,19091,2026-08-17T18:24:00.000Z,Açık,21.8,21.8,35,,,,,,,0,0,0,0,0,0,,,13.0,2026-08-17T18:44:17+00:00
Bitlis,Ahlat,AHLAT/BURCUKAYA KÖYÜ,19092,2026-08-17T18:24:00.000Z,Az Bulutlu,17.5,17.5,41,,,,,,,0,0,0,0,0,0,,,10.42,2026-08-17T18:44:17+00:00
Bitlis,Adilcevaz,ADİLCEVAZ/ÇANAKYAYLA KÖYÜ,19266,2026-08-17T18:24:00.000Z,Açık,13.7,13.7,50,,,,,,,0,0,0,0,0,0,,,8.28,2026-08-17T18:44:17+00:00
Bolu,Merkez,BOLU,17070,2026-08-17T18:24:00.000Z,Az Bulutlu,19.1,19.1,81,97,6.48,927.3,1009.1,15000,2,0,0,0,0,0,0,,,16.79,2026-08-17T18:44:17+00:00
Bolu,Merkez,BOLU DAĞI,17637,2026-08-17T18:24:00.000Z,Pus,17.9,17.9,96,43,7.2,,,5970,,0,0,0,0,0,0,,,17.42,2026-08-17T18:44:17+00:00
Bolu,Gerede,GEREDE,17642,2026-08-17T18:24:00.000Z,Açık,14.7,14.7,86,101,3.6,873.5,1010.1,17690,,0,5.2,0,2,5.2,5.2,,,13.1,2026-08-17T18:44:17+00:00
Bolu,Seben,SEBEN,17693,2026-08-17T18:24:00.000Z,Açık,19.4,19.4,85,30,5.04,,,,,0,0,0,0,0,0,,,17.57,2026-08-17T18:44:17+00:00
Bolu,Kıbrıscık,KIBRISCIK,17694,2026-08-17T18:24:00.000Z,Açık,16.8,16.8,,306,1.4400000000000002,879.7,1008.3,59790,,0,2.4,0,0,2.4,2.4,,,,2026-08-17T18:44:17+00:00
Bolu,Mudurnu,MUDURNU,18158,2026-08-17T18:24:00.000Z,Az Bulutlu,17.1,17.1,83,61,1.4400000000000002,923.9,1009.9,,,0,0,0,0,0,0,,,15.1,2026-08-17T18:44:17+00:00
Bolu,Merkez,BOLU/BATI KARADENİZ ORMAN ARŞ.,18239,2026-08-17T18:24:00.000Z,Parçalı Bulutlu,13.6,13.6,89,5,4.32,865.6,1008.7,,,0,0,0,0,0,0,,,12.36,2026-08-17T18:44:17+00:00
Bolu,Göynük,GÖYNÜK,18246,2026-08-17T18:24:00.000Z,Açık,18.2,18.2,76,179,0,,,,,0,0,0,0,0,0,,,15.32,2026-08-17T18:44:17+00:00
Bolu,Mengen,MENGEN,18247,2026-08-17T18:24:00.000Z,Açık,19.9,19.9,69,270,5.04,,,,,0,0,0,0,0,0,,,16.06,2026-08-17T18:44:17+00:00
Bolu,Yeniçağa,YENİÇAĞA,18248,2026-08-17T17:37:00.000Z,Açık,,,,243,2.16,,,,,,0,0,0,0,0,,,,2026-08-17T18:44:17+00:00
Bolu,Gerede,GEREDE/SAMAT KÖYÜ,18693,2026-08-17T18:24:00.000Z,Açık,14.3,14.3,78,,,,,,,0,2.77,0,0.84,2.77,2.77,,,11.84,2026-08-17T18:44:17+00:00
Bolu,Dörtdivan,DÖRTDİVAN/ÇETİKÖREN KÖYÜ,18694,2026-08-17T18:24:00.000Z,Az Bulutlu,14.2,14.2,95,,,,,,,0,2.77,0,0,2.77,2.77,,,13.61,2026-08-17T18:44:17+00:00
Bolu,Mudurnu,MUDURNU/ABANT GÖLÜ,18695,2026-08-17T18:24:00.000Z,Çok Bulutlu,15.2,15.2,88,,,,,,,0,0,0,0,0,0,,,13.82,2026-08-17T18:44:17+00:00
Bolu,Göynük,GÖYNÜK/HİMMETOĞLU KÖYÜ,19011,2026-08-17T18:24:00.000Z,Açık,20,20,76,,,,,,,0,0,0,0,0,0,,,17.03,2026-08-17T18:44:17+00:00
Bolu,Merkez,BOLU/ÇELE ORMAN SAHASI,19012,2026-08-17T18:24:00.000Z,Açık,14.7,14.7,98,18,2.16,,,,,0,0,0,0,0,0,,,14.45,2026-08-17T18:44:17+00:00
Bolu,Merkez,BOLU/BALTALI KÖYÜ,19013,2026-08-17T18:24:00.000Z,Açık,13.6,13.6,100,,,,,,,0,1.48,0,1.48,1.48,1.48,,,,2026-08-17T18:44:17+00:00
Bolu,Dörtdivan,DÖRTDİVAN,19208,2026-08-17T17:42:00.000Z,Açık,14.7,14.7,96,305,2.8800000000000003,,,13191,,,4.86,0,0,4.86,4.86,,,14.22,2026-08-17T18:44:17+00:00
Bolu,Merkez,BOLU/YEDİGÖLLER MİLLİ PARKI,19209,2026-08-17T18:24:00.000Z,Açık,16.9,16.9,84,,,,,,,0,0,0,0,0,0,,,15.02,2026-08-17T18:44:17+00:00
Burdur,Merkez,BURDUR,17238,2026-08-17T18:24:00.000Z,Çok Bulutlu,23.3,23.3,39,182,5.04,903,1005.4,20000,6,0,0.6,0,0,0,0.6,,,14.84,2026-08-17T18:44:17+00:00
Burdur,Gölhisar,GÖLHİSAR,17891,2026-08-17T18:24:00.000Z,Az Bulutlu,20.9,20.9,71,259,3.24,902.5,1009,55100,,0,0,0,0,0,0,,,17.25,2026-08-17T18:44:17+00:00
Burdur,Tefenni,TEFENNİ,17892,2026-08-17T18:24:00.000Z,Az Bulutlu,20.1,20.1,65,233,2.16,883.1,1004.4,,,0,0,0,0,0,0,,,15.74,2026-08-17T18:44:17+00:00
Burdur,Bucak,BUCAK/SEYDİKÖY,17894,2026-08-17T18:24:00.000Z,Açık,20.9,20.9,61,84,15.120000000000001,912.7,1007.2,,,0,0,0,0,0,0,,,15.95,2026-08-17T18:44:17+00:00
Burdur,Bucak,BUCAK/KARACAÖREN,18111,2026-08-17T18:23:00.000Z,Açık,21.4,21.4,82,304,0.7200000000000001,968,1010.1,,,0,20.5,0,3.7,20.5,20.5,,,19.13,2026-08-17T18:44:17+00:00
Burdur,Ağlasun,AĞLASUN,18112,2026-08-17T18:24:00.000Z,Parçalı Bulutlu,17.2,17.2,92,6,4.680000000000001,884.4,1005.7,,,0,1.4,0,0.1,1.4,2,,,16.25,2026-08-17T18:44:17+00:00
Burdur,Yeşilova,YEŞİLOVA,18113,2026-08-17T18:23:00.000Z,Az Bulutlu,18.5,18.5,74,168,6.12,878.1,1005.6,,,0,0.3,0,0.3,0.3,0.3,,,15.37,2026-08-17T18:44:17+00:00
Burdur,Altınyayla,BURDUR/ALTINYAYLA,18308,2026-08-17T18:24:00.000Z,Açık,16.9,16.9,76,81,6.12,,,,,0,0,0,0,0,0,,,14.09,2026-08-17T18:44:17+00:00
Burdur,Çavdır,ÇAVDIR,18309,2026-08-17T18:24:00.000Z,Az Bulutlu,21.4,21.4,55,291,5.04,,,,,0,0,0,0,0,0,,,15.59,2026-08-17T18:44:17+00:00
Burdur,Çavdır,ÇAVDIR/SÖĞÜT BELDESİ,18310,2026-08-17T18:24:00.000Z,Açık,18.5,18.5,100,168,5.04,,,,,0,0,0,0,0,0,,,,2026-08-17T18:44:17+00:00
Burdur,Çeltikçi,ÇELTİKÇİ,18311,2026-08-17T18:24:00.000Z,Parçalı Bulutlu,17.9,17.9,85,293,3.24,,,,,0,0.05,0,0,0,0.14,,,16.11,2026-08-17T18:44:17+00:00
Burdur,Karamanlı,KARAMANLI,18312,2026-08-17T18:24:00.000Z,Az Bulutlu,19.5,19.5,66,346,3.6,,,,,0,0,0,0,0,0,,,15.32,2026-08-17T18:44:17+00:00
Burdur,Kemer,BURDUR/KEMER,18313,2026-08-17T18:24:00.000Z,Açık,19.7,19.7,61,184,6.48,,,,,0,0.17,0,0.17,0.17,0.17,,,14.87,2026-08-17T18:44:17+00:00
Burdur,Merkez,MEHMET AKİF ERSOY ÜNİVERSİTESİ,18314,2026-08-17T18:24:00.000Z,Parçalı Bulutlu,19.7,19.7,58,138,10.08,,,,,0,0.8,0,0,0,1,,,14.48,2026-08-17T18:44:17+00:00
Burdur,Gölhisar,GÖLHİSAR/ELMALIYURT MEVKİ,18620,2026-08-17T18:24:00.000Z,Açık,13.9,13.9,100,,,,,,,0,0.36,0,0.36,0.36,0.36,,,,2026-08-17T18:44:17+00:00
Burdur,Merkez,BURDUR/ERİKLİ MEVKİ,18621,2026-08-17T18:24:00.000Z,Az Bulutlu,16.5,16.5,100,,,,,,,0,0,0,0,0,0,,,,2026-08-17T18:44:17+00:00
Burdur,Merkez,BURDUR/YAYLABELİ KÖYÜ,18622,2026-08-17T18:24:00.000Z,Az Bulutlu,19.7,19.7,71,,,,,,,0,0,0,0,0,0,,,16.13,2026-08-17T18:44:17+00:00
Burdur,Tefenni,TEFENNİ/BELKAYA KÖYÜ,18623,2026-08-17T18:24:00.000Z,Parçalı Bulutlu,20.5,20.5,65,,,,,,,0,0,0,0,0,0,,,16.11,2026-08-17T18:44:17+00:00
Burdur,Bucak,BUCAK/KIZILKAYA BELDESİ,18841,2026-08-17T18:24:00.000Z,Açık,20.6,20.6,66,,,,,,,0,0,0,0,0,0.05,,,16.33,2026-08-17T18:44:17+00:00
Burdur,Bucak,BUCAK/PAMUCAK ORMAN SAHASI,18842,2026-08-17T18:24:00.000Z,Açık,16.9,16.9,80,116,0,,,,,0,0,0,0,0,0.09,,,14.55,2026-08-17T18:44:17+00:00
Burdur,Yeşilova,YEŞİLOVA/BAYINDIR KÖYÜ,18843,2026-08-17T18:24:00.000Z,Az Bulutlu,22.7,22.7,53,,,,,,,0,0.19,0,0,0,0.38,,,16.45,2026-08-17T18:44:17+00:00
Burdur,Merkez,BURDUR GÖLÜ,18995,2026-08-17T18:24:00.000Z,Parçalı Bulutlu,21.1,21.1,67,140,1.4400000000000002,914.1,1007.5,71980,,0,0.05,0,0,0,0.16,,,16.92,2026-08-17T18:44:17+00:00
Burdur,Yeşilova,YEŞİLOVA/HARMANLI KÖYÜ,19157,2026-08-17T18:25:00.000Z,Az Bulutlu,20.2,20.2,65,,,,,,,0,0,0,0,0,0,,,15.83,2026-08-17T18:44:17+00:00
Burdur,Ağlasun,AĞLASUN/YUMRUTAŞ KÖYÜ,19158,2026-08-17T18:24:00.000Z,Açık,17.6,17.6,69,,,,,,,0,0.24,0,0,0.24,1.92,,,13.93,2026-08-17T18:44:17+00:00
Bursa,Osmangazi,BURSA,17116,2026-08-17T18:23:00.000Z,Açık,25,26.3,61,24,8.28,998.6,1009.9,20000,0,0,0,0,0,0,0,,,19.65,2026-08-17T18:44:17+00:00
Bursa,Yenişehir,BURSA YENİŞEHİR HAVALİMANI,17118,2026-08-17T18:10:00.000Z,Açık,23.6,23.6,65,58,6.12,984.1,1011.3,10000,0,0,0,0,0,0,0,,,18.95,2026-08-17T18:44:17+00:00
Bursa,İznik,İZNİK,17661,2026-08-17T18:24:00.000Z,Açık,24.2,24.2,64,130,5.760000000000001,998.6,1008.8,,,0,0,0,0,0,0,,,19.35,2026-08-17T18:44:17+00:00
Bursa,Gemlik,GEMLİK,17663,2026-08-17T18:24:00.000Z,Açık,25.1,26.2,56,81,13.32,998,1007.6,,,0,0,0,0,0,0,,,19.0,2026-08-17T18:44:17+00:00
Bursa,Karacabey,KARACABEY,17673,2026-08-17T18:24:00.000Z,Açık,23.6,23.6,70,71,9.360000000000001,,,,,0,0,0,0,0,0,,,19.63,2026-08-17T18:44:17+00:00
Bursa,Mustafakemalpaşa,MUSTAFAKEMALPAŞA,17675,2026-08-17T18:24:00.000Z,Açık,23.2,23.2,96,36,5.4,1008.1,1012.1,,,0,0,0,0,0,0,,,22.71,2026-08-17T18:44:17+00:00
Bursa,Osmangazi,ULUDAĞ,17676,2026-08-17T18:24:00.000Z,Açık,9.9,9.9,37,143,3.24,812.6,1011.1,,,0,0,0,0,0,0,,,3.83,2026-08-17T18:44:17+00:00
Bursa,Keles,KELES,17695,2026-08-17T18:24:00.000Z,Açık,16.9,16.9,85,27,9.360000000000001,893.7,1007.8,29430,,0,0,0,0,0,0,,,15.13,2026-08-17T18:44:17+00:00
Bursa,Orhaneli,ORHANELİ,18083,2026-08-17T18:24:00.000Z,Açık,21.7,21.7,68,241,3.24,951.5,1009.3,,,0,0,0,0,0,0,,,17.6,2026-08-17T18:44:17+00:00
Bursa,Büyükorhan,BÜYÜKORHAN,18382,2026-08-17T18:24:00.000Z,Açık,19.6,19.6,73,258,6.84,,,,,0,0.05,0,0,0,0.05,,,16.28,2026-08-17T18:44:17+00:00
Bursa,Harmancık,HARMANCIK,18383,2026-08-17T18:24:00.000Z,Açık,20.3,20.3,68,333,5.760000000000001,,,,,0,0.05,0,0,0,0.05,,,16.31,2026-08-17T18:44:17+00:00
Bursa,Kestel,KESTEL,18384,2026-08-17T18:24:00.000Z,Açık,22.6,22.6,65,137,7.2,,,,,0,0,0,0,0,0,,,18.03,2026-08-17T18:44:17+00:00
Bursa,Mudanya,MUDANYA,18385,2026-08-17T18:24:00.000Z,Açık,25,27.5,87,52,16.92,,,,,0,0,0,0,0,0,,,23.29,2026-08-17T18:44:17+00:00
Bursa,Nilüfer,NİLÜFER,18386,2026-08-17T18:24:00.000Z,Açık,24.4,24.4,67,325,7.5600000000000005,,,,,0,0,0,0,0,0,,,19.96,2026-08-17T18:44:17+00:00
Bursa,Orhangazi,ORHANGAZİ,18387,2026-08-17T18:24:00.000Z,Açık,24,24,69,309,9.72,,,,,0,0,0,0,0,0,,,19.87,2026-08-17T18:44:17+00:00
Bursa,Osmangazi,OSMANGAZİ/GÜNDOĞDU,18741,2026-08-17T18:24:00.000Z,Açık,21.5,21.5,81,,,,,,,0,0,0,0,0,0,,,19.1,2026-08-17T18:44:17+00:00
Bursa,Yenişehir,YENİŞEHİR/ALAYLI KÖYÜ,18743,2026-08-17T18:24:00.000Z,Açık,20.4,20.4,80,,,,,,,0,0.87,0,0.87,0.87,0.87,,,17.91,2026-08-17T18:44:17+00:00
Bursa,Gürsu,GÜRSU,18745,2026-08-17T18:24:00.000Z,Açık,24.1,24.1,72,,,,,,,0,0,0,0,0,0,,,20.38,2026-08-17T18:44:17+00:00
Bursa,Yıldırım,YILDIRIM,18746,2026-08-17T18:24:00.000Z,Açık,25.7,27,63,,,,,,,0,0,0,0,0,0,,,20.58,2026-08-17T18:44:17+00:00
Bursa,İznik,İZNİK/BURSA RADAR SAHASI,18755,2026-08-17T18:24:00.000Z,Parçalı Bulutlu,14,14,97,356,0,877.5,1011.4,,,0,0,0,0,0,0,,,13.63,2026-08-17T18:44:17+00:00
Bursa,Osmangazi,OSMANGAZİ/SARIALAN,18756,2026-08-17T18:24:00.000Z,Açık,8.7,8.7,95,,,,,,,0,0,0,0,0,0,,,8.13,2026-08-17T18:44:17+00:00
Bursa,Karacabey,KARACABEY/BAYRAMDERE GÖLETİ,18829,2026-08-17T18:24:00.000Z,Açık,20.2,20.2,93,,,,,,,0,0,0,0,0,0,,,19.34,2026-08-17T18:44:17+00:00
Bursa,Mustafakemalpaşa,MUSTAFAKEMALPAŞA/ ESKİKIZILELMA KÖYÜ,18830,2026-08-17T18:24:00.000Z,Açık,18.9,18.9,99,,,,,,,0,0,0,0,0,0,,,18.78,2026-08-17T18:44:17+00:00
Bursa,Mustafakemalpaşa,MUSTAFAKEMALPAŞA/GÜRGENDAĞ ORMAN SAHASI,18831,2026-08-17T18:24:00.000Z,Açık,19.1,19.1,98,286,5.4,,,,,0,0,0,0,0,0,,,18.86,2026-08-17T18:44:17+00:00
Bursa,Yenişehir,BURSA/YENİŞEHİR,19279,2026-08-17T18:23:00.000Z,Açık,,,,59,4.680000000000001,,,34840,,0,0,0,0,0,0,,,,2026-08-17T18:44:17+00:00
Bursa,Osmangazi,ULUDAĞ TELEFERİK,19915,2026-08-17T18:24:00.000Z,Açık,14,14,33,142,5.4,821.1,1007.9,,,0,0,0,0,0,0,,,6.64,2026-08-17T18:44:17+00:00
Çanakkale,Gökçeada,ÇANAKKALE GÖKÇEADA HAVALİMANI,17109,2026-08-17T18:07:00.000Z,Açık,20.7,20.7,89,0,0,1008.2,1010.9,6100,,,0,0,0,0,0,,,19.33,2026-08-17T18:44:17+00:00
Çanakkale,Gökçeada,GÖKÇEADA,17110,2026-08-17T18:29:00.000Z,Açık,23.7,23.7,71,0,0,1001.3,1010.3,,,0,0,0,0,0,0,,,19.86,2026-08-17T18:44:17+00:00
Çanakkale,Bozcaada,BOZCAADA,17111,2026-08-17T18:29:00.000Z,Açık,21.8,21.8,76,0,6.48,1007.3,1010.8,,,0,0,0,0,0,0,,,18.74,2026-08-17T18:44:17+00:00
Çanakkale,Merkez,ÇANAKKALE,17112,2026-08-17T18:29:00.000Z,Açık,25.8,27.2,64,77,2.8800000000000003,1009.3,1010,20000,0,0,0,0,0,0,0,,24.4,20.81,2026-08-17T18:44:17+00:00
Çanakkale,Merkez,ÇANAKKALE HAVALİMANI,17113,2026-08-17T18:10:00.000Z,Açık,23.5,23.5,75,39,7.2,1009.6,1010.5,10000,0,,0,0,0,0,0,,,20.22,2026-08-17T18:44:17+00:00
Çanakkale,Biga,BİGA/KEMER KÖYÜ,17614,2026-08-17T18:24:00.000Z,Açık,23.9,23.9,60,0,0,1004.4,1010.8,,,0,0,0,0,0,0,,,18.51,2026-08-17T18:44:17+00:00
Çanakkale,Ezine,EZİNE,17671,2026-08-17T18:29:00.000Z,Açık,24.4,24.4,61,209,2.52,,,75000,,0,0,0,0,0,0,,,19.11,2026-08-17T18:44:17+00:00
Çanakkale,Gelibolu,GELİBOLU,17773,2026-08-17T18:29:00.000Z,Açık,23.9,23.9,78,72,12.24,1004.8,1010.6,,,0,0,0,0,0,0,,,21.0,2026-08-17T18:44:17+00:00
Çanakkale,Yenice,ÇANAKKALE/YENİCE,18085,2026-08-17T18:29:00.000Z,Açık,20.6,20.6,72,333,1.8,982,1009.6,36420,,0,0,0,0,0,0,,,17.09,2026-08-17T18:44:17+00:00
Çanakkale,Ayvacık,ÇANAKKALE/AYVACIK,18435,2026-08-17T18:29:00.000Z,Açık,22.9,22.9,60,347,5.4,,,,,0,0,0,0,0,0,,,17.62,2026-08-17T18:44:17+00:00
Çanakkale,Bayramiç,BAYRAMİÇ,18436,2026-08-17T18:29:00.000Z,Açık,22.5,22.5,62,63,5.4,,,,,0,0,0,0,0,0,,,17.53,2026-08-17T18:44:17+00:00
Çanakkale,Çan,ÇAN,18437,2026-08-17T18:29:00.000Z,Açık,23.1,23.1,58,223,2.16,,,,,0,0,0,0,0,0,,,17.51,2026-08-17T18:44:17+00:00
Çanakkale,Lapseki,LAPSEKİ,18438,2026-08-17T18:29:00.000Z,Açık,23.4,23.4,66,58,5.4,,,,,0,0,0,0,0,0,,,18.9,2026-08-17T18:44:17+00:00
Çanakkale,Eceabat,ECEABAT MİLLİ PARKI,18580,2026-08-17T18:29:00.000Z,Açık,23,23,76,89,2.52,,,,,0,0,0,0,0,0,,,19.88,2026-08-17T18:44:17+00:00
Çanakkale,Bayramiç,BAYRAMİÇ/KARAKÖY KÖYÜ,18817,2026-08-17T18:29:00.000Z,Açık,18.6,18.6,78,,,,,,,0,0,0,0,0,0,,,15.94,2026-08-17T18:44:17+00:00
Çanakkale,Merkez,ÇANAKKALE/KİRAZLI BELDESİ,18818,2026-08-17T18:29:00.000Z,Açık,21.5,21.5,64,,,,,,,0,0,0,0,0,0,,,16.89,2026-08-17T18:44:17+00:00
Çanakkale,Ezine,EZİNE/ÇAMLICA KÖYÜ ORMAN SAHASI,18819,2026-08-17T18:29:00.000Z,Açık,22,22,63,39,14.04,,,,,0,0,0,0,0,0,,,17.21,2026-08-17T18:44:17+00:00
Çanakkale,Merkez,AYVACIK/BEHRAM,19130,2026-08-17T18:29:00.000Z,Açık,26.1,27.2,59,36,13.32,,,,,0,0,0,0,0,0,,,20.34,2026-08-17T18:44:17+00:00
Çanakkale,Merkez,YENİCE/TABANKÖY,19131,2026-08-17T18:29:00.000Z,Açık,18.9,18.9,82,,,,,,,0,0,0,0,0,0,,,16.72,2026-08-17T18:44:17+00:00
Çanakkale,Merkez,YENİCE/AŞAĞIÇAVUŞ KÖYÜ,19132,2026-08-17T18:29:00.000Z,Açık,19,19,75,,,,,,,0,0,0,0,0,0,,,15.96,2026-08-17T18:44:17+00:00
Çankırı,Merkez,ÇANKIRI,17080,2026-08-17T18:29:00.000Z,Parçalı Bulutlu,22,22,63,333,9.360000000000001,924.7,,15000,4,0,0,0,0,0,0,,,17.21,2026-08-17T18:44:17+00:00
Çankırı,Kurşunlu,KURŞUNLU,17643,2026-08-17T18:29:00.000Z,Çok Bulutlu,15.6,15.6,97,272,9,888.9,1005.6,,,0,45.8,0,36.2,36.4,45.8,,,15.23,2026-08-17T18:44:17+00:00
Çankırı,Çerkeş,ÇERKEŞ,17646,2026-08-17T18:29:00.000Z,Parçalı Bulutlu,14,14,100,48,1.8,886.9,1010.2,20540,,0,5.4,0,3.2,5.4,5.4,,,,2026-08-17T18:44:17+00:00
Çankırı,Yapraklı,YAPRAKLI,17647,2026-08-17T18:29:00.000Z,Az Bulutlu,17.8,17.8,67,352,20.52,871.1,1006.6,74410,,0,0.1,0,0.1,0.1,0.1,,,13.87,2026-08-17T18:44:17+00:00
Çankırı,Ilgaz,ILGAZ,17648,2026-08-17T18:29:00.000Z,Az Bulutlu,19.4,19.4,79,196,3.6,912.3,1008.4,,,0,0,0,0,0,0,,,16.83,2026-08-17T18:44:17+00:00
Çankırı,Şabanözü,ŞABANÖZÜ,17665,2026-08-17T18:29:00.000Z,Parçalı Bulutlu,18.5,18.5,65,303,10.44,893.2,1006.8,,,0,0,0,0,0,0,,,14.28,2026-08-17T18:44:17+00:00
Çankırı,Kızılırmak,KIZILIRMAK,18079,2026-08-17T18:29:00.000Z,Az Bulutlu,24.3,24.3,47,85,4.680000000000001,944.9,1007.8,,,0,0,0,0,0,0,,,16.94,2026-08-17T18:44:17+00:00
Çankırı,Eldivan,ELDİVAN BELEDİYE,18080,2026-08-17T18:29:00.000Z,Az Bulutlu,17.7,17.7,69,187,5.04,908.6,1008.6,,,0,0,0,0,0,0,,,14.02,2026-08-17T18:44:17+00:00
Çankırı,Atkaracalar,ATKARACALAR,18249,2026-08-17T18:29:00.000Z,Çok Bulutlu,13.8,13.8,93,202,4.32,,,,,0,6.8,0,4.39,4.81,6.8,,,12.99,2026-08-17T18:44:17+00:00
Çankırı,Bayramören,BAYRAMÖREN,18251,2026-08-17T18:29:00.000Z,Pus,13.2,13.2,95,43,6.84,,,11570,,0,10.67,0,10.4,10.67,10.67,,,12.61,2026-08-17T18:44:17+00:00
Çankırı,Korgun,KORGUN,18252,2026-08-17T18:29:00.000Z,Parçalı Bulutlu,18.7,18.7,72,339,19.44,,,,,0,0,0,0,0,0,,,15.31,2026-08-17T18:44:17+00:00
Çankırı,Orta,ORTA,18253,2026-08-17T18:29:00.000Z,Parçalı Bulutlu,15.1,15.1,97,326,11.16,,,,,0,0.36,0,0,0,0.56,,,14.73,2026-08-17T18:44:17+00:00
Çankırı,Bayramören,BAYRAMÖREN/KAVAKKÖY KÖYÜ,18696,2026-08-17T18:29:00.000Z,Parçalı Bulutlu,16,16,100,,,,,,,0,6.13,0,6.13,6.13,6.13,,,,2026-08-17T18:44:17+00:00
Çankırı,Merkez,ÇANKIRI/PEHLİVANLI KÖYÜ,18697,2026-08-17T18:29:00.000Z,Parçalı Bulutlu,20.5,20.5,72,,,,,,,0,0,0,0,0,0,,,17.0,2026-08-17T18:44:17+00:00
Çankırı,Orta,ORTA/KAYIÖREN KÖYÜ,18698,2026-08-17T18:19:00.000Z,Parçalı Bulutlu,13.9,13.9,100,,,,,,,0,0.53,0,0,0,0.53,,,,2026-08-17T18:44:17+00:00
Çankırı,Merkez,ÇANKIRI/TÜNEY KÖYÜ,19014,2026-08-17T18:29:00.000Z,Az Bulutlu,20.7,20.7,67,,,,,,,0,0,0,0,0,0,,,16.55,2026-08-17T18:44:17+00:00
Çankırı,Yapraklı,YAPRAKLI/MÜSELLİM KÖYÜ,19015,2026-08-17T18:29:00.000Z,Açık,17.2,17.2,76,,,,,,,0,0.27,0,0.27,0.27,0.27,,,14.37,2026-08-17T18:44:17+00:00
Çankırı,Çerkeş,ÇERKEŞ/GÖYNÜKÇUKURU KÖYÜ,19016,2026-08-17T18:29:00.000Z,Açık,12.3,12.3,100,,,,,,,0,9.03,0,8.66,9.03,9.03,,,,2026-08-17T18:44:17+00:00
Çankırı,Çerkeş,ÇERKEŞ/KARACAHÖYÜK KÖYÜ,19210,2026-08-17T18:29:00.000Z,Parçalı Bulutlu,16.5,16.5,98,,,,,,,0,18.38,0,18.38,18.38,18.38,,,16.25,2026-08-17T18:44:17+00:00
Çankırı,Kurşunlu,KURŞUNLU/DUMANLI KÖYÜ,19211,2026-08-17T18:29:00.000Z,Çok Bulutlu,15,15,98,,,,,,,0,6.19,0,6.17,6.19,6.19,,,14.75,2026-08-17T18:44:17+00:00
Çankırı,Ilgaz,ILGAZ DAĞI,19991,2026-08-17T18:29:00.000Z,Az Bulutlu,10.9,10.9,100,329,7.920000000000001,,,,,0,1.05,0,0.87,1.05,1.05,,,,2026-08-17T18:44:17+00:00
Çorum,Merkez,ÇORUM,17084,2026-08-17T18:27:00.000Z,Parçalı Bulutlu,20.7,20.7,79,72,10.8,923.3,1007.7,20000,3,0,0,0,0,0,0,,,18.08,2026-08-17T18:44:17+00:00
Çorum,Osmancık,OSMANCIK,17652,2026-08-17T18:30:00.000Z,Az Bulutlu,24.6,24.6,48,114,3.24,961.9,1008.3,63490,,0,0,0,0,0,0,,,17.35,2026-08-17T18:44:17+00:00
Çorum,Alaca,ALACA,18124,2026-08-17T18:29:00.000Z,Çok Bulutlu,21.6,21.6,58,36,7.5600000000000005,906,1007.5,,,0,0,0,0,0,0,,,16.18,2026-08-17T18:44:17+00:00
Çorum,Mecitözü,MECİTÖZÜ,18125,2026-08-17T18:29:00.000Z,Çok Bulutlu,18.8,18.8,69,49,5.04,913.7,1008.1,,,0,0,0,0,0,0,,,15.04,2026-08-17T18:44:17+00:00
Çorum,Oğuzlar,OĞUZLAR,18126,2026-08-17T18:29:00.000Z,Çok Bulutlu,22,22,59,320,9.360000000000001,932.2,1006.8,,,0,0,0,0,0,0,,,16.67,2026-08-17T18:44:17+00:00
Çorum,Sungurlu,SUNGURLU,18127,2026-08-17T18:29:00.000Z,HHY,18.5,18.5,80,63,1.08,923.3,1006.7,,,0,6.8,2.2,6.8,6.8,6.8,,,16.09,2026-08-17T18:44:17+00:00
Çorum,İskilip,İSKİLİP,18128,2026-08-17T18:29:00.000Z,Çok Bulutlu,22.1,22.1,61,300,16.92,929,1008.2,,,0,0,0,0,0,0,,,17.03,2026-08-17T18:44:17+00:00
Çorum,Ortaköy,ÇORUM/ORTAKÖY,18129,2026-08-17T18:29:00.000Z,Çok Bulutlu,21.8,21.8,58,341,6.48,921.2,1008.1,,,0,0,0,0,0,0,,,16.36,2026-08-17T18:44:17+00:00
Çorum,Boğazkale,BOĞAZKALE,18508,2026-08-17T18:29:00.000Z,HHY,17.9,17.9,92,88,16.2,,,,,9.2,9.2,9.2,9.2,9.2,9.2,,,16.94,2026-08-17T18:44:17+00:00
Çorum,Dodurga,DODURGA,18509,2026-08-17T18:29:00.000Z,Parçalı Bulutlu,20.5,20.5,63,3,13.32,,,,,0,0.06,0,0,0,0.06,,,15.85,2026-08-17T18:44:17+00:00
Çorum,Kargı,KARGI,18510,2026-08-17T18:29:00.000Z,Az Bulutlu,23.7,23.7,59,263,6.12,,,,,0,0,0,0,0,0,,,18.19,2026-08-17T18:44:17+00:00
Çorum,Laçin,LAÇİN,18511,2026-08-17T18:29:00.000Z,Çok Bulutlu,18.9,18.9,69,153,3.9600000000000004,,,,,0,4.78,0,4.78,4.78,4.78,,,15.13,2026-08-17T18:44:17+00:00
Çorum,Uğurludağ,UĞURLUDAĞ,18512,2026-08-17T18:29:00.000Z,Çok Bulutlu,21.6,21.6,98,67,10.44,,,,,0,0,0,0,0,0,,,21.37,2026-08-17T18:44:17+00:00
Çorum,Merkez,ÇORUM/KONAKLI BELDESİ,18701,2026-08-17T18:29:00.000Z,Çok Bulutlu,18.3,18.3,82,,,,,,,0,0.08,0,0,0,0.08,,,16.14,2026-08-17T18:44:17+00:00
Çorum,Merkez,ÇORUM/BÜYÜKGÜLÜCEK KÖYÜ,18702,2026-08-17T18:29:00.000Z,Çok Bulutlu,19.5,19.5,75,,,,,,,0,0,0,0,0,0,,,16.43,2026-08-17T18:44:17+00:00
Çorum,Alaca,ALACA/KARNIKARA KÖYÜ,18703,2026-08-17T18:29:00.000Z,Çok Bulutlu,19.3,19.3,79,,,,,,,0,0,0,0,0,0,,,16.73,2026-08-17T18:44:17+00:00
Çorum,Bayat,BAYAT,18710,2026-08-17T18:29:00.000Z,Çok Bulutlu,22.5,22.5,65,,,,,,,0,0,0,0,0,0,,,17.94,2026-08-17T18:44:17+00:00
Çorum,Osmancık,OSMANCIK/TEPEYOLALTI KÖYÜ,19027,2026-08-17T18:29:00.000Z,Parçalı Bulutlu,19.9,19.9,66,,,,,,,0,0.49,0,0.49,0.49,0.49,,,15.68,2026-08-17T18:44:17+00:00
Çorum,Osmancık,OSMANCIK/ÖBEKTAŞ KÖYÜ,19028,2026-08-17T18:29:00.000Z,Parçalı Bulutlu,20.7,20.7,57,,,,,,,0,0,0,0,0,0,,,15.24,2026-08-17T18:44:17+00:00
Çorum,Merkez,ÇORUM/AHMEDİYE KÖYÜ,19029,2026-08-17T18:29:00.000Z,Çok Bulutlu,15.7,15.7,73,,,,,,,0,0,0,0,0,0,,,12.61,2026-08-17T18:44:17+00:00
Çorum,Mecitözü,MECİTÖZÜ/EMİRBAĞI KÖYÜ,19219,2026-08-17T18:29:00.000Z,Çok Bulutlu,22.6,22.6,61,22,19.8,,,,,0,0,0,0,0,0,,,17.48,2026-08-17T18:44:17+00:00
Çorum,Mecitözü,MECİTÖZÜ/BOĞAZKAYA KÖYÜ,19220,2026-08-17T18:29:00.000Z,Çok Bulutlu,21.1,21.1,66,158,7.920000000000001,,,,,0,0,0,0,0,0,,,16.79,2026-08-17T18:44:17+00:00
Denizli,Pamukkale,DENİZLİ,17237,2026-08-17T18:29:00.000Z,Az Bulutlu,28.2,28.3,43,0,0,960.7,1007.2,20000,1,0,0,0,0,0,0,,,19.53,2026-08-17T18:44:17+00:00
Denizli,Çardak,DENİZLİ ÇARDAK HAVALİMANI,17257,2026-08-17T18:10:00.000Z,Parçalı Bulutlu,22.5,22.5,53,253,9.360000000000001,915,1012.7,10000,3,,0,0,0,0,0,,,16.28,2026-08-17T18:44:17+00:00
Denizli,Güney,GÜNEY,17824,2026-08-17T16:33:00.000Z,Açık,25.5,26,45,286,13.68,918.9,1008.3,,,,0,,0,0,3.03,,,17.63,2026-08-17T18:44:17+00:00
Denizli,Çivril,ÇİVRİL,17825,2026-08-17T18:29:00.000Z,Açık,23.8,23.8,45,317,8.28,917.9,1006.8,65180,,0,0,0,0,0,1.38,,,16.2,2026-08-17T18:44:17+00:00
Denizli,Pamukkale,PAMUKKALE/AKKÖY,17867,2026-08-17T18:29:00.000Z,Açık,27.7,29.3,60,270,1.4400000000000002,,,,,0,0,0,0,0,6,,,21.93,2026-08-17T18:44:17+00:00
Denizli,Acıpayam,ACIPAYAM,17890,2026-08-17T18:29:00.000Z,Parçalı Bulutlu,22.4,22.4,65,0,0,909.9,1011.7,42220,,0,0,0,0,0,0,,,17.85,2026-08-17T18:44:17+00:00
Denizli,Tavas,TAVAS,18065,2026-08-17T18:29:00.000Z,Açık,23,23,46,16,4.32,908.7,1004.7,,,0,0,0,0,0,0,,,15.68,2026-08-17T18:44:17+00:00
Denizli,Çameli,ÇAMELİ,18066,2026-08-17T18:29:00.000Z,Açık,17.5,17.5,84,24,1.4400000000000002,872.7,1006.9,,,0,0,0,0,0,0,,,15.6,2026-08-17T18:44:17+00:00
Denizli,Çal,ÇAL,18067,2026-08-17T18:29:00.000Z,Açık,23.7,23.7,48,277,7.5600000000000005,917.2,1005.3,,,0,0,0,0,0,0.3,,,16.58,2026-08-17T18:44:17+00:00
Denizli,Sarayköy,SARAYKÖY,18068,2026-08-17T18:29:00.000Z,Açık,24.9,24.9,58,180,2.8800000000000003,988.1,1009.4,,,0,0,0,0,0,5.3,,,19.12,2026-08-17T18:44:17+00:00
Denizli,Babadağ,BABADAĞ,18294,2026-08-17T18:29:00.000Z,Açık,23.3,23.3,48,177,2.8800000000000003,,,,,0,0,0,0,0,0.07,,,16.24,2026-08-17T18:44:17+00:00
Denizli,Baklan,BAKLAN,18295,2026-08-17T18:29:00.000Z,Açık,22.7,22.7,44,32,2.8800000000000003,,,,,0,0,0,0,0,0,,,15.13,2026-08-17T18:44:17+00:00
Denizli,Bekilli,BEKİLLİ,18296,2026-08-17T18:29:00.000Z,Açık,23.1,23.1,82,293,2.8800000000000003,,,,,0,0.07,0,0,0,9.98,,,20.77,2026-08-17T18:44:17+00:00
Denizli,Bozkurt,DENİZLİ/BOZKURT,18298,2026-08-17T18:29:00.000Z,Az Bulutlu,21.6,21.6,53,341,5.4,,,,,0,0.07,0,0,0.07,0.07,,,15.49,2026-08-17T18:44:17+00:00
Denizli,Buldan,BULDAN,18299,2026-08-17T18:29:00.000Z,Açık,25.4,25.7,42,313,5.4,,,,,0,0,0,0,0,4.22,,,17.05,2026-08-17T18:44:17+00:00
Denizli,Honaz,HONAZ,18300,2026-08-17T18:28:00.000Z,Parçalı Bulutlu,27.7,27.7,39,236,12.6,,,,,0,0,0,0,0,0,,,18.4,2026-08-17T18:44:17+00:00
Denizli,Kale,DENİZLİ/KALE,18301,2026-08-17T18:29:00.000Z,Az Bulutlu,21.5,21.5,60,223,11.520000000000001,,,,,0,0,0,0,0,0,,,16.36,2026-08-17T18:44:17+00:00
Denizli,Serinhisar,SERİNHİSAR,18302,2026-08-17T18:29:00.000Z,Az Bulutlu,23.7,23.7,41,316,23.400000000000002,,,,,0,0,0,0,0,0,,,15.49,2026-08-17T18:44:17+00:00
Denizli,Tavas,DENİZLİ KAYAK MERKEZİ,18303,2026-08-17T18:29:00.000Z,HHY,13.5,13.5,89,293,5.4,,,,,0,23.08,0.25,23.08,23.08,23.08,,,12.26,2026-08-17T18:44:17+00:00
Denizli,Çameli,ÇAMELİ/KİRAZLIYAYLA KÖYÜ,18632,2026-08-17T18:29:00.000Z,Açık,21.3,21.3,79,,,,,,,0,0,0,0,0,0,,,18.65,2026-08-17T18:44:17+00:00
Denizli,Kale,KALE/KIRKÖY KÖYÜ,18633,2026-08-17T18:29:00.000Z,Az Bulutlu,22,22,65,,,,,,,0,0,0,0,0,0,,,17.48,2026-08-17T18:44:17+00:00
Denizli,Tavas,TAVAS/NİKFER BELDESİ,18634,2026-08-17T18:29:00.000Z,Açık,20.1,20.1,100,,,,,,,0,11.84,0,7.03,11.84,11.84,,,,2026-08-17T18:44:17+00:00
Denizli,Pamukkale,PAMUKKALE/HONAZ DAĞI MİLLİ PARKI,18635,2026-08-17T18:29:00.000Z,Açık,19.5,19.5,65,,,,,,,0,0,0,0,0,0,,,15.19,2026-08-17T18:44:17+00:00
Denizli,Honaz,HONAZ/AKBAŞ KÖYÜ,18636,2026-08-17T18:29:00.000Z,Az Bulutlu,19.8,19.8,75,,,,,,,0,0,0,0,0,0,,,16.72,2026-08-17T18:44:17+00:00
Denizli,Çivril,ÇİVRİL/KAVAKALANI KÖYÜ,18637,2026-08-17T18:29:00.000Z,Açık,17.5,17.5,89,,,,,,,0,0,0,0,0,5.44,,,16.19,2026-08-17T18:44:17+00:00
Denizli,Pamukkale,PAMUKKALE/GÜZELPINAR KÖYÜ,18638,2026-08-17T18:29:00.000Z,Az Bulutlu,21.6,21.6,58,,,,,,,0,0,0,0,0,0.14,,,16.18,2026-08-17T18:44:17+00:00
Denizli,Kale,KALE/KARAYAYLA KÖYÜ,18639,2026-08-17T18:29:00.000Z,Açık,16.5,16.5,100,,,,,,,0,0,0,0,0,0,,,,2026-08-17T18:44:17+00:00
Denizli,Honaz,HONAZ/KAKLIK BELDESİ,18754,2026-08-17T18:29:00.000Z,Parçalı Bulutlu,26.5,27.5,56,,,,,,,0,0,0,0,0,0,,,20.24,2026-08-17T18:44:17+00:00
Denizli,Çivril,ÇİVRİL/KIRALAN BELDESİ,18852,2026-08-17T18:29:00.000Z,Açık,20.5,20.5,67,160,11.16,,,,,0,0,0,0,0,2.3,,,16.36,2026-08-17T18:44:17+00:00
Denizli,Buldan,BULDAN/KARAKÖY KÖYÜ,18853,2026-08-17T18:29:00.000Z,Açık,22.2,22.2,60,,,,,,,0,0,0,0,0,0.33,,,16.99,2026-08-17T18:44:17+00:00
Denizli,Acıpayam,ACIPAYAM/ALCI ORMAN SAHASI,18854,2026-08-17T18:29:00.000Z,Açık,20.8,20.8,90,231,9,,,,,0,0,0,0,0,0,,,19.56,2026-08-17T18:44:17+00:00
Denizli,Sarayköy,SARAYKÖY/TIRKAZ,19167,2026-08-17T18:29:00.000Z,Az Bulutlu,23.9,23.9,59,,,,,,,0,0,0,0,0,0.4,,,18.37,2026-08-17T18:44:17+00:00
Denizli,Güney,GÜNEY/ADIGÜZELLER KÖYÜ,19168,2026-08-17T18:29:00.000Z,Açık,25.7,26.3,49,,,,,,,0,0,0,0,0,2.39,,,18.44,2026-08-17T18:44:17+00:00
Denizli,Buldan,BULDAN/KADIKÖY KÖYÜ,19169,2026-08-17T18:29:00.000Z,Açık,24.1,24.1,58,,,,,,,0,0,0,0,0,0,,,18.41,2026-08-17T18:44:17+00:00
Denizli,Çardak,ÇARDAK,19281,2026-08-17T18:28:00.000Z,Az Bulutlu,24.5,24.5,52,294,12.6,,,,,0,0,0,0,0,0.21,,,17.87,2026-08-17T18:44:17+00:00
Denizli,Merkezefendi,MERKEZEFENDİ,19359,2026-08-17T18:28:00.000Z,Az Bulutlu,24.7,24.7,49,256,12.24,,,60360,,0,0,0,0,0,0,,,17.59,2026-08-17T18:44:17+00:00
Diyarbakır,Bağlar,DİYARBAKIR HAVALİMANI,17280,2026-08-17T18:10:00.000Z,Açık,28.4,28.4,26,255,12.96,932,1009.2,10000,0,,0,0,0,0,0,,,16.28,2026-08-17T18:44:17+00:00
Diyarbakır,Bağlar,DİYARBAKIR BÖLGE,17281,2026-08-17T18:29:00.000Z,Açık,26.8,26.8,33,240,2.8800000000000003,930.3,1002.6,,,0,0,0,0,0,0,,,16.55,2026-08-17T18:44:17+00:00
Diyarbakır,Sur,SUR/ÜNAL ERKAN HELİPORT,17283,2026-08-17T18:29:00.000Z,Açık,26.7,26.7,30,153,4.32,928,1002.4,70180,,0,0,0,0,0,0,,,15.88,2026-08-17T18:44:17+00:00
Diyarbakır,Ergani,ERGANİ,17847,2026-08-17T18:29:00.000Z,Açık,27.1,27.1,30,236,7.920000000000001,902.6,,,,0,0,0,0,0,0,,,16.18,2026-08-17T18:44:17+00:00
Diyarbakır,Çermik,ÇERMİK,17874,2026-08-17T18:29:00.000Z,Açık,29.1,29.1,28,235,11.520000000000001,929,1002.9,,,0,0,0,0,0,0,,,17.25,2026-08-17T18:44:17+00:00
Diyarbakır,Lice,LİCE,18163,2026-08-17T18:29:00.000Z,Az Bulutlu,25.4,25.4,33,348,2.52,902.5,1002.3,,,0,0,0,0,0,0,,,15.46,2026-08-17T18:44:17+00:00
Diyarbakır,Silvan,SİLVAN,18164,2026-08-17T18:29:00.000Z,Açık,26.5,26.5,31,291,5.4,916.8,1001.5,,,0,0,0,0,0,0,,,15.93,2026-08-17T18:44:17+00:00
Diyarbakır,Bismil,BİSMİL,18165,2026-08-17T18:28:00.000Z,Açık,24.6,24.6,36,294,2.16,943.8,1003.5,,,0,0,0,0,0,0,,,15.38,2026-08-17T18:44:17+00:00
Diyarbakır,Yenişehir,YENİŞEHİR/EŞREF BİTLİS HELİPORT,18166,2026-08-17T18:29:00.000Z,Açık,28.6,28.6,32,215,4.680000000000001,931.4,1003.7,,,0,0,0,0,0,0,,,17.73,2026-08-17T18:44:17+00:00
Diyarbakır,Çınar,ÇINAR,18321,2026-08-17T18:29:00.000Z,Açık,25.4,25.4,39,184,6.48,,,,,0,0,0,0,0,0,,,16.54,2026-08-17T18:44:17+00:00
Diyarbakır,Çüngüş,ÇÜNGÜŞ,18322,2026-08-17T18:29:00.000Z,Açık,25.6,25.6,37,180,19.8,,,,,0,0,0,0,0,0,,,16.35,2026-08-17T18:44:17+00:00
Diyarbakır,Dicle,DİCLE,18323,2026-08-17T18:29:00.000Z,Az Bulutlu,27.1,27.1,29,205,3.24,,,,,0,0,0,0,0,0,,,15.97,2026-08-17T18:44:17+00:00
Diyarbakır,Eğil,EĞİL,18324,2026-08-17T18:29:00.000Z,Açık,27.7,27.7,29,213,8.28,,,,,0,0.06,0,0,0.06,0.06,,,16.42,2026-08-17T18:44:17+00:00
Diyarbakır,Hani,HANİ,18325,2026-08-17T18:29:00.000Z,Parçalı Bulutlu,27.9,27.9,30,160,11.520000000000001,,,,,0,0,0,0,0,0,,,16.78,2026-08-17T18:44:17+00:00
Diyarbakır,Hazro,HAZRO,18326,2026-08-17T18:29:00.000Z,Açık,26.3,26.3,31,199,6.84,,,,,0,0,0,0,0,0,,,15.77,2026-08-17T18:44:17+00:00
Diyarbakır,Kayapınar,KAYAPINAR/DEVEGEÇİDİ,18327,2026-08-17T18:29:00.000Z,Açık,28.3,28.3,37,193,10.8,,,,,0,0,0,0,0,0,,,18.5,2026-08-17T18:44:17+00:00
Diyarbakır,Kocaköy,KOCAKÖY,18328,2026-08-17T18:00:00.000Z,Parçalı Bulutlu,27.2,27.2,27,133,7.920000000000001,,,,,,0,0,0,0,0,,,15.62,2026-08-17T18:44:17+00:00
Diyarbakır,Kulp,KULP,18329,2026-08-17T18:29:00.000Z,Açık,26.1,26.1,31,258,4.32,,,,,0,0,0,0,0,0,,,15.62,2026-08-17T18:44:17+00:00
Diyarbakır,Sur,SUR/BEYBULAK KÖYÜ,18781,2026-08-17T18:29:00.000Z,Açık,26.1,26.1,34,,,,,,,0,0,0,0,0,0,,,16.19,2026-08-17T18:44:17+00:00
Diyarbakır,Çınar,ÇINAR/KARAÇEVRE KÖYÜ,18782,2026-08-17T18:29:00.000Z,Açık,26.9,26.9,34,,,,,,,0,0,0,0,0,0,,,16.82,2026-08-17T18:44:17+00:00
Diyarbakır,Kayapınar,KAYAPINAR/KARAYAKUP KÖYÜ,18783,2026-08-17T18:29:00.000Z,Açık,28.3,28.3,30,,,,,,,0,0,0,0,0,0,,,17.08,2026-08-17T18:44:17+00:00
Diyarbakır,Bismil,BİSMİL/YUKARISALAT BELDESİ,19098,2026-08-17T18:29:00.000Z,Açık,22.8,22.8,65,,,,,,,0,0,0,0,0,0,,,18.21,2026-08-17T18:44:17+00:00
Diyarbakır,Çermik,ÇERMİK/SARIBALTA KÖYÜ,19099,2026-08-17T18:29:00.000Z,Açık,28.6,28.6,34,,,,,,,0,0,0,0,0,0,,,18.14,2026-08-17T18:44:17+00:00
Diyarbakır,Bağlar,BAĞLAR/KIRKKOYUN KÖYÜ,19268,2026-08-17T18:29:00.000Z,Açık,26.6,26.6,33,,,,,,,0,0,0,0,0,0,,,16.39,2026-08-17T18:44:17+00:00
Diyarbakır,Kayapınar,KAYAPINAR,19375,2026-08-17T18:28:00.000Z,Açık,28.2,28.2,27,186,12.6,,,30390,,0,0,0,0,0,0,,,16.36,2026-08-17T18:44:17+00:00
Diyarbakır,Yenişehir,DİYARBAKIR/YENİŞEHİR,19916,2026-08-17T18:29:00.000Z,Açık,29.1,29.1,25,200,3.24,924.6,1001.4,38810,,0,0,0,0,0,0,,,16.55,2026-08-17T18:44:17+00:00
Edirne,Merkez,EDİRNE,17050,2026-08-17T18:29:00.000Z,Açık,27.1,27.1,36,120,1.08,1004.3,1010.1,20000,0,0,0,0,0,0,0,,,17.36,2026-08-17T18:44:17+00:00
Edirne,Uzunköprü,UZUNKÖPRÜ,17608,2026-08-17T18:29:00.000Z,Pus,25.1,26.4,62,145,4.32,1009.1,1014.2,5480,,0,0,0,0,0,0,,,19.88,2026-08-17T18:44:17+00:00
Edirne,İpsala,İPSALA,17632,2026-08-17T18:29:00.000Z,Açık,22.4,22.4,71,223,11.879999999999999,1001.6,1010.8,26220,,0,0,0,0,0,0,,,18.65,2026-08-17T18:44:17+00:00
Edirne,Lalapaşa,LALAPAŞA,18096,2026-08-17T18:29:00.000Z,Açık,23.5,23.5,58,122,11.879999999999999,990.3,1010.4,,,0,0,0,0,0,0,,,17.87,2026-08-17T18:44:17+00:00
Edirne,Enez,ENEZ,18097,2026-08-17T18:29:00.000Z,Açık,21.6,21.6,66,340,0,1004.1,1011.4,,,0,0,0,0,0,0,,,17.25,2026-08-17T18:44:17+00:00
Edirne,Havsa,HAVSA,18098,2026-08-17T18:29:00.000Z,Açık,24.4,24.4,57,82,9.72,996,1009.8,,,0,0,0,0,0,0,,,18.53,2026-08-17T18:44:17+00:00
Edirne,Keşan,KEŞAN,18393,2026-08-17T18:29:00.000Z,Açık,23.5,23.5,66,239,2.52,,,,,0,0,0,0,0,0,,,18.99,2026-08-17T18:44:17+00:00
Edirne,Meriç,MERİÇ,18394,2026-08-17T18:29:00.000Z,Açık,24.5,24.5,52,202,10.08,,,,,0,0,0,0,0,0,,,17.87,2026-08-17T18:44:17+00:00
Edirne,Süloğlu,SÜLOĞLU,18395,2026-08-17T18:29:00.000Z,Açık,23.2,23.2,67,119,19.08,,,,,0,0,0,0,0,0,,,18.85,2026-08-17T18:44:17+00:00
Edirne,İpsala,İPSALA/HACI KÖYÜ,18790,2026-08-17T18:29:00.000Z,Açık,22.3,22.3,56,,,,,,,0,0,0,0,0,0,,,16.52,2026-08-17T18:44:17+00:00
Edirne,Lalapaşa,LALAPAŞA/ÖMEROBA KÖYÜ,18791,2026-08-17T18:29:00.000Z,Açık,22.2,22.2,60,,,,,,,0,0,0,0,0,0,,,16.99,2026-08-17T18:44:17+00:00
Edirne,Lalapaşa,LALAPAŞA/HAMZEBEYLİ KÖYÜ,19106,2026-08-17T18:29:00.000Z,Açık,22.5,22.5,57,119,8.28,,,,,0,0,0,0,0,0,,,16.84,2026-08-17T18:44:17+00:00
Edirne,Merkez,EDİRNE/KEMAL KÖYÜ,19107,2026-08-17T18:29:00.000Z,Açık,21.1,21.1,52,20,3.24,,,,,0,0,0,0,0,0,,,14.92,2026-08-17T18:44:17+00:00
Edirne,Keşan,KEŞAN/MECİDİYE KÖYÜ,19108,2026-08-17T18:29:00.000Z,Açık,24.1,24.1,64,,,,,,,0,0,0,0,0,0,,,19.26,2026-08-17T18:44:17+00:00
Elazığ,Merkez,ELAZIĞ BÖLGE,17201,2026-08-17T18:29:00.000Z,Açık,19.9,19.9,76,359,7.2,898.1,1003,29910,,0,5,0,5,5,5,,,16.94,2026-08-17T18:44:17+00:00
Elazığ,Merkez,ELAZIĞ HAVALİMANI,17202,2026-08-17T18:10:00.000Z,Parçalı Bulutlu,21.9,21.9,65,276,5.4,908.8,1010,10000,4,,0,0,0,0,0,,,17.39,2026-08-17T18:44:17+00:00
Elazığ,Ağın,AĞIN,17766,2026-08-17T18:29:00.000Z,Çok Bulutlu,24.8,24.8,53,236,3.9600000000000004,904.8,1000.3,,,0,0,0,0,0,0,,,18.28,2026-08-17T18:44:17+00:00
Elazığ,Karakoçan,KARAKOÇAN,17774,2026-08-17T18:29:00.000Z,Açık,23.5,23.5,44,224,2.16,886.5,1000.6,60890,,0,0.2,0,0,0,4.6,,,15.8,2026-08-17T18:44:17+00:00
Elazığ,Keban,KEBAN,17804,2026-08-17T18:29:00.000Z,Parçalı Bulutlu,26.2,26.7,48,304,7.920000000000001,914.1,1000.5,,,0,0,0,0,0,0.2,,,18.71,2026-08-17T18:44:17+00:00
Elazığ,Palu,PALU,17806,2026-08-17T18:29:00.000Z,Açık,23.9,23.9,55,348,2.52,908.4,1000.4,75000,,0,0.1,0,0,0,1.6,,,17.79,2026-08-17T18:44:17+00:00
Elazığ,Baskil,BASKİL,17843,2026-08-17T18:29:00.000Z,Açık,21.7,21.7,50,33,5.760000000000001,866.6,1000.9,75000,,0,0,0,0,0,0,,,15.16,2026-08-17T18:44:17+00:00
Elazığ,Sivrice,SİVRİCE,17844,2026-08-17T18:29:00.000Z,Az Bulutlu,24.4,24.4,31,183,11.16,872,1002.3,75000,,0,0,0,0,0,0,,,14.33,2026-08-17T18:44:17+00:00
Elazığ,Maden,MADEN,17846,2026-08-17T18:29:00.000Z,Açık,26.5,26.5,32,347,1.4400000000000002,891.5,1000.8,,,0,0,0,0,0,0,,,16.12,2026-08-17T18:44:17+00:00
Elazığ,Kovancılar,KOVANCILAR,18178,2026-08-17T18:29:00.000Z,Açık,24.6,24.6,63,217,12.24,892.2,1000.3,,,0,0,0,0,0,0.9,,,19.58,2026-08-17T18:44:17+00:00
Elazığ,Sivrice,SİVRİCE/GÖZELİ,18190,2026-08-17T18:29:00.000Z,Açık,21.7,21.7,40,181,9.360000000000001,857.8,1001.5,,,0,0,0,0,0,0,,,13.7,2026-08-17T18:44:17+00:00
Elazığ,Merkez,ELAZIĞ/HARPUT,18191,2026-08-17T18:29:00.000Z,Açık,20.9,20.9,50,256,5.4,848.3,1002.3,,,0,2.1,0,2.1,2.1,2.3,,,14.47,2026-08-17T18:44:17+00:00
Elazığ,Kovancılar,KOVANCILAR/YARIMCA,18192,2026-08-17T18:28:00.000Z,Açık,22.2,22.2,57,335,3.24,909,1002.5,,,0,0,0,0,0,0.7,,,16.57,2026-08-17T18:44:17+00:00
Elazığ,Arıcak,ARICAK,18351,2026-08-17T18:29:00.000Z,Az Bulutlu,25,25,29,319,5.760000000000001,,,,,0,0,0,0,0,0,,,14.4,2026-08-17T18:44:17+00:00
Elazığ,Sivrice,SİVRİCE/HAZARBABA DAĞI,18589,2026-08-17T18:29:00.000Z,Az Bulutlu,16.7,16.7,47,136,21.6,,,,,0,0.07,0,0,0,0.07,,,10.5,2026-08-17T18:44:17+00:00
Elazığ,Arıcak,ARICAK/ERİMLİ MEVKİ,18765,2026-08-17T18:29:00.000Z,Az Bulutlu,27.7,27.7,34,,,,,,,0,0.23,0,0,0,0.46,,,17.44,2026-08-17T18:44:17+00:00
Elazığ,Merkez,ELAZIĞ/ÇÖTELİ KÖYÜ,18766,2026-08-17T18:29:00.000Z,Az Bulutlu,22.2,22.2,67,,,,,,,0,0.1,0,0,0,0.15,,,17.93,2026-08-17T18:44:17+00:00
Elazığ,Baskil,BASKİL/KUŞSARAYI,18943,2026-08-17T18:27:00.000Z,Açık,26.4,27.2,54,37,13.32,,,,,0,0.21,0,0,0,0.52,,,19.84,2026-08-17T18:44:17+00:00
Elazığ,Karakoçan,KARAKOÇAN/ÖZLÜCE BARAJI,18952,2026-08-17T18:29:00.000Z,Parçalı Bulutlu,22.2,22.2,58,55,6.84,,,,,0,0,0,0,0,7.78,,,16.71,2026-08-17T18:44:17+00:00
Elazığ,Merkez,ELAZIĞ/YURTBAŞI,19083,2026-08-17T18:29:00.000Z,Açık,22.3,22.3,65,335,7.2,904.2,1002.2,,,0,0,0,0,0,0,,,17.75,2026-08-17T18:44:17+00:00
Elazığ,Baskil,BASKİL/AŞAĞIKULUŞAĞI BELDESİ,19084,2026-08-17T18:29:00.000Z,Açık,21.7,21.7,53,300,7.920000000000001,,,,,0,0.43,0,0.32,0.32,0.53,,,15.58,2026-08-17T18:44:17+00:00
Elazığ,Alacakaya,ALACAKAYA,19260,2026-08-17T18:29:00.000Z,Açık,26.4,26.4,36,232,11.879999999999999,,,,,0,0,0,0,0,0.7,,,16.8,2026-08-17T18:44:17+00:00
Elazığ,Kovancılar,KOVANCILAR/KOLLUCA KÖYÜ,19261,2026-08-17T18:29:00.000Z,Açık,24.5,24.5,57,,,,,,,0,0,0,0,0,0,,,18.62,2026-08-17T18:44:17+00:00
Elazığ,Merkez,ELAZIĞ/YOLÇATI KÖYÜ,19262,2026-08-17T18:29:00.000Z,Açık,24.1,24.1,48,,,,,,,0,0,0,0,0,0,,,16.92,2026-08-17T18:44:17+00:00
Elazığ,Merkez,FIRAT ÜNİVERSİTESİ,19926,2026-08-17T18:29:00.000Z,Açık,20.9,20.9,69,5,6.12,,,,,0,1.73,0,1.73,1.73,1.73,,,16.99,2026-08-17T18:44:17+00:00
Erzincan,Merkez,ERZİNCAN HAVALİMANI,17092,2026-08-17T18:10:00.000Z,Çok Bulutlu,21.7,21.7,63,270,14.76,882.1,1012.6,10000,5,,0,0,0,0,0,,,16.94,2026-08-17T18:44:17+00:00
Erzincan,Merkez,ERZİNCAN,17094,2026-08-17T18:29:00.000Z,Parçalı Bulutlu,22.6,22.6,51,314,10.08,875.6,1004,20000,4,0,0,0,0,0,0,,,16.08,2026-08-17T18:44:17+00:00
Erzincan,Tercan,TERCAN,17718,2026-08-17T18:23:00.000Z,Parçalı Bulutlu,19.3,19.3,65,90,0.7200000000000001,855.3,1004.3,,,0,0,0,0,0,7.99,,,15.01,2026-08-17T18:44:17+00:00
Erzincan,Refahiye,REFAHİYE,18199,2026-08-17T18:29:00.000Z,HHY,14.3,14.3,100,250,5.04,841.4,1008.1,,,0.2,18.6,18,18.6,18.6,18.6,,,,2026-08-17T18:44:17+00:00
Erzincan,Kemah,KEMAH,18200,2026-08-17T18:28:00.000Z,Parçalı Bulutlu,22.3,22.3,58,32,6.12,890.7,,,,0,0.2,0,0.2,0.2,0.2,,,16.8,2026-08-17T18:44:17+00:00
Erzincan,Çayırlı,ÇAYIRLI,18360,2026-08-17T18:29:00.000Z,Az Bulutlu,17.2,17.2,75,271,11.16,,,,,0,0.95,0,0,0.95,6.18,,,14.26,2026-08-17T18:44:17+00:00
Erzincan,İliç,İLİÇ,18361,2026-08-17T18:29:00.000Z,Çok Bulutlu,18.1,18.1,79,25,19.8,,,,,0,0.2,0,0,0,0.3,,,15.59,2026-08-17T18:44:17+00:00
Erzincan,Kemaliye,KEMALİYE,18362,2026-08-17T18:29:00.000Z,Çok Bulutlu,24.5,24.5,55,23,8.28,,,,,0,0.53,0,0.2,0.2,0.68,,,18.32,2026-08-17T18:44:17+00:00
Erzincan,Otlukbeli,OTLUKBELİ,18363,2026-08-17T18:29:00.000Z,Az Bulutlu,14.9,14.9,85,226,8.64,,,,,0,2.49,0,1.58,2.49,4.52,,,13.19,2026-08-17T18:44:17+00:00
Erzincan,Üzümlü,ÜZÜMLÜ,18364,2026-08-17T18:28:00.000Z,Çok Bulutlu,21.4,21.4,66,218,6.12,,,,,0,0,0,0,0,0.39,,,17.06,2026-08-17T18:44:17+00:00
Erzincan,Refahiye,REFAHİYE/KAYI KÖYÜ,18987,2026-08-17T18:29:00.000Z,HHY,14.2,14.2,94,,,,,,,0.89,5.51,5.33,5.51,5.51,5.53,,,13.5,2026-08-17T18:44:17+00:00
Erzincan,Merkez,ERZİNCAN/DEREYURT KÖYÜ,18998,2026-08-17T18:29:00.000Z,Parçalı Bulutlu,19.6,19.6,60,2,24.12,,,75000,,0,0.46,0,0.46,0.46,0.46,,,14.65,2026-08-17T18:44:17+00:00
Erzincan,Tercan,TERCAN/KARGIN BELDESİ,19070,2026-08-17T18:29:00.000Z,Çok Bulutlu,20.3,20.3,68,,,,,,,0,0,0,0,0,7.99,,,16.31,2026-08-17T18:44:17+00:00
Erzincan,Merkez,ERZİNCAN/SAKALTUTAN GEÇİDİ,19071,2026-08-17T18:29:00.000Z,Çok Bulutlu,13.6,13.6,87,,,,,,,0,3.71,0,3.71,3.71,3.77,,,12.14,2026-08-17T18:44:17+00:00
Erzincan,Kemah,KEMAH/DEDEOĞLU KÖYÜ,19075,2026-08-17T18:29:00.000Z,Çok Bulutlu,17.5,17.5,74,,,,,,,0.05,0.45,0.05,0.45,0.45,0.45,,,14.42,2026-08-17T18:44:17+00:00
Erzurum,Yakutiye,ERZURUM BÖLGE,17095,2026-08-17T18:29:00.000Z,Açık,16.7,16.7,56,234,1.4400000000000002,812.7,1001.3,20000,0,0,0.1,0,0,0,0.2,,,11.57,2026-08-17T18:44:17+00:00
Erzurum,Yakutiye,ERZURUM HAVALİMANI,17096,2026-08-17T18:10:00.000Z,Parçalı Bulutlu,18.2,18.2,61,341,0,822.7,1017.3,10000,4,,0,0,0,0,0.2,,,13.51,2026-08-17T18:44:17+00:00
Erzurum,Uzundere,UZUNDERE,17660,2026-08-17T18:29:00.000Z,Parçalı Bulutlu,21,21,65,19,11.16,883.8,1006,,,0,0,0,0,0,0,,,16.56,2026-08-17T18:44:17+00:00
Erzurum,İspir,İSPİR,17666,2026-08-17T18:29:00.000Z,Az Bulutlu,19.5,19.5,67,18,0.7200000000000001,876.2,1005.5,,,0,0,0,0,0,0,,,15.44,2026-08-17T18:44:17+00:00
Erzurum,Oltu,OLTU,17668,2026-08-17T18:29:00.000Z,Parçalı Bulutlu,21.5,21.5,56,197,3.24,867.5,,52990,,0,0.7,0,0.3,0.6,2.4,,,15.82,2026-08-17T18:44:17+00:00
Erzurum,Tortum,TORTUM,17688,2026-08-17T18:29:00.000Z,Parçalı Bulutlu,18.9,18.9,67,0,0,841,1003.5,,,0,0,0,0,0,0,,,14.89,2026-08-17T18:44:17+00:00
Erzurum,Horasan,HORASAN,17690,2026-08-17T18:22:00.000Z,Parçalı Bulutlu,21.9,21.9,39,321,2.8800000000000003,843,1001.2,42260,,0,0,0,0,0,0,,,13.71,2026-08-17T18:44:17+00:00
Erzurum,Hınıs,HINIS,17740,2026-08-17T18:29:00.000Z,Açık,16.4,16.4,47,104,2.52,827.1,1001.8,,,0,0,0,0,0,0,,,10.25,2026-08-17T18:44:17+00:00
Erzurum,Pasinler,PASİNLER/TOPRAK SU ARŞ. (TAGEM),18201,2026-08-17T18:29:00.000Z,Açık,18.6,18.6,56,334,3.24,826.3,,,,0,0,0,0,0,0,,,13.25,2026-08-17T18:44:17+00:00
Erzurum,Narman,NARMAN,18202,2026-08-17T18:29:00.000Z,Parçalı Bulutlu,19.5,19.5,60,305,3.6,832.1,1001.2,,,0,0,0,0,0,0.77,,,14.56,2026-08-17T18:44:17+00:00
Erzurum,Çat,ÇAT,18203,2026-08-17T18:29:00.000Z,Az Bulutlu,15.6,15.6,55,192,1.4400000000000002,807.3,999.4,,,0,0.2,0,0,0,0.2,,,10.49,2026-08-17T18:44:17+00:00
Erzurum,Karayazı,KARAYAZI,18204,2026-08-17T18:28:00.000Z,Açık,14.8,14.8,37,63,2.52,776.1,998.8,,,0,0,0,0,0,0,,,7.74,2026-08-17T18:44:17+00:00
Erzurum,Aşkale,AŞKALE,18205,2026-08-17T18:29:00.000Z,Açık,16.6,16.6,74,68,1.8,828.5,1002.2,,,0,0,0,0,0,0,,,13.57,2026-08-17T18:44:17+00:00
Erzurum,Karaçoban,KARAÇOBAN,18365,2026-08-17T18:29:00.000Z,Açık,16.6,16.6,55,186,2.16,,,,,0,0,0,0,0,0,,,11.37,2026-08-17T18:44:17+00:00
Erzurum,Köprüköy,KÖPRÜKÖY,18366,2026-08-17T15:37:00.000Z,Açık,23.8,23.8,44,325,5.4,,,,,,0.05,,0,0,0.05,,,16.05,2026-08-17T18:44:17+00:00
Erzurum,Olur,OLUR,18367,2026-08-17T18:29:00.000Z,Açık,19.1,19.1,69,246,7.920000000000001,,,,,0,0,0,0,0,1.1,,,15.32,2026-08-17T18:44:17+00:00
Erzurum,Pazaryolu,PAZARYOLU,18368,2026-08-17T18:29:00.000Z,Az Bulutlu,18.1,18.1,69,28,3.6,,,,,0,5.15,0,0,5.15,6.08,,,14.39,2026-08-17T18:44:17+00:00
Erzurum,Şenkaya,ŞENKAYA,18369,2026-08-17T18:29:00.000Z,Çok Bulutlu,17.2,17.2,79,177,7.920000000000001,,,,,0,0,0,0,0,0.74,,,14.72,2026-08-17T18:44:17+00:00
Erzurum,Tekman,TEKMAN,18370,2026-08-17T18:29:00.000Z,Açık,16.1,16.1,50,160,2.52,,,,,0,0.1,0,0,0,0.25,,,10.35,2026-08-17T18:44:17+00:00
Erzurum,İspir,ÇAYIRÖZÜ KÖYÜ,18906,2026-08-17T18:29:00.000Z,Açık,13.4,13.4,80,178,1.4400000000000002,,,,,0,0.28,0,0,0.28,1.02,,,11.19,2026-08-17T18:44:17+00:00
Erzurum,Palandöken,PALANDÖKEN/KONAKLI KÖYÜ,18960,2026-08-17T18:20:00.000Z,Açık,15.3,15.3,50,45,11.520000000000001,,,,,0,0,0,0,0,0,,,9.66,2026-08-17T18:44:17+00:00
Erzurum,Tekman,TEKMAN/HACIÖMER KÖYÜ,19072,2026-08-17T18:29:00.000Z,Açık,15.1,15.1,48,,,,,,,0,0.07,0,0,0,0.14,,,9.26,2026-08-17T18:44:17+00:00
Erzurum,İspir,İSPİR/ÇAMLIKAYA BELDESİ,19073,2026-08-17T18:29:00.000Z,Açık,23.3,23.3,61,,,,,,,0,0.1,0,0,0,0.81,,,18.12,2026-08-17T18:44:17+00:00
Erzurum,Aşkale,AŞKALE/OVACIK KÖYÜ,19074,2026-08-17T18:29:00.000Z,Açık,15,15,72,,,,,,,0,0,0,0,0,0.26,,,11.84,2026-08-17T18:44:17+00:00
Erzurum,İspir,İSPİR/ULUTAŞ,19253,2026-08-17T18:29:00.000Z,Açık,10.7,10.7,88,,,,,,,0,0.85,0,0.01,0.05,1.25,,,9.41,2026-08-17T18:44:17+00:00
Erzurum,Köprüköy,KÖPRÜKÖY/YILANLI KÖYÜ,19254,2026-08-17T18:29:00.000Z,Açık,19.3,19.3,34,,,,,,,0,0,0,0,0,0,,,10.89,2026-08-17T18:44:17+00:00
Erzurum,Aziziye,AZİZİYE/KUZGUN KÖYÜ,19255,2026-08-17T18:15:00.000Z,Az Bulutlu,15.7,15.7,,,,,,,,0,0,0,0,0,0,,,,2026-08-17T18:44:17+00:00
Erzurum,Palandöken,DOĞU ANADOLU GÖZLEMEVİ,19919,2026-08-17T18:29:00.000Z,Açık,7.8,7.8,59,173,24.840000000000003,698.1,1004.5,58920,,0,0,0,0,0,0,,,3.96,2026-08-17T18:44:17+00:00
Eskişehir,Tepebaşı,ANADOLU ÜNİVERSİTESİ,17121,2026-08-17T18:29:00.000Z,Açık,20.6,20.6,66,291,11.879999999999999,922,1007.5,,,0,0,0,0,0,0,,,16.33,2026-08-17T18:44:17+00:00
Eskişehir,Tepebaşı,ESKİŞEHİR HASAN POLATKAN HAVALİMANI,17123,2026-08-17T18:10:00.000Z,Açık,20.2,20.2,64,278,13.68,922,1013.7,10000,0,,0,0,0,0,0,,,15.7,2026-08-17T18:44:17+00:00
Eskişehir,Tepebaşı,ESKİŞEHİR HAVALİMANI,17124,2026-08-17T18:10:00.000Z,Açık,21.2,21.2,59,276,13.32,922.7,1013.4,10000,0,,0,0,0,0,0,,,15.95,2026-08-17T18:44:17+00:00
Eskişehir,Sivrihisar,SİVRİHİSAR HAVALİMANI,17125,2026-08-17T18:10:00.000Z,Parçalı Bulutlu,22,22,45,22,10.8,901.9,1013.2,10000,3,,0,0,0,0,0,,,14.7,2026-08-17T18:44:17+00:00
Eskişehir,Odunpazarı,ESKİŞEHİR BÖLGE,17126,2026-08-17T18:29:00.000Z,Açık,22.1,22.1,58,306,5.4,920.8,1007.6,45870,,0,0,0,0,0,0,,,16.62,2026-08-17T18:44:17+00:00
Eskişehir,Çifteler,ÇİFTELER,17723,2026-08-17T18:29:00.000Z,Açık,18.8,18.8,63,0,3.24,912.6,1009.7,44330,,0,0,0,0,0,0,,,14.3,2026-08-17T18:44:17+00:00
Eskişehir,Mahmudiye,MAHMUDİYE TİGEM,17899,2026-08-17T18:26:00.000Z,Açık,20.3,20.3,58,317,4.680000000000001,912.2,1008.3,,,0,0,0,0,0,0,,,15.02,2026-08-17T18:44:17+00:00
Eskişehir,Sivrihisar,SİVRİHİSAR,17973,2026-08-17T18:29:00.000Z,Açık,20.5,20.5,54,21,16.2,892.8,1006.7,,,0,2.8,0,0,2.8,2.8,,,14.67,2026-08-17T18:44:17+00:00
Eskişehir,Alpu,ALPU,18088,2026-08-17T18:29:00.000Z,Açık,19.9,19.9,73,7,2.8800000000000003,924.5,1008.6,,,0,3.8,0,3.8,3.8,3.8,,,16.56,2026-08-17T18:44:17+00:00
Eskişehir,Mihalıçcık,MİHALIÇÇIK/ÇATACIK,18089,2026-08-17T18:29:00.000Z,Açık,13.2,13.2,94,35,5.4,841,1009,,,0,5.8,0,5.8,5.8,5.8,,,12.51,2026-08-17T18:44:17+00:00
Eskişehir,Günyüzü,GÜNYÜZÜ,18090,2026-08-17T18:29:00.000Z,Açık,18,18,62,233,7.5600000000000005,914.8,1006.9,,,0,0.4,0,0.4,0.4,0.4,,,13.46,2026-08-17T18:44:17+00:00
Eskişehir,Sarıcakaya,SARICAKAYA,18091,2026-08-17T18:28:00.000Z,Az Bulutlu,24.1,24.1,54,0,2.16,980.3,1007.7,,,0,0,0,0,0,0,,,17.82,2026-08-17T18:44:17+00:00
Eskişehir,Mihalıçcık,MİHALIÇÇIK,18092,2026-08-17T18:29:00.000Z,Açık,16.1,16.1,75,5,17.28,860.2,1008.5,,,0,9.5,0,7.7,9.5,9.5,,,13.22,2026-08-17T18:44:17+00:00
Eskişehir,Beylikova,BEYLİKOVA,18388,2026-08-17T18:29:00.000Z,Açık,19.3,19.3,61,257,3.6,,,,,0,0,0,0,0,0,,,14.51,2026-08-17T18:44:17+00:00
Eskişehir,Han,HAN,18389,2026-08-17T18:29:00.000Z,Açık,18.3,18.3,61,320,6.84,,,,,0,0.06,0,0.06,0.06,0.06,,,13.6,2026-08-17T18:44:17+00:00
Eskişehir,Seyitgazi,SEYİTGAZİ,18390,2026-08-17T18:29:00.000Z,Açık,20.9,20.9,60,345,6.12,,,,,0,0,0,0,0,0,,,15.82,2026-08-17T18:44:17+00:00
Eskişehir,Alpu,ALPU/ALAPINAR KÖYÜ,18590,2026-08-17T18:29:00.000Z,Açık,16.7,16.7,100,,,,,,,0,0,0,0,0,0,,,,2026-08-17T18:44:17+00:00
Eskişehir,Tepebaşı,TEPEBAŞI/BOZDAĞ MEVKİ,18602,2026-08-17T18:29:00.000Z,Açık,17.5,17.5,95,,,,,,,0,0,0,0,0,0,,,16.9,2026-08-17T18:44:17+00:00
Eskişehir,Odunpazarı,ODUNPAZARI/KANLIPINAR KÖYÜ,18739,2026-08-17T18:29:00.000Z,Açık,20.1,20.1,66,279,9,,,,,0,0,0,0,0,0,,,15.87,2026-08-17T18:44:17+00:00
Eskişehir,Sivrihisar,SİVRİHİSAR/KARACAKAYA KÖYÜ,18740,2026-08-17T18:29:00.000Z,Parçalı Bulutlu,18.8,18.8,68,,,,,,,0,0,0,0,0,0,,,14.92,2026-08-17T18:44:17+00:00
Eskişehir,Seyitgazi,SEYİTGAZİ/KIRKA BELDESİ,18832,2026-08-17T18:29:00.000Z,Açık,19.6,19.6,72,359,12.6,,,,,0,0,0,0,0,0,,,16.16,2026-08-17T18:44:17+00:00
Eskişehir,Mihalıçcık,MİHALIÇÇIK/KIZILTEPE ORMAN SAHASI,18833,2026-08-17T18:29:00.000Z,Açık,13.2,13.2,100,219,2.8800000000000003,,,,,0,5.97,0,5.97,5.97,5.97,,,,2026-08-17T18:44:17+00:00
Eskişehir,Tepebaşı,TEPEBAŞI/ÇANAKKIRAN KÖYÜ,18834,2026-08-17T18:29:00.000Z,Açık,19.4,19.4,83,,,,,,,0,0,0,0,0,0,,,17.32,2026-08-17T18:44:17+00:00
Eskişehir,Sivrihisar,SİVRİHİSAR/KAYMAZ BELDESİ,18900,2026-08-17T18:28:00.000Z,Az Bulutlu,20.3,20.3,54,9,10.44,892.5,1007.5,,,0,0,0,0,0,0,,,14.49,2026-08-17T18:44:17+00:00
Eskişehir,Odunpazarı,ODUNPAZARI/KİREÇKÖYÜ,18946,2026-08-17T18:29:00.000Z,Açık,21.6,21.6,60,309,9,907.9,1006.7,,,0,0,0,0,0,0,,,16.45,2026-08-17T18:44:17+00:00
Eskişehir,İnönü,İNÖNÜ/THK TESİSLERİ,19143,2026-08-17T18:29:00.000Z,Açık,17.7,17.7,77,235,5.4,,,,,0,0,0,0,0,0,,,14.97,2026-08-17T18:44:17+00:00
Eskişehir,Sivrihisar,SİVRİHİSAR/OĞLAKÇI KÖYÜ,19144,2026-08-17T17:02:00.000Z,Az Bulutlu,21.6,21.6,65,,,,,,,,0.08,,0.08,0.08,0.08,,,17.11,2026-08-17T18:44:17+00:00
Eskişehir,Seyitgazi,SEYİTGAZİ/İDRİSYAYLA KÖYÜ,19145,2026-08-17T18:29:00.000Z,Açık,15.9,15.9,74,,,,,,,0,0,0,0,0,0,,,12.91,2026-08-17T18:44:17+00:00
Eskişehir,Seyitgazi,SEYİTGAZİ/YENİKENT KÖYÜ,19146,2026-08-17T18:29:00.000Z,Açık,20.2,20.2,77,,,,,,,0,0,0,0,0,0,,,17.35,2026-08-17T18:44:17+00:00
Eskişehir,Günyüzü,Eskişehir / GÜNYÜZÜ/KAYAKENT MEVKİ,19147,2026-08-17T18:29:00.000Z,Açık,16.7,16.7,64,,,,,,,0,0,0,0,0,0,,,12.51,2026-08-17T18:44:17+00:00
Eskişehir,Mihalgazi,MİHALGAZİ,19372,2026-08-17T18:29:00.000Z,Az Bulutlu,26.4,27.3,55,240,10.44,980.1,1006.3,,,0,0,0,0,0,0,,,19.99,2026-08-17T18:44:17+00:00
Eskişehir,Odunpazarı,ODUNPAZARI/TÜRKMENDAĞI,19904,2026-08-17T18:28:00.000Z,Açık,16.4,16.4,75,267,6.48,,,,,0,0,0,0,0,0,,,13.5,2026-08-17T18:44:17+00:00
Gaziantep,Oğuzeli,GAZİANTEP HAVALİMANI,17260,2026-08-17T18:10:00.000Z,Açık,25.7,26.1,44,293,20.52,932,1010.8,10000,0,,0,0,0,0,0,,,17.63,2026-08-17T18:44:17+00:00
Gaziantep,Şahinbey,GAZİANTEP,17261,2026-08-17T18:29:00.000Z,Açık,23.9,23.9,47,271,6.12,913.7,1004.5,50740,,0,0,0,0,0,0,,,16.6,2026-08-17T18:44:17+00:00
Gaziantep,İslahiye,İSLAHİYE,17965,2026-08-17T18:29:00.000Z,Açık,27.1,27.1,34,293,5.4,954.8,,,,0,0,0,0,0,0,,,16.97,2026-08-17T18:44:17+00:00
Gaziantep,Karkamış,KARKAMIŞ,18150,2026-08-17T18:29:00.000Z,Açık,27.7,28,46,301,9.360000000000001,966.5,1007.3,,,0,0,0,0,0,0,,,19.64,2026-08-17T18:44:17+00:00
Gaziantep,Nurdağı,NURDAĞI,18151,2026-08-17T18:29:00.000Z,Açık,26,26.8,53,307,24.840000000000003,952.1,1005.5,,,0,0,0,0,0,0,,,19.33,2026-08-17T18:44:17+00:00
Gaziantep,Araban,ARABAN,18152,2026-08-17T18:29:00.000Z,Açık,26.6,27.2,50,247,12.24,947.7,1005.2,,,0,0,0,0,0,0,,,19.37,2026-08-17T18:44:17+00:00
Gaziantep,Nizip,NİZİP,18153,2026-08-17T18:29:00.000Z,Açık,26.1,26.5,46,297,10.44,941.9,1004.2,,,0,0,0,0,0,0,,,18.3,2026-08-17T18:44:17+00:00
Gaziantep,Şahinbey,ŞAHİNBEY,18271,2026-08-17T18:29:00.000Z,Açık,21.4,21.4,60,241,9.72,,,,,0,0,0,0,0,0,,,16.27,2026-08-17T18:44:17+00:00
Gaziantep,Şehitkamil,ŞEHİTKAMİL,18272,2026-08-17T18:29:00.000Z,Açık,21.8,21.8,54,259,6.84,,,,,0,0,0,0,0,0,,,15.81,2026-08-17T18:44:17+00:00
Gaziantep,Yavuzeli,YAVUZELİ,18273,2026-08-17T18:29:00.000Z,Açık,26.2,26.9,51,266,14.76,,,,,0,0.12,0,0,0.05,0.12,,,19.19,2026-08-17T18:44:17+00:00
Gaziantep,Oğuzeli,OĞUZELİ/KOVANLI KÖYÜ,18864,2026-08-17T18:29:00.000Z,Açık,24,24,65,,,,,,,0,0,0,0,0,0,,,19.31,2026-08-17T18:44:17+00:00
Gaziantep,İslahiye,İSLAHİYE/ALACA KÖYÜ,18865,2026-08-17T18:29:00.000Z,Açık,21.6,21.6,66,,,,,,,0,0,0,0,0,0,,,17.25,2026-08-17T18:44:17+00:00
Gaziantep,Nizip,NİZİP/ULUYATIR,19175,2026-08-17T18:29:00.000Z,Açık,26.5,27,48,,,,,,,0,0,0,0,0,0,,,18.96,2026-08-17T18:44:17+00:00
Gaziantep,Şehitkamil,ŞEHİTKAMİL/GAZİANTEP SOFT TEPE RADAR SAHASI,19176,2026-08-17T18:29:00.000Z,Açık,17.8,17.8,87,0,36.72,,,,,0,0,0,0,0,0,,,16.25,2026-08-17T18:44:17+00:00
Gaziantep,Oğuzeli,OĞUZELİ,19286,2026-08-17T18:28:00.000Z,Açık,25.5,26.2,50,274,8.28,,,0,,0,0,0,0,0,0,,,18.43,2026-08-17T18:44:17+00:00
Giresun,Merkez,GİRESUN,17034,2026-08-17T18:29:00.000Z,Çok Bulutlu,24.4,24.4,77,230,3.24,1007.3,1011.7,20000,6,0,0,0,0,0,0.1,,26.1,21.34,2026-08-17T18:44:17+00:00
Giresun,Şebinkarahisar,ŞEBİNKARAHİSAR,17682,2026-08-17T18:29:00.000Z,Çok Bulutlu,18.2,18.2,66,261,6.12,862.5,1006,54090,,0,0.1,0.1,0.1,0.1,0.1,,,14.12,2026-08-17T18:44:17+00:00
Giresun,Dereli,DERELİ/KÜMBET YAYLASI,17686,2026-08-17T18:29:00.000Z,Çok Bulutlu,13.2,13.2,100,129,2.16,826.6,1009.5,,,0,0.3,0,0,0,0.3,,,,2026-08-17T18:44:17+00:00
Giresun,Çamoluk,ÇAMOLUK,18220,2026-08-17T18:29:00.000Z,HHY,17.5,17.5,90,292,7.5600000000000005,894.7,1005,,,1.3,3.4,3.4,3.4,3.4,3.4,,,16.31,2026-08-17T18:44:17+00:00
Giresun,Doğankent,DOĞANKENT,18221,2026-08-17T18:29:00.000Z,Parçalı Bulutlu,21.3,21.3,86,104,0,988.9,1009.1,,,0,0.3,0,0,0.3,0.3,,,19.54,2026-08-17T18:44:17+00:00
Giresun,Dereli,DERELİ/YAVUZKEMAL,18222,2026-08-17T18:29:00.000Z,Çok Bulutlu,13.3,13.3,91,23,0.7200000000000001,828.3,1009.4,,,0,0.2,0,0,0.2,0.4,,,12.28,2026-08-17T18:44:17+00:00
Giresun,Çanakçı,ÇANAKÇI,18223,2026-08-17T18:29:00.000Z,Çok Bulutlu,21.6,21.6,98,183,2.52,995.6,1012.7,,,0,20.2,0,0,0.6,20.4,,,21.37,2026-08-17T18:44:17+00:00
Giresun,Alucra,ALUCRA,18224,2026-08-17T18:28:00.000Z,Çok Bulutlu,17.5,17.5,84,241,8.64,850.7,1005.4,,,0,0.6,0,0.5,0.5,0.6,,,15.6,2026-08-17T18:44:17+00:00
Giresun,Tirebolu,TİREBOLU,18225,2026-08-17T18:29:00.000Z,Çok Bulutlu,21.9,21.9,99,169,2.52,1010.9,1011.5,,,0,48.4,0,0,0,53.8,,,21.8,2026-08-17T18:44:17+00:00
Giresun,Bulancak,BULANCAK,18558,2026-08-17T18:29:00.000Z,Çok Bulutlu,21.6,21.6,87,260,1.4400000000000002,,,,,0,0.57,0,0,0,0.57,,,19.96,2026-08-17T18:44:17+00:00
Giresun,Eynesil,EYNESİL/ÖREN BELDESİ,18559,2026-08-17T18:29:00.000Z,Parçalı Bulutlu,16.9,16.9,88,222,14.04,,,,,0,2.43,0,0,2.21,2.5,,,15.48,2026-08-17T18:44:17+00:00
Giresun,Görele,GÖRELE/KUŞÇULU KÖYÜ,18560,2026-08-17T18:29:00.000Z,Çok Bulutlu,20.8,20.8,91,194,11.16,,,,,0,14.39,0,0,12.97,16.03,,,19.68,2026-08-17T18:44:17+00:00
Giresun,Güce,GÜCE,18561,2026-08-17T18:29:00.000Z,Çok Bulutlu,20.4,20.4,99,162,4.32,,,,,0,14.51,0,0,0,15.98,,,20.29,2026-08-17T18:44:17+00:00
Giresun,Keşap,KEŞAP/YİVDİNCİK KÖYÜ,18562,2026-08-17T18:29:00.000Z,Çok Bulutlu,18.1,18.1,99,168,5.760000000000001,,,,,0,12.29,0,0.82,0.82,12.46,,,17.98,2026-08-17T18:44:17+00:00
Giresun,Yağlıdere,YAĞLIDERE,18563,2026-08-17T18:29:00.000Z,Çok Bulutlu,21.2,21.2,83,217,3.9600000000000004,,,,,0,8.35,0,0.43,0.43,9.55,,,19.06,2026-08-17T18:44:17+00:00
Giresun,Dereli,DERELİ/TAMDERE KÖYÜ,18720,2026-08-17T18:29:00.000Z,Çok Bulutlu,11.8,11.8,100,,,,,,,0,0,0,0,0,0,,,,2026-08-17T18:44:17+00:00
Giresun,Bulancak,BULANCAK/SERPİN YAYLASI,18721,2026-08-17T18:29:00.000Z,Çok Bulutlu,13,13,100,,,,,,,0,0,0,0,0,0,,,,2026-08-17T18:44:17+00:00
Giresun,Alucra,ALUCRA/ÇAKRAK KÖYÜ,18722,2026-08-17T18:29:00.000Z,Çok Bulutlu,11,11,90,,,,,,,0,0,0,0,0,0,,,9.9,2026-08-17T18:44:17+00:00
Giresun,Görele,GÖRELE/SİS DAĞI,18730,2026-08-17T18:29:00.000Z,Çok Bulutlu,10.9,10.9,90,,,,,,,0,4.43,0,1.5,1.5,4.43,,,9.81,2026-08-17T18:44:17+00:00
Giresun,Dereli,Giresun / DERELİ/KÜMBET KAYAK MERKEZİ,18921,2026-08-17T18:29:00.000Z,Çok Bulutlu,12.4,12.4,100,138,2.52,,,,,0,0.11,0,0.11,0.11,0.11,,,,2026-08-17T18:44:17+00:00
Giresun,Yağlıdere,YAĞLIDERE/SINIRKÖY KÖYÜ,19053,2026-08-17T18:29:00.000Z,Çok Bulutlu,16.4,16.4,100,,,,,,,0,0,0,0,0,0,,,,2026-08-17T18:44:17+00:00
Giresun,Merkez,GİRESUN/İNİŞDİBİ KÖYÜ,19054,2026-08-17T18:29:00.000Z,Çok Bulutlu,15.9,15.9,100,,,,,,,0,0,0,0,0,0.45,,,,2026-08-17T18:44:17+00:00
Giresun,Alucra,ALUCRA/GÜRBULAK KÖYÜ,19055,2026-08-17T18:29:00.000Z,Çok Bulutlu,15.8,15.8,90,,,,,,,0,0,0,0,0,0,,,14.63,2026-08-17T18:44:17+00:00
Giresun,Espiye,ESPİYE,19237,2026-08-17T18:29:00.000Z,Çok Bulutlu,24.1,24.1,87,174,4.680000000000001,,,,,0,17.38,0,0,0,37.3,,,22.41,2026-08-17T18:44:17+00:00
Giresun,Espiye,ESPİYE/AVLUCA,19238,2026-08-17T18:29:00.000Z,HHY,18.7,18.7,100,,,,,,,0.06,6.04,0.37,0.37,5.05,6.04,,,,2026-08-17T18:44:17+00:00
Giresun,Bulancak,BULANCAK/KOVANLIK,19239,2026-08-17T18:29:00.000Z,Çok Bulutlu,16.1,16.1,91,22,6.12,,,,,0,0.3,0.1,0.3,0.3,0.3,,,15.04,2026-08-17T18:44:17+00:00
Giresun,Şebinkarahisar,ŞEBİNKARAHİSAR/GÜRPINAR KÖYÜ,19240,2026-08-17T18:29:00.000Z,Çok Bulutlu,15.3,15.3,98,,,,,,,0,0,0,0,0,0,,,15.05,2026-08-17T18:44:17+00:00
Giresun,Dereli,DERELİ,19377,2026-08-17T18:28:00.000Z,Çok Bulutlu,22.1,22.1,86,224,1.4400000000000002,,,2790,,0,0,0,0,0,0,,,20.32,2026-08-17T18:44:17+00:00
Gümüşhane,Merkez,GÜMÜŞHANE,17088,2026-08-17T18:29:00.000Z,Çok Bulutlu,18,18,90,0,0,878.5,1008,52450,,0,0.7,0,0.7,0.7,1.6,,,16.8,2026-08-17T18:44:17+00:00
Gümüşhane,Torul,Gümüşhane / ZİGANA KAYAK MERKEZİ,17696,2026-08-17T18:29:00.000Z,Çok Bulutlu,11.9,11.9,100,18,9.360000000000001,795.2,1008.4,,,0,0.2,0,0,0,0.2,,,,2026-08-17T18:44:17+00:00
Gümüşhane,Kürtün,KÜRTÜN,18226,2026-08-17T18:29:00.000Z,Çok Bulutlu,17.3,17.3,99,21,1.08,936.2,1018.7,,,0,0,0,0,0,0,,,17.17,2026-08-17T18:44:17+00:00
Gümüşhane,Torul,TORUL,18227,2026-08-17T18:29:00.000Z,Çok Bulutlu,19.3,19.3,99,46,15.120000000000001,900.7,1009.9,,,0,0,0,0,0,0,,,19.18,2026-08-17T18:44:17+00:00
Gümüşhane,Kelkit,KELKİT,18228,2026-08-17T18:28:00.000Z,Parçalı Bulutlu,13.9,13.9,98,124,7.5600000000000005,848.7,1003.9,,,0,7.6,0,7.6,7.6,7.6,,,13.64,2026-08-17T18:44:17+00:00
Gümüşhane,Köse,KÖSE,18564,2026-08-17T18:29:00.000Z,HHY,14.2,14.2,27,222,9.72,,,,,0,1.59,1.04,1.59,1.59,1.59,,,6.07,2026-08-17T18:44:17+00:00
Gümüşhane,Şiran,ŞİRAN,18565,2026-08-17T18:29:00.000Z,Çok Bulutlu,15.8,15.8,86,124,12.96,,,,,0,6.95,0,6.95,6.95,6.95,,,14.18,2026-08-17T18:44:17+00:00
Gümüşhane,Merkez,GÜMÜŞHANE/SARGINKAYA KÖYÜ,18723,2026-08-17T18:29:00.000Z,HHY,13.7,13.7,97,,,,,,,1.78,5.43,4.64,5.43,5.43,5.69,,,13.33,2026-08-17T18:44:17+00:00
Gümüşhane,Kürtün,KÜRTÜN/ELCİĞEZ KÖYÜ,18724,2026-08-17T18:29:00.000Z,Çok Bulutlu,12.1,12.1,90,,,,,,,0,0,0,0,0,0,,,10.99,2026-08-17T18:44:17+00:00
Gümüşhane,Kürtün,KÜRTÜN/BEYTARLA KÖYÜ,18725,2026-08-17T16:18:00.000Z,Çok Bulutlu,13.8,13.8,100,,,,,,,,0,,0,0,0,,,,2026-08-17T18:44:17+00:00
Gümüşhane,Merkez,GÜMÜŞHANE/AŞAĞIYUVALI KÖYÜ,18726,2026-08-17T18:29:00.000Z,HHY,10.3,10.3,100,,,,,,,0.82,5.01,1.43,5.01,5.01,6.98,,,,2026-08-17T18:44:17+00:00
Gümüşhane,Kürtün,KÜRTÜN/ARPACIK KÖYÜ,18727,2026-08-17T18:29:00.000Z,Çok Bulutlu,10.3,10.3,0,,,,,,,0,0.21,0,0,0.21,0.21,,,,2026-08-17T18:44:17+00:00
Gümüşhane,Merkez,GÜMÜŞHANE/OLUCAK KARAYAYLA,18728,2026-08-17T18:28:00.000Z,Çok Bulutlu,11.2,11.2,78,,,,,,,0,0.99,0,0.99,0.99,2.96,,,8.88,2026-08-17T18:44:17+00:00
Gümüşhane,Kelkit,KELKİT/KARACAÖREN KÖYÜ,18729,2026-08-17T18:29:00.000Z,Çok Bulutlu,13.2,13.2,100,,,,,,,0,14.95,0,14.95,14.95,14.95,,,,2026-08-17T18:44:17+00:00
Gümüşhane,Merkez,GÜMÜŞHANE/SUNGURBEYLİ KÖYÜ,19056,2026-08-17T18:29:00.000Z,Çok Bulutlu,13.7,13.7,90,,,,,,,0,0.93,0.17,0.93,0.93,1.83,,,12.56,2026-08-17T18:44:17+00:00
Gümüşhane,Kelkit,KELKİT/GÜLTEPE KÖYÜ,19057,2026-08-17T18:29:00.000Z,Çok Bulutlu,13.3,13.3,90,,,,,,,0,37.91,0,35.18,37.91,37.91,,,12.17,2026-08-17T18:44:17+00:00
Gümüşhane,Kelkit,KELKİT/ÇAMUR KÖYÜ,19241,2026-08-17T18:29:00.000Z,Parçalı Bulutlu,14,14,86,,,,,,,0,11.11,0,11.11,11.11,11.74,,,12.42,2026-08-17T18:44:17+00:00
Gümüşhane,Torul,TORUL/GÜLAÇAR KÖYÜ,19242,2026-08-17T18:29:00.000Z,Çok Bulutlu,16.5,16.5,97,,,,,,,0,4.24,0,4.24,4.24,4.29,,,16.14,2026-08-17T18:44:17+00:00
Hakkari,Merkez,HAKKARİ,17285,2026-08-17T18:29:00.000Z,Az Bulutlu,23.4,23.4,21,311,5.4,826.3,1000,15000,2,0,0,0,0,0,0,,,11.62,2026-08-17T18:44:17+00:00
Hakkari,Yüksekova,HAKKARİ YÜKSEKOVA SELAHADDİN EYYUBİ HAVALİMANI,17815,2026-08-17T18:05:00.000Z,Açık,,,,,,,,,,,0,0,0,0,0,,,,2026-08-17T18:44:17+00:00
Hakkari,Yüksekova,YÜKSEKOVA,17920,2026-08-17T18:28:00.000Z,Az Bulutlu,19.3,19.3,35,42,5.04,812.7,1001,46840,,0,0,0,0,0,0,,,11.04,2026-08-17T18:44:17+00:00
Hakkari,Şemdinli,ŞEMDİNLİ,18234,2026-08-17T18:29:00.000Z,Az Bulutlu,20.8,20.8,40,221,1.8,866.5,1001.9,,,0,0,0,0,0,0,,,12.97,2026-08-17T18:44:17+00:00
Hakkari,Merkez,HAKKARİ/DURANKAYA BELDESİ,18771,2026-08-17T18:29:00.000Z,Açık,22.5,22.5,27,,,,,,,0,2.38,0,1.1,2.38,2.38,,,12.17,2026-08-17T18:44:17+00:00
Hakkari,Merkez,HAKKARİ KAYAK MERKEZİ,19909,2026-08-17T18:28:00.000Z,Açık,16.2,16.2,32,248,14.76,,,,,0,0,0,0,0,0,,,8.21,2026-08-17T18:44:17+00:00
Hatay,İskenderun,İSKENDERUN,17370,2026-08-17T18:29:00.000Z,Parçalı Bulutlu,28.6,31.2,64,295,5.04,1008.5,1009,20000,3,0,0,0,0,0,0,,30.6,23.37,2026-08-17T18:44:17+00:00
Hatay,Antakya,HATAY HAVALİMANI,17371,2026-08-17T18:05:00.000Z,Parçalı Bulutlu,27.3,28.4,56,212,15.840000000000002,998.7,1008.4,10000,4,,0,0,0,0,0,,,20.94,2026-08-17T18:44:17+00:00
Hatay,Antakya,ANTAKYA,17372,2026-08-17T18:13:00.000Z,Parçalı Bulutlu,26,27.5,65,211,7.5600000000000005,990.9,1008.5,,,,0,0,0,0,0,,,21.14,2026-08-17T18:44:17+00:00
Hatay,Reyhanlı,REYHANLI TİGEM,17645,2026-08-17T18:29:00.000Z,Açık,27.2,29.8,73,274,9,997.1,1007.8,,,0,0,0,0,0,0,,,23.43,2026-08-17T18:44:17+00:00
Hatay,Dörtyol,DÖRTYOL,17962,2026-08-17T18:29:00.000Z,Açık,27.5,29.7,67,167,3.6,1005.8,1009.1,,,0,3.6,0.2,1.2,2.6,4.6,,,22.82,2026-08-17T18:44:17+00:00
Hatay,Belen,BELEN,18057,2026-08-17T18:29:00.000Z,Açık,22.1,22.1,83,304,3.9600000000000004,940,1008.2,,,0,0,0,0,0,0,,,19.93,2026-08-17T18:44:17+00:00
Hatay,Altınözü,ALTINÖZÜ,18058,2026-08-17T18:29:00.000Z,Açık,24.4,24.4,22,257,17.28,969.7,1008.5,,,0,0,0,0,0,0,,,12.53,2026-08-17T18:44:17+00:00
Hatay,Erzin,ERZİN,18274,2026-08-17T18:29:00.000Z,Açık,25.8,28.3,81,158,4.32,,,,,0,0,0,0,0,0,,,23.24,2026-08-17T18:44:17+00:00
Hatay,Hassa,HASSA,18275,2026-08-17T18:29:00.000Z,Açık,26.6,27.3,51,298,12.6,,,20000,,0,0,0,0,0,0,,,19.54,2026-08-17T18:44:17+00:00
Hatay,Kırıkhan,KIRIKHAN,18276,2026-08-17T18:29:00.000Z,Açık,27.8,28.1,46,230,7.5600000000000005,,,,,0,0,0,0,0,0,,,19.73,2026-08-17T18:44:17+00:00
Hatay,Kumlu,KUMLU,18277,2026-08-17T18:29:00.000Z,Açık,27.1,29.4,70,196,6.48,,,,,0,0,0,0,0,0,,,22.89,2026-08-17T18:44:17+00:00
Hatay,Yayladağı,YAYLADAĞI,18278,2026-08-17T18:29:00.000Z,Parçalı Bulutlu,23.8,23.8,82,253,1.4400000000000002,,,,,0,0,0,0,0,0,,,21.45,2026-08-17T18:44:17+00:00
Hatay,Arsuz,ARSUZ,18858,2026-08-17T18:29:00.000Z,Çok Bulutlu,27.2,29.1,65,180,3.9600000000000004,,,,,0,0,0,0,0,0,,,22.24,2026-08-17T18:44:17+00:00
Hatay,Defne,DEFNE,19363,2026-08-17T18:29:00.000Z,Çok Bulutlu,28,31.4,74,231,12.24,,,,,0,0,0,0,0,0,,,24.33,2026-08-17T18:44:17+00:00
Hatay,Payas,PAYAS,19378,2026-08-17T18:29:00.000Z,Az Bulutlu,23.8,23.8,71,49,1.8,,,,,0,0.2,0,0,0.2,0.2,,,19.96,2026-08-17T18:44:17+00:00
Isparta,Merkez,ISPARTA,17240,2026-08-17T18:29:00.000Z,Parçalı Bulutlu,21.8,21.8,63,140,3.24,900.1,1007,20000,3,0,2.4,0,0,2.4,3.7,,,17.03,2026-08-17T18:44:17+00:00
Isparta,Gönen,ISPARTA SÜLEYMAN DEMİREL HAVALİMANI,17241,2026-08-17T18:05:00.000Z,Parçalı Bulutlu,21.6,21.6,61,170,5.760000000000001,913.9,1013.3,10000,4,,2.8,0,0,0,3.4,,,16.58,2026-08-17T18:44:17+00:00
Isparta,Senirkent,SENİRKENT,17826,2026-08-17T18:28:00.000Z,Çok Bulutlu,21.2,21.2,58,0,0,903,1006.3,,,0,2.3,0,0,0,4.6,,,15.82,2026-08-17T18:44:17+00:00
Isparta,Yalvaç,YALVAÇ,17828,2026-08-17T18:29:00.000Z,Açık,20.6,20.6,63,83,3.24,890,1007,29120,,0,0.1,0,0,0,1.1,,,15.94,2026-08-17T18:44:17+00:00
Isparta,Şarkikaraağaç,ŞARKİKARAĞAÇ,17863,2026-08-17T18:29:00.000Z,Açık,17.1,17.1,70,139,5.760000000000001,883.5,1006.7,,,0,0,0,0,0,0,,,13.58,2026-08-17T18:44:17+00:00
Isparta,Uluborlu,ULUBORLU,17864,2026-08-17T18:29:00.000Z,Çok Bulutlu,22.1,22.1,63,272,6.12,897.1,1006.8,,,0,2.2,0,0,0,3.8,,,17.3,2026-08-17T18:44:17+00:00
Isparta,Aksu,AKSU/ANAMAS,17865,2026-08-17T18:29:00.000Z,Parçalı Bulutlu,15.9,15.9,85,0,0,,,,,0,3.8,0,0,3.8,5.2,,,14.16,2026-08-17T18:44:17+00:00
Isparta,Eğirdir,EĞİRDİR,17882,2026-08-17T18:29:00.000Z,Parçalı Bulutlu,20.8,20.8,73,171,18,907.8,1007.2,26590,,0,0,0,0,0,3.6,,,17.41,2026-08-17T18:44:17+00:00
Isparta,Atabey,ATABEY,17885,2026-08-17T18:29:00.000Z,Az Bulutlu,19,19,66,333,8.28,,,,,0,0.3,0,0.1,0.3,1.4,,,14.86,2026-08-17T18:44:17+00:00
Isparta,Merkez,ISPARTA/DAVRAZ KAYAK MERKEZİ,17888,2026-08-17T18:29:00.000Z,Çok Bulutlu,13.8,13.8,93,251,7.2,806,1009.1,,,0,3.8,0,1,2.6,5.8,,,12.99,2026-08-17T18:44:17+00:00
Isparta,Sütçüler,SÜTÇÜLER,17893,2026-08-17T18:27:00.000Z,Açık,19.4,19.4,63,72,8.64,899.4,1005.2,,,0,0.2,0,0,0.2,0.2,,,14.85,2026-08-17T18:44:17+00:00
Isparta,Gelendost,GELENDOST,18114,2026-08-17T18:29:00.000Z,Çok Bulutlu,20.7,20.7,69,285,5.760000000000001,898.4,1007,,,0,0,0,0,0,0,,,16.8,2026-08-17T18:44:17+00:00
Isparta,Yenişarbademli,YENİŞARBADEMLİ,18115,2026-08-17T18:29:00.000Z,Açık,17.6,17.6,68,227,9,882.5,1007.1,,,0,0,0,0,0,0,,,13.81,2026-08-17T18:44:17+00:00
Isparta,Gönen,ISPARTA/GÖNEN,18315,2026-08-17T18:29:00.000Z,Parçalı Bulutlu,20.6,20.6,60,343,6.12,,,,,0,0.88,0,0,0,1.59,,,15.55,2026-08-17T18:44:17+00:00
Isparta,Keçiborlu,KEÇİBORLU,18316,2026-08-17T18:29:00.000Z,Parçalı Bulutlu,20.8,20.8,64,298,9,,,,,0,6.78,0,0,0,6.78,,,16.25,2026-08-17T18:44:17+00:00
Isparta,Sütçüler,SÜTÇÜLER/BEYDİLİ KÖYÜ,18608,2026-08-17T18:29:00.000Z,Açık,14.7,14.7,94,,,,,,,0,0,0,0,0,0.37,,,14.0,2026-08-17T18:44:17+00:00
Isparta,Eğirdir,EĞİRDİR/SARIİDRİS BELDESİ,18616,2026-08-17T18:29:00.000Z,Parçalı Bulutlu,19.3,19.3,63,,,,,,,0,0,0,0,0,0.93,,,14.76,2026-08-17T18:44:17+00:00
Isparta,Yalvaç,YALVAÇ/AKDAĞ MEVKİ,18624,2026-08-17T18:29:00.000Z,Çok Bulutlu,18.5,18.5,69,,,,,,,0,0,0,0,0,0.26,,,14.76,2026-08-17T18:44:17+00:00
Isparta,Sütçüler,SÜTÇÜLER/KASIMLAR BELDESİ,18844,2026-08-17T18:29:00.000Z,Açık,18.7,18.7,76,,,,,,,0,0.08,0,0.08,0.08,0.44,,,15.8,2026-08-17T18:44:17+00:00
Isparta,Sütçüler,SÜTÇÜLER / AYVALIIPINAR BELDESİ,18845,2026-08-17T18:29:00.000Z,Açık,16.5,16.5,89,,,,,,,0,7.28,0,1.22,7.28,7.99,,,15.21,2026-08-17T18:44:17+00:00
Isparta,Yalvaç,YALVAÇ/YARIKKAYA KÖYÜ,18846,2026-08-17T18:29:00.000Z,Açık,18.1,18.1,56,,,,,,,0,1.85,0,0,0.05,1.85,,,12.81,2026-08-17T18:44:17+00:00
Isparta,Yalvaç,YALVAÇ/ÇETİNCE,19100,2026-08-17T18:29:00.000Z,Açık,17.3,17.3,63,,,,,,,0,0.35,0,0,0.35,0.47,,,12.94,2026-08-17T18:44:17+00:00
Isparta,Yenişarbademli,YENİŞARBADEMLİ/DEDEGÖL TEPESİ,19105,2026-08-17T18:29:00.000Z,Açık,16.8,16.8,57,,,,,,,0,0,0,0,0,0,,,11.78,2026-08-17T18:44:17+00:00
Isparta,Merkez,ISPARTA/GÖLCÜK MİLLİ PARKI,19155,2026-08-17T18:02:00.000Z,Parçalı Bulutlu,13.5,13.5,82,0,0,,,,,,0.3,0,0,0.3,2.6,,,11.5,2026-08-17T18:44:17+00:00
Isparta,Şarkikaraağaç,ŞARKİKARAAĞAÇ/SARIKAYA KÖYÜ,19159,2026-08-17T18:29:00.000Z,Açık,20.9,20.9,69,,,,,,,0,0.04,0,0.03,0.04,0.04,,,16.99,2026-08-17T18:44:17+00:00
Isparta,Merkez,EĞİRDİR/BARLA,19160,2026-08-17T18:29:00.000Z,Parçalı Bulutlu,20.6,20.6,67,38,3.6,,,,,0,0,0,0,0,1.1,,,16.46,2026-08-17T18:44:17+00:00
Isparta,Şarkikaraağaç,ŞARKİKARAAĞAÇ/KIZILDAĞ MİLLİ PARKI,19905,2026-08-17T18:28:00.000Z,Açık,19.3,19.3,45,226,2.8800000000000003,859.7,1010.9,,,0,0.43,0,0,0,0.49,,,12.43,2026-08-17T18:44:17+00:00
Mersin,Anamur,ANAMUR,17320,2026-08-17T18:29:00.000Z,Açık,27.5,28.8,58,321,5.04,1007.6,1007.8,20000,0,0,0,0,0,0,0,,28.4,21.44,2026-08-17T18:44:17+00:00
Mersin,Silifke,SİLİFKE,17330,2026-08-17T18:29:00.000Z,Çok Bulutlu,28.1,30.2,63,108,1.4400000000000002,1006.4,1007.5,,,0,0,0,0,0,0,,,22.76,2026-08-17T18:44:17+00:00
Mersin,Yenişehir,MERSİN,17340,2026-08-17T18:29:00.000Z,Parçalı Bulutlu,29.3,32.4,64,175,2.8800000000000003,1007.1,1007.9,20000,4,0,0,0,0,0,0,,30.7,24.01,2026-08-17T18:44:17+00:00
Mersin,Tarsus,ÇUKUROVA ULUSLARARASI HAVALİMANI,17345,2026-08-17T18:10:00.000Z,Açık,25.1,28.3,94,106,3.9600000000000004,1006.9,1008.5,10000,0,,0,0,0,0,0,,,24.34,2026-08-17T18:44:17+00:00
Mersin,Mut,MUT,17956,2026-08-17T18:29:00.000Z,Çok Bulutlu,26.3,26.5,44,0,0,969.4,1006.8,54350,,0,0.7,0.1,0.7,0.7,1,,,18.13,2026-08-17T18:44:17+00:00
Mersin,Erdemli,ERDEMLİ,17958,2026-08-17T18:29:00.000Z,Çok Bulutlu,28.9,31.3,61,197,6.12,1006.5,1007.3,,,0,0,0,0,0,0,,,23.17,2026-08-17T18:44:17+00:00
Mersin,Tarsus,TARSUS,17978,2026-08-17T18:29:00.000Z,Az Bulutlu,25.4,27.6,79,84,5.4,1004.9,1006.3,,,0,0,0,0,0,0,,,22.57,2026-08-17T18:44:17+00:00
Mersin,Gülnar,GÜLNAR,18059,2026-08-17T18:29:00.000Z,Az Bulutlu,19.6,19.6,,4,2.16,898.9,1007.2,,,0,0,0,0,0,0,,,,2026-08-17T18:44:17+00:00
Mersin,Çamlıyayla,ÇAMLIYAYLA/MEYVECİLİK ARŞ. (TAGEM),18060,2026-08-17T18:29:00.000Z,Çok Bulutlu,16.2,16.2,97,219,2.16,886.7,1007.1,,,0,1.6,0,0.2,1.6,1.7,,,15.83,2026-08-17T18:44:17+00:00
Mersin,Aydıncık,MERSİN/AYDINCIK,18061,2026-08-17T18:29:00.000Z,Açık,26.4,28,66,247,5.4,1003.2,1003.4,,,0,0,0,0,0,0,,,21.66,2026-08-17T18:44:17+00:00
Mersin,Silifke,SİLİFKE/UZUNCABURÇ,18062,2026-08-17T18:28:00.000Z,Çok Bulutlu,20.6,20.6,50,355,1.08,940.8,,,,0,0,0,0,0,0,,,14.22,2026-08-17T18:44:17+00:00
Mersin,Tarsus,TARSUS/ARDIÇLI,18206,2026-08-17T18:29:00.000Z,Çok Bulutlu,19.8,19.8,66,17,15.120000000000001,,,,,0,0.37,0,0.37,0.37,0.37,,,15.59,2026-08-17T18:44:17+00:00
Mersin,Bozyazı,BOZYAZI,18284,2026-08-17T18:29:00.000Z,Açık,27.2,29.1,66,352,7.2,,,,,0,0,0,0,0,0,,,22.39,2026-08-17T18:44:17+00:00
Mersin,Erdemli,ERDEMLİ/TÖMÜK,18285,2026-08-17T18:29:00.000Z,Çok Bulutlu,26.7,26.7,,348,4.680000000000001,,,,,0,0,0,0,0,0,,,,2026-08-17T18:44:17+00:00
Mersin,Toroslar,TOROSLAR/ARSLANKÖY,18287,2026-08-17T18:29:00.000Z,Çok Bulutlu,16.8,16.8,91,192,3.6,854.8,1007.4,,,0,0.51,0,0,0.51,0.51,,,15.73,2026-08-17T18:44:17+00:00
Mersin,Toroslar,TOROSLAR/KIZILBAĞ,18288,2026-08-17T18:29:00.000Z,Çok Bulutlu,18.4,18.4,77,91,2.8800000000000003,,,,,0,3.39,0,3.39,3.39,3.39,,,15.63,2026-08-17T18:44:17+00:00
Mersin,Gülnar,GÜLNAR/KONUR MEVKİ,18650,2026-08-17T18:29:00.000Z,Açık,17.7,17.7,66,,,,,,,0,0,0,0,0,0,,,13.66,2026-08-17T18:44:17+00:00
Mersin,Erdemli,ERDEMLİ/YAĞDA KÖYÜ,18651,2026-08-17T18:29:00.000Z,Çok Bulutlu,17.5,17.5,64,,,,,,,0,0,0,0,0,0,,,13.24,2026-08-17T18:44:17+00:00
Mersin,Silifke,SİLİFKE/GÜNDÜZLER KÖYÜ,18652,2026-08-17T18:29:00.000Z,Çok Bulutlu,18.6,18.6,57,,,,,,,0,0.11,0,0,0,0.35,,,13.38,2026-08-17T18:44:17+00:00
Mersin,Mut,MUT/TOZLU YAYLASI,18653,2026-08-17T18:29:00.000Z,Parçalı Bulutlu,13.6,13.6,69,,,,,,,0,4.28,0,1.7,3.78,4.98,,,10.21,2026-08-17T18:44:17+00:00
Mersin,Mut,MUT/KIZILALAN MEVKİ,18655,2026-08-17T18:29:00.000Z,Az Bulutlu,16.7,16.7,100,,,,,,,0,2.05,0,0.59,1.95,2.4,,,,2026-08-17T18:44:17+00:00
Mersin,Silifke,SİLİFKE/AKDERE ORMAN SAHASI,18870,2026-08-17T18:29:00.000Z,Az Bulutlu,24.8,24.8,89,261,1.8,,,,,0,0,0,0,0,0,,,23.36,2026-08-17T18:44:17+00:00
Mersin,Mut,MUT/ÇORTAK KÖYÜ,18871,2026-08-17T18:29:00.000Z,Çok Bulutlu,25.6,26.5,54,,,,,,,0,0,0,0,0,0,,,19.14,2026-08-17T18:44:17+00:00
Mersin,Mezitli,MEZİTLİ/ÇEVLİK KÖYÜ,18989,2026-08-17T18:28:00.000Z,Çok Bulutlu,24.7,24.7,80,,,,,,,0,0,0,0,0,0,,,22.04,2026-08-17T18:44:17+00:00
Mersin,Mezitli,MEZİTLİ/FINDIKPINARI,18990,2026-08-17T18:28:00.000Z,Çok Bulutlu,17.6,17.6,82,,,,,,,0,2.73,0,0.52,2.64,2.73,,,15.46,2026-08-17T18:44:17+00:00
Mersin,Toroslar,TOROSLAR/DALAKDERESİ,18992,2026-08-17T18:28:00.000Z,Çok Bulutlu,23.3,23.3,88,,,,,,,0,0.04,0,0,0.04,0.04,,,21.76,2026-08-17T18:44:17+00:00
Mersin,Toroslar,TOROSLAR/GÖZNE,18993,2026-08-17T18:29:00.000Z,Çok Bulutlu,18.2,18.2,93,,,,,,,0,2.7,0,0,2.53,2.7,,,17.36,2026-08-17T18:44:17+00:00
Mersin,Mezitli,MEZİTLİ,19180,2026-08-17T18:30:00.000Z,Çok Bulutlu,25.6,28.9,91,330,2.8800000000000003,,,,,0,0,0,0,0,0,,,24.42,2026-08-17T18:44:17+00:00
Mersin,Mut,MUT/SERTAVUL GEÇİDİ,19181,2026-08-17T18:29:00.000Z,Az Bulutlu,15.7,15.7,79,,,,,,,0,0,0,0,0,0,,,13.29,2026-08-17T18:44:17+00:00
Mersin,Akdeniz,AKDENİZ/YANPAR KÖYÜ,19182,2026-08-17T18:29:00.000Z,Çok Bulutlu,27.6,32.2,85,,,,,,,0,0,0,0,0,0,,,25.54,2026-08-17T18:44:17+00:00
İstanbul,Çatalca,ÇATALCA RADAR SAHASI,17047,2026-08-17T18:29:00.000Z,Açık,18.8,18.8,99,88,17.28,968.4,1011.6,,,0,0,0,0,0,0,,,18.68,2026-08-17T18:44:17+00:00
İstanbul,Arnavutköy,İSTANBUL HAVALİMANI,17058,2026-08-17T18:06:00.000Z,Açık,23.4,23.4,67,80,21.240000000000002,1000.1,1011.7,10000,0,,0,0,0,0,0,,,19.04,2026-08-17T18:44:17+00:00
İstanbul,Sarıyer,SARIYER/KUMKÖY-KİLYOS,17059,2026-08-17T18:29:00.000Z,Açık,23.3,23.3,69,102,6.12,1006.6,1010.9,20000,0,0,0,0,0,0,0,,24,19.22,2026-08-17T18:44:17+00:00
İstanbul,Bakırköy,İSTANBUL ATATÜRK HAVALİMANI,17060,2026-08-17T18:10:00.000Z,Açık,23.9,23.9,66,67,21.96,1008.2,1011.4,10000,0,,0,0,0,0,0,,,19.36,2026-08-17T18:44:17+00:00
İstanbul,Sarıyer,SARIYER,17061,2026-08-17T18:29:00.000Z,Açık,22.5,22.5,81,79,8.64,1004.7,1011.5,46130,,0,0,0,0,0,0,,,20.06,2026-08-17T18:44:17+00:00
İstanbul,Kadıköy,KADIKÖY GÖZTEPE RIHTIM,17062,2026-08-17T18:29:00.000Z,Açık,24.3,24.3,72,27,10.08,1009.6,1010.2,51080,,0,0,0,0,0,0,,,20.56,2026-08-17T18:44:17+00:00
İstanbul,Pendik,İSTANBUL SABİHA GÖKÇEN HAVALİMANI,17063,2026-08-17T18:06:00.000Z,Açık,22.7,22.7,72,52,14.4,1001.1,1011.9,10000,0,,0,0,0,0,0,,,19.06,2026-08-17T18:44:17+00:00
İstanbul,Kartal,İSTANBUL BÖLGE,17064,2026-08-17T18:29:00.000Z,Açık,23.2,23.2,68,61,6.84,1008.1,1010.2,10000,0,0,0,0,0,0,0,,,18.99,2026-08-17T18:44:17+00:00
İstanbul,Sancaktepe,SAMANDIRA HAVALİMANI,17065,2026-08-17T18:29:00.000Z,Açık,22.1,22.1,82,76,7.5600000000000005,996.7,1010.7,,,0,0,0,0,0,0,,,19.8,2026-08-17T18:44:17+00:00
İstanbul,Fatih,FATİH/İST.DEN.BİL.ENS.,17603,2026-08-17T18:29:00.000Z,Açık,23.4,23.4,73,20,9.72,,,,,0,0,0,0,0,0,,,19.85,2026-08-17T18:44:17+00:00
İstanbul,Şile,ŞİLE,17610,2026-08-17T18:29:00.000Z,Açık,22.1,22.1,81,58,9.360000000000001,1001.3,1010.8,,,0,0,0,0,0,0,,,19.68,2026-08-17T18:44:17+00:00
İstanbul,Bakırköy,FLORYA,17636,2026-08-17T18:29:00.000Z,Açık,23.5,23.5,73,62,5.760000000000001,1006.5,1010.7,,,0,0,0,0,0,0,,,19.95,2026-08-17T18:44:17+00:00
İstanbul,Kadıköy,KADIKÖY/GÖZTEPE,17813,2026-08-17T18:29:00.000Z,Açık,23.2,23.2,72,28,6.48,1006.6,1011.3,,,0,0,0,0,0,0,,,19.53,2026-08-17T18:44:17+00:00
İstanbul,Güngören,GÜNGÖREN/DAVUTPAŞA MARMARA,17814,2026-08-17T18:30:00.000Z,Açık,23.1,23.1,74,61,9.360000000000001,1004.1,1011.9,,,0,0,0,0,0,0,,,19.71,2026-08-17T18:44:17+00:00
İstanbul,Büyükçekmece,BÜYÜKÇEKMECE,18099,2026-08-17T18:29:00.000Z,Açık,22.3,22.3,76,33,7.2,1009.9,1012.2,,,0,0,0,0,0,0,,,19.21,2026-08-17T18:44:17+00:00
İstanbul,Tuzla,TUZLA,18100,2026-08-17T18:29:00.000Z,Açık,23.2,23.2,74,57,12.24,1011.4,1011.7,,,0,0,0,0,0,0,,,19.8,2026-08-17T18:44:17+00:00
İstanbul,Eyüp,EYÜPSULTAN,18101,2026-08-17T18:29:00.000Z,Açık,21.7,21.7,82,69,6.84,1003.4,1009.6,,,0,0,0,0,0,0,,,19.42,2026-08-17T18:44:17+00:00
İstanbul,Beykoz,BEYKOZ,18396,2026-08-17T18:29:00.000Z,Açık,21.4,21.4,71,42,4.680000000000001,,,,,0,0,0,0,0,0,,,17.71,2026-08-17T18:44:17+00:00
İstanbul,Çekmeköy,ÇEKMEKÖY/ÖMERLİ,18397,2026-08-17T18:29:00.000Z,Açık,21.1,21.1,75,161,2.16,1002.4,1011.5,,,0,0,0,0,0,0,,,17.95,2026-08-17T18:44:17+00:00
İstanbul,Sancaktepe,SANCAKTEPE,18399,2026-08-17T18:29:00.000Z,Açık,21.1,21.1,67,64,4.32,,,,,0,0,0,0,0,0,,,16.92,2026-08-17T18:44:17+00:00
İstanbul,Silivri,SİLİVRİ,18400,2026-08-17T18:29:00.000Z,Açık,21,21,69,70,3.6,,,,,0,0,0,0,0,0,,,17.08,2026-08-17T18:44:17+00:00
İstanbul,Şişli,ŞİŞLİ,18401,2026-08-17T18:29:00.000Z,Açık,23.1,23.1,79,219,1.8,,,,,0,0,0,0,0,0,,,20.37,2026-08-17T18:44:17+00:00
İstanbul,Arnavutköy,ARNAVUTKÖY,18402,2026-08-17T18:29:00.000Z,Açık,20.3,20.3,80,68,11.520000000000001,,,,,0,0,0,0,0,0,,,17.82,2026-08-17T18:44:17+00:00
İstanbul,Ümraniye,ÜMRANİYE,18403,2026-08-17T18:29:00.000Z,Açık,21.3,21.3,82,109,10.8,,,,,0,0,0,0,0,0,,,19.03,2026-08-17T18:44:17+00:00
İstanbul,Üsküdar,ÜSKÜDAR,18404,2026-08-17T18:29:00.000Z,Açık,22.2,22.2,73,46,16.56,,,,,0,0,0,0,0,0,,,18.73,2026-08-17T18:44:17+00:00
İstanbul,Beykoz,BEYKOZ/ANADOLU FENERİ,18421,2026-08-17T18:29:00.000Z,Açık,21.6,21.6,83,88,6.84,,,15470,,0,0,0,0,0,0,,,19.45,2026-08-17T18:44:17+00:00
İstanbul,Şile,ŞİLE/İSAKÖY,18735,2026-08-17T18:29:00.000Z,Açık,20.1,20.1,94,,,,,,,0,0,0,0,0,0,,,19.36,2026-08-17T18:44:17+00:00
İstanbul,Pendik,PENDİK/ÖMERLİ BARAJI,18736,2026-08-17T18:29:00.000Z,Açık,22,22,96,,,,,,,0,0,0,0,0,0,,,21.51,2026-08-17T18:44:17+00:00
İstanbul,Şile,ŞİLE/DARLIK KÖYÜ,18792,2026-08-17T18:30:00.000Z,Açık,18.2,18.2,68,,,,,,,0,0,0,0,0,0,,,14.36,2026-08-17T18:44:17+00:00
İstanbul,Silivri,SİLİVRİ ORMAN SAHASI,18793,2026-08-17T18:29:00.000Z,Açık,18.1,18.1,90,95,4.32,,,,,0,0,0,0,0,0,,,16.9,2026-08-17T18:44:17+00:00
İstanbul,Sarıyer,SARIYER/İTÜ MASLAK YERLEŞKESİ,18980,2026-08-17T18:29:00.000Z,Açık,22.4,22.4,75,58,6.84,1001.7,1010.3,61430,,0,0,0,0,0,0,,,19.18,2026-08-17T18:44:17+00:00
İstanbul,Beylikdüzü,BEYLİKDÜZÜ,19110,2026-08-17T18:29:00.000Z,Açık,22.5,22.5,74,121,16.92,,,,,0,0,0,0,0,0,,,19.14,2026-08-17T18:44:17+00:00
İstanbul,Çatalca,ÇATALCA,19111,2026-08-17T18:28:00.000Z,Açık,22,22,85,42,4.680000000000001,,,,,0,0,0,0,0,0,,,20.1,2026-08-17T18:44:17+00:00
İstanbul,Kartal,KARTAL/AYDOS DAĞI,19112,2026-08-17T18:29:00.000Z,Açık,20.9,20.9,87,64,33.84,,,,,0,0,0,0,0,0,,,19.28,2026-08-17T18:44:17+00:00
İstanbul,Sarıyer,SARIYER/YAVUZ SULTAN SELİM KÖPRÜSÜ,19365,2026-08-17T18:29:00.000Z,Açık,22.7,22.7,85,81,9.72,,,,,0,0,0,0,0,0,,,20.78,2026-08-17T18:44:17+00:00
İzmir,Dikili,DİKİLİ,17180,2026-08-17T18:29:00.000Z,Az Bulutlu,25.1,26.5,66,237,2.16,1008.6,1008.9,20000,2,0,0,0,0,0,0,,25.5,20.46,2026-08-17T18:44:17+00:00
İzmir,Çiğli,ÇİĞLİ HAVALİMANI,17218,2026-08-17T18:10:00.000Z,Açık,24.3,24.3,64,251,3.24,1009,1009.6,10000,0,,0,0,0,0,0,,,19.44,2026-08-17T18:44:17+00:00
İzmir,Gaziemir,İZMİR ADNAN MENDERES HAVALİMANI,17219,2026-08-17T18:10:00.000Z,Açık,26.5,26.9,47,360,19.08,996.1,1009.4,10000,0,,0,0,0,0,0,,,18.8,2026-08-17T18:44:17+00:00
İzmir,Konak,İZMİR BÖLGE,17220,2026-08-17T18:29:00.000Z,Açık,26.9,27.7,53,251,10.44,1006.2,1008.8,20000,0,0,0,0,0,0,0,,26.9,20.12,2026-08-17T18:44:17+00:00
İzmir,Çeşme,ÇEŞME,17221,2026-08-17T18:29:00.000Z,Açık,23.4,23.4,75,41,6.12,1008.3,1008.9,20000,0,0,0,0,0,0,0,,21.6,20.12,2026-08-17T18:44:17+00:00
İzmir,Çiğli,İZMİR KAKLIÇ HAVALİMANI,17225,2026-08-17T18:05:00.000Z,Açık,23.6,23.6,68,284,6.84,1008.9,1009.4,2100,,,0,0,0,0,0,,,19.36,2026-08-17T18:44:17+00:00
İzmir,Selçuk,SELÇUK EFES HAVALİMANI,17226,2026-08-17T18:06:00.000Z,Açık,24.9,24.9,58,215,28.8,1009.1,1009.6,2100,,,0,0,0,0,0,,,19.12,2026-08-17T18:44:17+00:00
İzmir,Bergama,BERGAMA,17742,2026-08-17T18:29:00.000Z,Açık,26.4,26.9,49,38,3.24,1003.8,1009.8,51920,,0,0,0,0,0,0,,,19.04,2026-08-17T18:44:17+00:00
İzmir,Kemalpaşa,KEMALPAŞA,17749,2026-08-17T18:29:00.000Z,Açık,25.3,26.2,54,299,8.28,985.3,1008.5,,,0,0,0,0,0,0,,,18.87,2026-08-17T18:44:17+00:00
İzmir,Foça,FOÇA TOPRAK SU,17782,2026-08-17T18:29:00.000Z,Açık,23.2,23.2,71,359,12.96,,,,,0,0,0,0,0,0,,,19.4,2026-08-17T18:44:17+00:00
İzmir,Aliağa,ALİAĞA,17787,2026-08-17T18:29:00.000Z,Açık,25,27,79,220,5.04,1005.9,1009,47040,,0,0,0,0,0,0,,,22.19,2026-08-17T18:44:17+00:00
İzmir,Menemen,MENEMEN,17789,2026-08-17T18:29:00.000Z,Açık,25.3,26.8,67,289,3.9600000000000004,1007.3,1008.4,,,0,0,0,0,0,0,,,20.79,2026-08-17T18:44:17+00:00
İzmir,Seferihisar,SEFERİHİSAR,17820,2026-08-17T18:29:00.000Z,Açık,25.6,26.6,56,0,0,1007.4,1010.2,,,0,0,0,0,0,0,,,19.44,2026-08-17T18:44:17+00:00
İzmir,Gaziemir,İZMİR GAZİEMİR HAVALİMANI,17821,2026-08-17T18:10:00.000Z,Açık,25.3,26,48,315,11.16,993.6,1010.4,9900,,,0,0,0,0,0,,,17.94,2026-08-17T18:44:17+00:00
İzmir,Ödemiş,ÖDEMİŞ,17822,2026-08-17T18:29:00.000Z,Açık,26.6,27.8,59,222,14.04,996.3,1008.7,21940,,0,0,0,0,0,0,,,20.79,2026-08-17T18:44:17+00:00
İzmir,Selçuk,SELÇUK,17854,2026-08-17T18:29:00.000Z,Açık,24.5,24.5,56,151,1.8,1007,1009,,,0,0,0,0,0,0,,,18.47,2026-08-17T18:44:17+00:00
İzmir,Urla,URLA,18028,2026-08-17T18:29:00.000Z,Açık,25.1,26.4,62,52,9.72,1001,1007.8,,,0,0,0,0,0,0,,,19.88,2026-08-17T18:44:17+00:00
İzmir,Tire,TİRE,18029,2026-08-17T18:29:00.000Z,Açık,24.4,24.4,66,232,4.680000000000001,1001.2,1009,,,0,0,0,0,0,0,,,19.82,2026-08-17T18:44:17+00:00
İzmir,Torbalı,TORBALI,18030,2026-08-17T18:29:00.000Z,Açık,26.4,27.4,57,274,13.32,1003.4,1010.1,,,0,0,0,0,0,0,,,20.3,2026-08-17T18:44:17+00:00
İzmir,Bornova,BORNOVA/ZEYTİNCİLİK ARŞ.(TAGEM),18031,2026-08-17T18:29:00.000Z,Açık,26.4,28.8,76,232,6.12,1007.8,1009.4,,,0,0,0,0,0,0,,,23.11,2026-08-17T18:44:17+00:00
İzmir,Karaburun,KARABURUN,18032,2026-08-17T18:29:00.000Z,Açık,26.8,27.4,50,247,6.48,993.5,1008.4,75000,,0,0,0,0,0,0,,,19.55,2026-08-17T18:44:17+00:00
İzmir,Menderes,MENDERES ORMAN SAHASI,18034,2026-08-17T18:29:00.000Z,Açık,24.5,24.5,57,318,5.04,992.4,1008.6,,,0,0,0,0,0,0,,,18.62,2026-08-17T18:44:17+00:00
İzmir,Urla,URLA/UZUNKUYU ORMAN SAHASI,18035,2026-08-17T18:28:00.000Z,Açık,21.4,21.4,77,334,1.08,992.5,1009.2,,,0,0,0,0,0,0,,,18.49,2026-08-17T18:44:17+00:00
İzmir,Aliağa,ALİAĞA/BOZKÖY ORMAN SAHASI,18038,2026-08-17T18:29:00.000Z,Açık,23.4,23.4,68,319,7.5600000000000005,993.3,1009.6,,,0,0,0,0,0,0,,,19.17,2026-08-17T18:44:17+00:00
İzmir,Bayındır,BAYINDIR,18049,2026-08-17T18:29:00.000Z,Açık,23.7,23.7,72,195,1.8,1002.5,1010.3,,,0,0,0,0,0,0,,,20.0,2026-08-17T18:44:17+00:00
İzmir,Menderes,MENDERES/GÜMÜLDÜR,18050,2026-08-17T18:29:00.000Z,Açık,23.1,23.1,80,27,7.920000000000001,1001.3,1009.2,,,0,0,0,0,0,0,,,20.51,2026-08-17T18:44:17+00:00
İzmir,Kemalpaşa,KEMALPAŞA/OVACIK KÖYÜ,18439,2026-08-17T18:28:00.000Z,Açık,20.6,20.6,52,82,3.9600000000000004,922.2,1009.3,,,0,0,0,0,0,0,,,14.49,2026-08-17T18:44:17+00:00
İzmir,Bayraklı,BAYRAKLI,18440,2026-08-17T18:28:00.000Z,Açık,26.1,27.3,61,127,2.8800000000000003,,,,,0,0,0,0,0,0,,,20.64,2026-08-17T18:44:17+00:00
İzmir,Beydağ,BEYDAĞ,18441,2026-08-17T18:29:00.000Z,Açık,23.8,23.8,100,100,5.04,,,,,0,0,0,0,0,0,,,,2026-08-17T18:44:17+00:00
İzmir,Bornova,BORNOVA ORMAN SAHASI,18442,2026-08-17T18:29:00.000Z,Açık,21.7,21.7,63,209,3.24,970.5,1009.3,,,0,0,0,0,0,0,,,16.94,2026-08-17T18:44:17+00:00
İzmir,Buca,BUCA,18443,2026-08-17T18:29:00.000Z,Açık,25.4,26.6,61,315,10.08,,,,,0,0,0,0,0,0,,,20.01,2026-08-17T18:44:17+00:00
İzmir,Güzelbahçe,GÜZELBAHÇE,18444,2026-08-17T18:29:00.000Z,Açık,25,25.5,43,78,6.84,,,,,0,0,0,0,0,0,,,16.88,2026-08-17T18:44:17+00:00
İzmir,Karabağlar,İZMİR ÇATALKAYA RADAR SAHASI,18445,2026-08-17T18:29:00.000Z,Açık,20.1,20.1,64,2,21.240000000000002,,,,,0,0,0,0,0,0,,,15.61,2026-08-17T18:44:17+00:00
İzmir,Karşıyaka,KARŞIYAKA,18446,2026-08-17T18:29:00.000Z,Açık,25.4,26.5,59,263,6.12,,,,,0,0,0,0,0,0,,,19.71,2026-08-17T18:44:17+00:00
İzmir,Kiraz,KİRAZ,18447,2026-08-17T18:29:00.000Z,Açık,25.2,26.6,66,327,5.760000000000001,,,,,0,0,0,0,0,0,,,20.55,2026-08-17T18:44:17+00:00
İzmir,Konak,KONAK,18448,2026-08-17T18:29:00.000Z,Açık,24.4,24.4,67,281,7.2,,,,,0,0,0,0,0,0,,,19.96,2026-08-17T18:44:17+00:00
İzmir,Menderes,MENDERES/ÇİLEME KÖYÜ,18449,2026-08-17T18:28:00.000Z,Açık,23.8,23.8,70,181,3.6,,,,,0,0,0,0,0,0,,,19.82,2026-08-17T18:44:17+00:00
İzmir,Narlıdere,NARLIDERE,18450,2026-08-17T18:29:00.000Z,Açık,25.1,26,53,217,5.04,,,,,0,0,0,0,0,0,,,18.55,2026-08-17T18:44:17+00:00
İzmir,Ödemiş,ÖDEMİŞ/DEMİRDERE KÖYÜ,18599,2026-08-17T18:29:00.000Z,Açık,23.6,23.6,55,,,,,,,0,0,0,0,0,0,,,17.53,2026-08-17T18:44:17+00:00
İzmir,Kınık,KINIK/KÖSELER KÖYÜ,18820,2026-08-17T18:29:00.000Z,Açık,23.6,23.6,64,,,,,,,0,0,0,0,0,0,,,18.81,2026-08-17T18:44:17+00:00
İzmir,Bergama,BERGAMA/ÇAMAVLU KÖYÜ,18821,2026-08-17T18:29:00.000Z,Açık,21.6,21.6,62,,,,,,,0,0,0,0,0,0,,,16.72,2026-08-17T18:44:17+00:00
İzmir,Bayındır,BAYINDIR/ÇINARDİBİ KÖYÜ,18822,2026-08-17T18:29:00.000Z,Açık,21.1,21.1,69,,,,,,,0,0,0,0,0,0,,,17.18,2026-08-17T18:44:17+00:00
İzmir,Bergama,BERGAMA/İNCECİKLER ORMAN SAHASI,18823,2026-08-17T18:29:00.000Z,Açık,18.6,18.6,72,80,2.52,,,,,0,0,0,0,0,0,,,15.22,2026-08-17T18:44:17+00:00
İzmir,Dikili,DİKİLİ/ÇUKURALAN KÖYÜ,18901,2026-08-17T18:29:00.000Z,Açık,22.1,22.1,60,45,8.28,937.5,1008,,,0,0,0,0,0,0,,,16.9,2026-08-17T18:44:17+00:00
İzmir,Kınık,KINIK,18917,2026-08-17T18:29:00.000Z,Açık,26.5,27.2,51,76,4.32,,,,,0,0,0,0,0,0,,,19.45,2026-08-17T18:44:17+00:00
İzmir,Bergama,BERGAMA/ÇAMKÖY,18945,2026-08-17T18:34:00.000Z,Açık,25.6,26.2,49,65,11.879999999999999,999.9,1009.6,,,0,0,0,0,0,0,,,18.36,2026-08-17T18:44:17+00:00
İzmir,Balçova,BALÇOVA,19133,2026-08-17T18:29:00.000Z,Açık,26.4,27.4,57,359,6.84,,,,,0,0,0,0,0,0,,,20.3,2026-08-17T18:44:17+00:00
İzmir,Kemalpaşa,KEMALPAŞA/BAĞYURDU KÖYÜ,19134,2026-08-17T18:29:00.000Z,Açık,24.5,24.5,66,270,4.32,,,,,0,0,0,0,0,0,,,19.91,2026-08-17T18:44:17+00:00
İzmir,Tire,TİRE/SOMAK KÖYÜ,19136,2026-08-17T18:29:00.000Z,Açık,22.9,22.9,62,,,,,,,0,0,0,0,0,0,,,17.89,2026-08-17T18:44:17+00:00
Kars,Merkez,KARS,17097,2026-08-17T18:29:00.000Z,Parçalı Bulutlu,15.1,15.1,84,19,5.4,821.8,1003.7,,,0,0.1,0,0,0,0.2,,,13.27,2026-08-17T18:44:17+00:00
Kars,Merkez,KARS HARAKANİ HAVALİMANI,17098,2026-08-17T18:10:00.000Z,Parçalı Bulutlu,15.9,15.9,76,80,20.52,819.9,1018.4,10000,4,,0,0,0,0,0,,,13.14,2026-08-17T18:44:17+00:00
Kars,Arpaçay,ARPAÇAY,17656,2026-08-17T18:29:00.000Z,Açık,15.2,15.2,82,341,19.08,826.8,1004.6,,,0,6.7,0,6,6.7,6.7,,,13.14,2026-08-17T18:44:17+00:00
Kars,Sarıkamış,SARIKAMIŞ,17692,2026-08-17T18:29:00.000Z,Az Bulutlu,14.1,14.1,87,0,0,791.7,1003.5,,,0,0,0,0,0,0,,,12.63,2026-08-17T18:44:17+00:00
Kars,Selim,SELİM,18197,2026-08-17T18:29:00.000Z,Açık,15.8,15.8,83,59,4.680000000000001,814,1003,,,0,0,0,0,0,0,,,13.84,2026-08-17T18:44:17+00:00
Kars,Kağızman,KAĞIZMAN,18198,2026-08-17T18:28:00.000Z,Açık,22.3,22.3,93,286,11.16,861,1000.9,,,0,0,0,0,0,0.1,,,21.42,2026-08-17T18:44:17+00:00
Kars,Akyaka,AKYAKA,18373,2026-08-17T18:29:00.000Z,Açık,18,18,67,356,10.8,,,,,0,0.19,0,0,0,0.37,,,14.06,2026-08-17T18:44:17+00:00
Kars,Digor,DİGOR,18374,2026-08-17T18:29:00.000Z,Açık,21.3,21.3,85,285,13.32,,,,,0,0,0,0,0,0,,,19.41,2026-08-17T18:44:17+00:00
Kars,Susuz,SUSUZ,18375,2026-08-17T18:29:00.000Z,Az Bulutlu,16.3,16.3,100,225,9.360000000000001,,,,,0,0.62,0,0.42,0.62,0.62,,,,2026-08-17T18:44:17+00:00
Kars,Sarıkamış,SARIKAMIŞ/KARAKURT BELDESİ,19076,2026-08-17T18:29:00.000Z,Parçalı Bulutlu,19.6,19.6,51,,,,,,,0,0,0,0,0,0,,,13.49,2026-08-17T18:44:17+00:00
Kars,Merkez,KARS/SOYLU KÖYÜ,19077,2026-08-17T18:29:00.000Z,Açık,16.6,16.6,77,,,,,,,0,0,0,0,0,0,,,13.92,2026-08-17T18:44:17+00:00
Kars,Selim,SELİM/BEYKÖY,19256,2026-08-17T18:14:00.000Z,Az Bulutlu,16,16,72,,,,,,,,0.4,0,0,0.35,0.76,,,12.78,2026-08-17T18:44:17+00:00
Kastamonu,İnebolu,İNEBOLU,17024,2026-08-17T18:29:00.000Z,Parçalı Bulutlu,20.1,20.1,84,195,20.88,1003.4,1010.7,20000,3,0,0,0,0,0,0,,12.6,18.12,2026-08-17T18:44:17+00:00
Kastamonu,Merkez,KASTAMONU,17074,2026-08-17T18:29:00.000Z,Parçalı Bulutlu,16.4,16.4,96,0,0,921.3,1009.3,20000,4,0,5.53,0,5.53,5.53,5.53,,,15.92,2026-08-17T18:44:17+00:00
Kastamonu,Cide,CİDE,17604,2026-08-17T18:29:00.000Z,Açık,19.9,19.9,82,0,0,1006.5,1010.7,30930,,0,0,0,0,0,0,,,17.68,2026-08-17T18:44:17+00:00
Kastamonu,Bozkurt,KASTAMONU/BOZKURT,17606,2026-08-17T18:29:00.000Z,Açık,19.6,19.6,84,222,10.8,992.6,1011.7,74670,,0,0,0,0,0,0,,,17.64,2026-08-17T18:44:17+00:00
Kastamonu,Devrekani,DEVREKANİ,17618,2026-08-17T18:29:00.000Z,Hafif Yağmurlu,15,15,0,0,0,894.9,1009.4,45620,,0,0,0,0,0,0,,,,2026-08-17T18:44:17+00:00
Kastamonu,Çatalzeytin,ÇATALZEYTİN,17625,2026-08-17T18:29:00.000Z,Açık,22.3,22.3,69,172,9.72,,,40200,,0,0,0,0,0,0,,,18.29,2026-08-17T18:44:17+00:00
Kastamonu,Tosya,TOSYA,17650,2026-08-17T18:29:00.000Z,Açık,21.5,21.5,68,117,6.12,913.4,1008.1,38480,,0,0,0,0,0,0,,,17.42,2026-08-17T18:44:17+00:00
Kastamonu,Araç,ARAÇ,18215,2026-08-17T18:29:00.000Z,Parçalı Bulutlu,16.4,16.4,98,294,1.4400000000000002,935,1010.2,,,0,0,0,0,0,0,,,16.15,2026-08-17T18:44:17+00:00
Kastamonu,Pınarbaşı,KASTAMONU/PINARBAŞI,18513,2026-08-17T18:29:00.000Z,Açık,15.8,15.8,74,289,6.48,,,,,0,0,0,0,0,0,,,12.82,2026-08-17T18:44:17+00:00
Kastamonu,Azdavay,AZDAVAY,18514,2026-08-17T18:29:00.000Z,Açık,16.5,16.5,70,84,0.7200000000000001,,,,,0,0,0,0,0,0,,,13.02,2026-08-17T18:44:17+00:00
Kastamonu,Daday,DADAY,18515,2026-08-17T18:29:00.000Z,Açık,15.3,15.3,80,318,6.48,,,,,0,0.2,0,0.07,0.2,0.2,,,13.02,2026-08-17T18:44:17+00:00
Kastamonu,Doğanyurt,DOĞANYURT,18516,2026-08-17T18:29:00.000Z,Açık,19,19,83,234,9.72,,,,,0,0,0,0,0,0,,,16.93,2026-08-17T18:44:17+00:00
Kastamonu,İhsangazi,İHSANGAZİ,18517,2026-08-17T18:29:00.000Z,Açık,17.2,17.2,95,46,9,,,,,0,0,0,0,0,0,,,16.6,2026-08-17T18:44:17+00:00
Kastamonu,Küre,KÜRE,18518,2026-08-17T18:29:00.000Z,Açık,15.2,15.2,85,210,6.48,,,,,0,0,0,0,0,0,,,13.48,2026-08-17T18:44:17+00:00
Kastamonu,Pınarbaşı,PINARBAŞI KAR,18519,2026-08-17T18:29:00.000Z,Açık,13.1,13.1,78,216,1.08,,,19330,,0,0,0,0,0,0,,,10.69,2026-08-17T18:44:17+00:00
Kastamonu,Seydiler,SEYDİLER,18520,2026-08-17T18:29:00.000Z,Açık,14.5,14.5,86,186,0,,,,,0,0,0,0,0,0,,,12.91,2026-08-17T18:44:17+00:00
Kastamonu,Şenpazar,ŞENPAZAR,18521,2026-08-17T18:29:00.000Z,Açık,16.8,16.8,74,25,2.16,,,,,0,0,0,0,0,0,,,13.76,2026-08-17T18:44:17+00:00
Kastamonu,Taşköprü,TAŞKÖPRÜ,18522,2026-08-17T18:29:00.000Z,Parçalı Bulutlu,19,19,73,223,6.12,,,,,0,0,0,0,0,0,,,15.72,2026-08-17T18:44:17+00:00
Kastamonu,İhsangazi,İHSANGAZİ/İNCİĞEZ KÖYÜ,18704,2026-08-17T18:29:00.000Z,Açık,15.8,15.8,95,,,,,,,0,0,0,0,0,0,,,15.2,2026-08-17T18:44:17+00:00
Kastamonu,Araç,ARAÇ ORMAN SAHASI,18705,2026-08-17T18:29:00.000Z,Parçalı Bulutlu,15.6,15.6,100,,,,,,,0,7.78,0,0.2,7.78,7.78,,,,2026-08-17T18:44:17+00:00
Kastamonu,Merkez,KASTAMONU/BAŞÖREN KÖYÜ,18706,2026-08-17T18:29:00.000Z,Parçalı Bulutlu,16.6,16.6,100,,,,,,,0,14.58,0,0,14.58,14.58,,,,2026-08-17T18:44:17+00:00
Kastamonu,İnebolu,İNEBOLU/YOLÜSTÜ KÖYÜ,18914,2026-08-17T18:29:00.000Z,Açık,16.4,16.4,93,222,5.4,,,,,0,0,0,0,0,0,,,15.57,2026-08-17T18:44:17+00:00
Kastamonu,Merkez,KASTAMONU/MESCİT KÖYÜ,18997,2026-08-17T18:29:00.000Z,Çok Bulutlu,16.6,16.6,81,,,,,,,0,0,0,0,0,0,,,14.38,2026-08-17T18:44:17+00:00
Kastamonu,Devrekani,DEVREKANİ/KUZ KÖYÜ,19030,2026-08-17T18:29:00.000Z,Açık,12.3,12.3,85,,,,,,,0,0,0,0,0,0,,,10.66,2026-08-17T18:44:17+00:00
Kastamonu,Ağlı,AĞLI,19031,2026-08-17T18:29:00.000Z,Açık,14.7,14.7,86,312,5.4,,,,,0,0,0,0,0,0,,,13.1,2026-08-17T18:44:17+00:00
Kastamonu,Bozkurt,BOZKURT/MAMATLAR KÖYÜ,19032,2026-08-17T18:29:00.000Z,Açık,12.4,12.4,73,,,,,,,0,0,0,0,0,0,,,9.51,2026-08-17T18:44:17+00:00
Kastamonu,Abana,ABANA,19221,2026-08-17T18:29:00.000Z,Açık,21.1,21.1,73,127,10.8,,,,,0,0,0,0,0,0,,,17.69,2026-08-17T18:44:17+00:00
Kastamonu,Merkez,HANÖNÜ,19222,2026-08-17T18:02:00.000Z,Açık,23.3,23.3,41,0,0,,,,,,0,0,0,0,0,,,15.16,2026-08-17T18:44:17+00:00
Kayseri,Kocasinan,KAYSERİ ERKİLET HAVALİMANI,17195,2026-08-17T18:10:00.000Z,Hafif Sağanak Yağışlı,17.1,17.1,88,304,0,894.7,1015.7,10000,7,,1.6,0.4,1.6,1.6,1.6,,,15.68,2026-08-17T18:44:17+00:00
Kayseri,Melikgazi,KAYSERİ BÖLGE,17196,2026-08-17T18:29:00.000Z,Yağmurlu,17,17,100,2,1.08,891,,5800,,0.2,4.2,0.4,4.1,4.1,4.2,,,,2026-08-17T18:44:17+00:00
Kayseri,Pınarbaşı,KAYSERİ/PINARBAŞI,17802,2026-08-17T18:29:00.000Z,Çok Bulutlu,15.1,15.1,90,298,9.72,845.6,1007.5,32000,,0,0.6,0,0.4,0.6,0.6,,,13.94,2026-08-17T18:44:17+00:00
Kayseri,Develi,DEVELİ,17836,2026-08-17T18:29:00.000Z,Çok Bulutlu,16.1,16.1,90,0,0,879.8,1008.5,,,0,0.6,0,0.6,0.6,0.6,,,14.93,2026-08-17T18:44:17+00:00
Kayseri,Tomarza,TOMARZA,17837,2026-08-17T18:29:00.000Z,Çok Bulutlu,14.7,14.7,95,0,0,860.4,1008.5,,,0,3.6,0,3.6,3.6,3.6,,,14.11,2026-08-17T18:44:17+00:00
Kayseri,Sarız,SARIZ,17840,2026-08-17T18:29:00.000Z,HHY,14.3,14.3,94,98,5.760000000000001,840.2,1008.1,,,0.4,17.6,1.2,17,17.4,17.6,,,13.6,2026-08-17T18:44:17+00:00
Kayseri,Kocasinan,KOCASİNAN/YAMULA BARAJI,18148,2026-08-17T18:28:00.000Z,Çok Bulutlu,17.9,17.9,75,353,2.16,892.2,1007.4,,,0,3.1,0,3.1,3.1,3.1,,,14.92,2026-08-17T18:44:17+00:00
Kayseri,Akkışla,AKKIŞLA,18454,2026-08-17T18:29:00.000Z,Çok Bulutlu,16.5,16.5,85,208,6.48,,,,,0,1.19,0,1.19,1.19,1.19,,,14.74,2026-08-17T18:44:17+00:00
Kayseri,Bünyan,BÜNYAN,18455,2026-08-17T18:29:00.000Z,Çok Bulutlu,15.8,15.8,100,328,3.6,,,14850,,0.1,5.76,0.1,2.26,5.76,5.76,,,,2026-08-17T18:44:17+00:00
Kayseri,Felahiye,FELAHİYE,18456,2026-08-17T18:29:00.000Z,HHY,14.7,14.7,95,55,9.72,,,,,0.17,1.72,0.93,1.72,1.72,1.72,,,14.11,2026-08-17T18:44:17+00:00
Kayseri,İncesu,İNCESU,18457,2026-08-17T18:29:00.000Z,Çok Bulutlu,16.2,16.2,94,133,17.64,,,,,0,0.51,0.2,0.51,0.51,0.51,,,15.49,2026-08-17T18:44:17+00:00
Kayseri,Özvatan,ÖZVATAN,18458,2026-08-17T18:29:00.000Z,HHY,15.3,15.3,94,283,9,,,,,0.28,0.45,0.45,0.45,0.45,0.45,,,14.59,2026-08-17T18:44:17+00:00
Kayseri,Sarıoğlan,SARIOĞLAN,18459,2026-08-17T18:29:00.000Z,Çok Bulutlu,17,17,73,23,8.28,,,,,0,0.55,0,0.55,0.55,0.55,,,13.83,2026-08-17T18:44:17+00:00
Kayseri,Talas,TALAS/ALİ DAĞI,18460,2026-08-17T18:29:00.000Z,HHY,13.4,13.4,95,338,2.16,,,,,0.74,6.84,1.21,4.36,6.84,6.84,,,12.81,2026-08-17T18:44:17+00:00
Kayseri,Yahyalı,YAHYALI,18461,2026-08-17T18:29:00.000Z,HHY,16.1,16.1,96,136,5.04,,,,,0.09,9.14,0.23,9.14,9.14,9.14,,,15.62,2026-08-17T18:44:17+00:00
Kayseri,Yahyalı,YAHYALI/DEREBAĞ KÖYÜ,18660,2026-08-17T18:29:00.000Z,HHY,12.9,12.9,88,,,,,,,0.21,10.23,0.21,7.98,10.23,10.23,,,11.56,2026-08-17T18:44:17+00:00
Kayseri,Yahyalı,YAHYALI/AVLAĞA KÖYÜ,18661,2026-08-17T18:29:00.000Z,Az Bulutlu,14.4,14.4,100,,,,,,,0,16,0,16,16,16,,,,2026-08-17T18:44:17+00:00
Kayseri,Akkışla,AKKIŞLA/ORTAKÖY KÖYÜ,18662,2026-08-17T18:29:00.000Z,Çok Bulutlu,15.5,15.5,100,,,,,,,0,7.66,0,0.87,7.66,7.66,,,,2026-08-17T18:44:17+00:00
Kayseri,Develi,DEVELİ/KÜÇÜKKÜNYE KÖYÜ,18663,2026-08-17T18:29:00.000Z,Çok Bulutlu,13.6,13.6,100,,,,,,,0,2.17,0,1.97,2.17,2.17,,,,2026-08-17T18:44:17+00:00
Kayseri,Pınarbaşı,PINARBAŞI/YUKARIKIZILÇEVRİK KÖYÜ,18664,2026-08-17T18:29:00.000Z,Çok Bulutlu,13,13,100,,,,,,,0,2.17,0,2.17,2.17,2.17,,,,2026-08-17T18:44:17+00:00
Kayseri,Tomarza,TOMARZA/GÜZELSU KÖYÜ,18665,2026-08-17T18:29:00.000Z,Çok Bulutlu,13.3,13.3,97,,,,,,,0,5.43,0,3.92,5.43,5.43,,,12.93,2026-08-17T18:44:17+00:00
Kayseri,Sarıoğlan,SARIOĞLAN/TUZLA GÖLÜ,18873,2026-08-17T18:29:00.000Z,HHY,17.1,17.1,85,,,,,,,0.05,1.5,0.35,1.5,1.5,1.5,,,15.33,2026-08-17T18:44:17+00:00
Kayseri,Talas,TALAS/KAMBER KÖYÜ,18874,2026-08-17T18:29:00.000Z,HHY,14.2,14.2,92,,,,,,,0.05,9.06,0.38,6.85,8.74,10.13,,,13.28,2026-08-17T18:44:17+00:00
Kayseri,Sarız,SARIZ/YEDİOLUK KÖYÜ,18875,2026-08-17T18:29:00.000Z,HHY,13.4,13.4,100,,,,,,,0,10.46,0.74,10.24,10.46,10.46,,,,2026-08-17T18:44:17+00:00
Kayseri,Kocasinan,KOCASİNAN/HİMMETDEDE KÖYÜ,18923,2026-08-17T18:29:00.000Z,Çok Bulutlu,16,16,89,167,14.04,873.5,1004.3,,,0,6.37,0.02,6.37,6.37,6.37,,,14.72,2026-08-17T18:44:17+00:00
Kayseri,Hacılar,HACILAR,19185,2026-08-17T18:29:00.000Z,HHY,15.8,15.8,87,98,2.8800000000000003,,,,,0.28,2.44,0.28,2.44,2.44,2.44,,,14.29,2026-08-17T18:44:17+00:00
Kayseri,Tomarza,TOMARZA/ARSLANTAŞ KÖYÜ,19186,2026-08-17T18:30:00.000Z,HHY,12.6,12.6,87,,,,,,,0,1.86,1.74,1.75,1.86,1.86,,,11.16,2026-08-17T18:44:17+00:00
Kayseri,Pınarbaşı,PINARBAŞI/PAZARSU KÖYÜ,19187,2026-08-17T18:29:00.000Z,Çok Bulutlu,14.7,14.7,98,,,,,,,0,6.26,0,6.26,6.26,6.26,,,14.45,2026-08-17T18:44:17+00:00
Kayseri,Talas,TALAS/ERCİYES ÜNİVERSİTESİ,19188,2026-08-17T18:02:00.000Z,Çok Bulutlu,16.2,16.2,91,357,9.72,,,,,,5.23,0.01,0.48,5.23,5.23,,,15.14,2026-08-17T18:44:17+00:00
Kayseri,Develi,DEVELİ/ÖKSÜT,19912,2026-08-17T18:29:00.000Z,Çok Bulutlu,12.4,12.4,98,218,9.360000000000001,,,,,0,8.44,0.02,6.13,8.44,8.44,,,12.14,2026-08-17T18:44:17+00:00
Kırklareli,Merkez,KIRKLARELİ,17052,2026-08-17T18:33:00.000Z,Açık,22.8,22.8,63,38,4.680000000000001,983.8,1009.8,53810,,0,0,0,0,0,0,,,17.94,2026-08-17T18:44:17+00:00
Kırklareli,Lüleburgaz,LÜLEBURGAZ TİGEM,17631,2026-08-17T18:34:00.000Z,Açık,24.2,24.2,57,80,9,1005,1010.2,39340,,0,0,0,0,0,0,,,18.35,2026-08-17T18:44:17+00:00
Kırklareli,Demirköy,DEMİRKÖY,18102,2026-08-17T18:34:00.000Z,Açık,18.3,18.3,87,21,3.24,972.2,1011.2,,,0,0,0,0,0,0,,,16.74,2026-08-17T18:44:17+00:00
Kırklareli,Vize,VİZE/KIYIKÖY,18103,2026-08-17T18:33:00.000Z,Açık,20.2,20.2,90,254,6.12,1011,1011.9,,,0,0,0,0,0,0,,,18.97,2026-08-17T18:44:17+00:00
Kırklareli,Pınarhisar,PINARHİSAR,18398,2026-08-17T18:34:00.000Z,Açık,20.2,20.2,78,86,18.36,,,,,0,0,0,0,0,0,,,17.47,2026-08-17T18:44:17+00:00
Kırklareli,Babaeski,BABAESKİ,18405,2026-08-17T18:34:00.000Z,Açık,24.1,24.1,50,97,15.840000000000002,,,,,0,0,0,0,0,0,,,17.22,2026-08-17T18:44:17+00:00
Kırklareli,Kofçaz,KOFÇAZ,18406,2026-08-17T18:34:00.000Z,Pus,22,22,67,47,7.5600000000000005,,,3210,,0,0,0,0,0,0,,,17.75,2026-08-17T18:44:17+00:00
Kırklareli,Pehlivanköy,PEHLİVANKÖY,18407,2026-08-17T18:34:00.000Z,Açık,24.2,24.2,57,147,8.64,,,,,0,0,0,0,0,0,,,18.35,2026-08-17T18:44:17+00:00
Kırklareli,Vize,VİZE/YUMURTATEPE,18408,2026-08-17T18:34:00.000Z,Açık,17.3,17.3,95,345,2.52,973,1010.9,,,0,0,0,0,0,0,,,16.7,2026-08-17T18:44:17+00:00
Kırklareli,Vize,VİZE/KAZANDERE BARAJI,18737,2026-08-17T18:34:00.000Z,Açık,19.3,19.3,70,,,,,,,0,0,0,0,0,0,,,15.63,2026-08-17T18:44:17+00:00
Kırklareli,Babaeski,BABAESKİ/YENİMAHALLE KÖYÜ,18794,2026-08-17T18:34:00.000Z,Açık,22.5,22.5,63,,,,,,,0,0,0,0,0,0,,,17.67,2026-08-17T18:44:17+00:00
Kırklareli,Demirköy,DEMİRKÖY/BEĞENDİK KÖYÜ,18795,2026-08-17T18:34:00.000Z,Açık,17.6,17.6,90,184,2.52,,,,,0,0,0,0,0,0,,,16.41,2026-08-17T18:44:17+00:00
Kırklareli,Lüleburgaz,LÜLEBURGAZ/AHMETBEY BELDESİ,18796,2026-08-17T18:34:00.000Z,Açık,21,21,90,,,,,,,0,0,0,0,0,0,,,19.75,2026-08-17T18:44:17+00:00
Kırklareli,Pınarhisar,PINARHİSAR/MAHYA DAĞI,18797,2026-08-17T18:34:00.000Z,Açık,19.6,19.6,,,,,,,,0,0,0,0,0,0,,,,2026-08-17T18:44:17+00:00
Kırklareli,Lüleburgaz,LÜLEBURGAZ/CELALİYE KÖYÜ,19113,2026-08-17T18:34:00.000Z,Açık,23.4,23.4,62,,,,,,,0,0,0,0,0,0,,,18.35,2026-08-17T18:44:17+00:00
Kırklareli,Merkez,KIRKLARELİ/ÜSKÜP KÖYÜ,19114,2026-08-17T18:34:00.000Z,Açık,20.7,20.7,69,,,,,,,0,0,0,0,0,0,,,16.8,2026-08-17T18:44:17+00:00
Kırklareli,Vize,VİZE,19320,2026-08-17T18:33:00.000Z,Açık,21.5,21.5,71,92,4.680000000000001,,,43960,,0,0,0,0,0,0,,,17.81,2026-08-17T18:44:17+00:00
Kırklareli,Merkez,KIRKLARELİ ÜNİVERSİTESİ,19900,2026-08-17T18:34:00.000Z,Açık,22.1,22.1,68,137,7.920000000000001,979.3,1009.5,54280,,0,0,0,0,0,0,,,17.97,2026-08-17T18:44:17+00:00
Kırşehir,Merkez,KIRŞEHİR,17160,2026-08-17T18:34:00.000Z,Çok Bulutlu,21.1,21.1,53,192,6.12,898.1,1005.6,20000,5,0,0,0,0,0,0,,,15.06,2026-08-17T18:44:17+00:00
Kırşehir,Çiçekdağı,ÇİÇEKDAĞI,17732,2026-08-17T18:34:00.000Z,Çok Bulutlu,22.2,22.2,63,148,9,909,1005.6,75000,,0,0,0,0,0,0,,,17.39,2026-08-17T18:44:17+00:00
Kırşehir,Boztepe,BOZTEPE/MALYA TİGEM,17745,2026-08-17T18:34:00.000Z,Çok Bulutlu,20.1,20.1,53,157,3.24,883.6,1003.3,,,0,0,0,0,0,0,,,14.19,2026-08-17T18:44:17+00:00
Kırşehir,Kaman,KAMAN,17756,2026-08-17T18:34:00.000Z,Parçalı Bulutlu,20.3,20.3,48,22,0.36000000000000004,885.5,1005.9,50380,,0,0,0,0,0,0,,,13.69,2026-08-17T18:44:17+00:00
Kırşehir,Mucur,MUCUR,17758,2026-08-17T18:34:00.000Z,Çok Bulutlu,20,20,61,0,0,,,75000,,0,0,0,0,0,0,,,15.14,2026-08-17T18:44:17+00:00
Kırşehir,Akpınar,AKPINAR,18119,2026-08-17T18:34:00.000Z,Açık,20.2,20.2,57,329,2.8800000000000003,882.7,1005.4,,,0,0,0,0,0,0,,,14.8,2026-08-17T18:44:17+00:00
Kırşehir,Çiçekdağı,ÇİÇEKDAĞI TİGEM,18120,2026-08-17T18:33:00.000Z,Çok Bulutlu,23.3,23.3,49,108,15.48,922.1,1009.2,,,0,0,0,0,0,0,,,16.39,2026-08-17T18:44:17+00:00
Kırşehir,Akçakent,AKÇAKENT,18462,2026-08-17T18:34:00.000Z,Açık,16.7,16.7,75,18,17.64,,,,,0,0.25,0,0.05,0.25,0.25,,,13.78,2026-08-17T18:44:17+00:00
Kırşehir,Merkez,KIRŞEHİR/GÖLLÜ KÖYÜ,18666,2026-08-17T18:34:00.000Z,Az Bulutlu,17.9,17.9,67,,,,,,,0,0.07,0,0.02,0.07,0.07,,,13.97,2026-08-17T18:44:17+00:00
Kırşehir,Kaman,KAMAN/TEPEKÖY KÖYÜ,18876,2026-08-17T18:34:00.000Z,Az Bulutlu,20.8,20.8,55,,,,,,,0,0,0,0,0,0,,,15.07,2026-08-17T18:44:17+00:00
Kırşehir,Merkez,KIRŞEHİR/ÇAYAĞZI BELDESİ,18877,2026-08-17T18:34:00.000Z,Parçalı Bulutlu,20.2,20.2,57,,,,,,,0,0,0,0,0,0,,,14.8,2026-08-17T18:44:17+00:00
Kırşehir,Kaman,KAMAN/YELEK BELDESİ,18926,2026-08-17T18:34:00.000Z,Parçalı Bulutlu,20.6,20.6,52,26,10.44,874.3,1004.2,,,0,0,0,0,0,0,,,14.49,2026-08-17T18:44:17+00:00
Kırşehir,Mucur,MUCUR/KEPEZ KÖYÜ,18961,2026-08-17T18:33:00.000Z,Çok Bulutlu,20.8,20.8,55,,,,,,,0,0,0,0,0,0,,,15.07,2026-08-17T18:44:17+00:00
Kırşehir,Merkez,KIRŞEHİR/TOKLÜMEN KÖYÜ,19189,2026-08-17T18:34:00.000Z,Çok Bulutlu,23.3,23.3,49,,,,,,,0,0,0,0,0,0,,,16.39,2026-08-17T18:44:17+00:00
Kocaeli,İzmit,KOCAELİ,17066,2026-08-17T18:34:00.000Z,Parçalı Bulutlu,23.1,23.1,90,328,3.6,1002.4,1010.8,17000,3,0,0,0,0,0,0,,,21.82,2026-08-17T18:44:17+00:00
Kocaeli,Gölcük,GÖLCÜK,17067,2026-08-17T18:34:00.000Z,Parçalı Bulutlu,23.1,23.1,75,0,0,1008.9,1011,,,0,0,0,0,0,0,,,19.84,2026-08-17T18:44:17+00:00
Kocaeli,Kartepe,KOCAELİ CENGİZ TOPEL HAVALİMANI,17068,2026-08-17T18:16:00.000Z,Az Bulutlu,21.5,21.5,78,85,1.8,1005.2,1012.2,10000,2,0,0,0,0,0,0,,,18.71,2026-08-17T18:44:17+00:00
Kocaeli,Gebze,GEBZE,17639,2026-08-17T18:34:00.000Z,Açık,22,22,77,25,9.72,990.1,1010.1,47470,,0,0,0,0,0,0,,,19.06,2026-08-17T18:44:17+00:00
Kocaeli,Kandıra,KANDIRA,18104,2026-08-17T18:34:00.000Z,Açık,17.8,17.8,100,120,0,1007.6,1012.2,,,0,0,0,0,0,0,,,,2026-08-17T18:44:17+00:00
Kocaeli,Başiskele,BAŞİSKELE,18409,2026-08-17T18:34:00.000Z,Az Bulutlu,22.4,22.4,74,68,11.879999999999999,,,,,0,0,0,0,0,0,,,19.05,2026-08-17T18:44:17+00:00
Kocaeli,Darıca,DARICA,18410,2026-08-17T18:34:00.000Z,Açık,22.7,22.7,74,67,15.840000000000002,,,,,0,0,0,0,0,0,,,19.33,2026-08-17T18:44:17+00:00
Kocaeli,Dilovası,DİLOVASI,18411,2026-08-17T18:34:00.000Z,Pus,21.7,21.7,65,53,13.32,,,2820,,0,0,0,0,0,0,,,17.21,2026-08-17T18:44:17+00:00
Kocaeli,Karamürsel,KARAMÜRSEL,18412,2026-08-17T18:34:00.000Z,Açık,22.6,22.6,67,59,16.2,,,,,0,0,0,0,0,0,,,18.3,2026-08-17T18:44:17+00:00
Kocaeli,Kartepe,KARTEPE,18413,2026-08-17T18:34:00.000Z,Açık,21.7,21.7,66,44,5.4,,,,,0,0,0,0,0,0,,,17.34,2026-08-17T18:44:17+00:00
Kocaeli,Körfez,KÖRFEZ,18414,2026-08-17T18:34:00.000Z,Açık,21.9,21.9,69,10,17.28,,,,,0,0,0,0,0,0,,,17.92,2026-08-17T18:44:17+00:00
Kocaeli,Kandıra,KANDIRA/AKÇAOVA BELDESİ,18798,2026-08-17T18:34:00.000Z,Az Bulutlu,18.3,18.3,90,,,,,,,0,0,0,0,0,0,,,17.1,2026-08-17T18:44:17+00:00
Kocaeli,İzmit,İZMİT/AKMEŞE BELDESİ,18799,2026-08-17T18:34:00.000Z,Açık,20.3,20.3,99,356,8.64,,,,,0,0,0,0,0,0,,,20.19,2026-08-17T18:44:17+00:00
Kocaeli,İzmit,İZMİT ORMAN SAHASI,18800,2026-08-17T18:34:00.000Z,Açık,18.4,18.4,100,88,2.52,,,,,0,0,0,0,0,0,,,,2026-08-17T18:44:17+00:00
Kocaeli,Başiskele,BAŞİSKELE/YUVACIK ORMAN SAHASI,18801,2026-08-17T18:34:00.000Z,Parçalı Bulutlu,15.8,15.8,97,54,3.24,,,,,0,0,0,0,0,0,,,15.43,2026-08-17T18:44:17+00:00
Kocaeli,Derince,DERİNCE/KARAGÖLLÜ KÖYÜ,18802,2026-08-17T18:34:00.000Z,Açık,19.2,19.2,99,,,,,,,0,0,0,0,0,0,,,19.08,2026-08-17T18:44:17+00:00
Kocaeli,Çayırova,ÇAYIROVA,19115,2026-08-17T18:34:00.000Z,Açık,22.4,22.4,87,51,14.04,,,,,0,0,0,0,0,0,,,20.74,2026-08-17T18:44:17+00:00
Kocaeli,Derince,DERİNCE,19116,2026-08-17T18:34:00.000Z,Az Bulutlu,21.4,21.4,78,57,6.48,,,,,0,0,0,0,0,0,,,18.62,2026-08-17T18:44:17+00:00
Kocaeli,Gölcük,GÖLCÜK/AYVAZPINARI KÖYÜ,19117,2026-08-17T18:34:00.000Z,Parçalı Bulutlu,16.6,16.6,95,,,,,,,0,0,0,0,0,0,,,16.0,2026-08-17T18:44:17+00:00
Konya,Cihanbeyli,CİHANBEYLİ,17191,2026-08-17T18:33:00.000Z,Açık,22.7,22.7,47,335,10.08,902.3,1006.3,29240,,0,0,0,0,0,0,,,15.58,2026-08-17T18:44:17+00:00
Konya,Akşehir,AKŞEHİR,17239,2026-08-17T18:34:00.000Z,Az Bulutlu,21.6,21.6,49,247,4.32,899,1007.3,57200,,0,1.4,0,0,0.2,1.4,,,14.93,2026-08-17T18:44:17+00:00
Konya,Beyşehir,BEYŞEHİR,17242,2026-08-17T18:34:00.000Z,Az Bulutlu,19,19,54,177,2.16,884.4,1006.2,20000,2,0,0.8,0,0,0.8,0.8,,,13.35,2026-08-17T18:44:17+00:00
Konya,Selçuklu,KONYA HAVALİMANI,17244,2026-08-17T18:20:00.000Z,Parçalı Bulutlu,21.4,21.4,53,163,12.24,896.7,1014.2,10000,3,0,0,0,0,0,0,,,15.32,2026-08-17T18:44:17+00:00
Konya,Meram,KONYA BÖLGE,17245,2026-08-17T18:33:00.000Z,Parçalı Bulutlu,22.4,22.4,54,238,2.8800000000000003,897,1006.7,42030,,0,0,0,0,0,0,,,16.33,2026-08-17T18:44:17+00:00
Konya,Ereğli,EREĞLİ,17248,2026-08-17T18:34:00.000Z,Çok Bulutlu,18.6,18.6,81,222,3.6,894.8,1007.4,20000,6,0,1.2,0,1.2,1.2,1.2,,,16.31,2026-08-17T18:44:17+00:00
Konya,Kadınhanı,KADINHANI/ALTINOVA TİGEM,17744,2026-08-17T18:34:00.000Z,Açık,21.4,21.4,48,0,5.04,897.1,1004.4,58540,,0,0.2,0,0.2,0.2,0.2,,,14.62,2026-08-17T18:44:17+00:00
Konya,Kulu,KULU,17754,2026-08-17T18:34:00.000Z,Az Bulutlu,19.6,19.6,58,214,1.8,898.2,1006.4,63860,,0,5,0,0,5,5,,,14.4,2026-08-17T18:44:17+00:00
Konya,Yunak,YUNAK,17798,2026-08-17T18:34:00.000Z,Açık,20.1,20.1,48,153,2.8800000000000003,884.3,1006.9,12730,,0,0,0,0,0,0,,,13.52,2026-08-17T18:44:17+00:00
Konya,Ilgın,ILGIN,17832,2026-08-17T18:34:00.000Z,Açık,18.7,18.7,56,0,0,896.1,1007.5,,,0,0,0,0,0,0,,,13.34,2026-08-17T18:44:17+00:00
Konya,Sarayönü,SARAYÖNÜ/GÖZLÜ TİGEM,17897,2026-08-17T18:34:00.000Z,Açık,21.5,21.5,49,298,4.680000000000001,895.2,1005,56500,,0,0,0,0,0,0,,,14.85,2026-08-17T18:44:17+00:00
Konya,Çumra,ÇUMRA,17900,2026-08-17T18:34:00.000Z,Açık,20,20,53,131,2.16,898.3,1006.7,75000,,0,0,0,0,0,0,,,14.1,2026-08-17T18:44:17+00:00
Konya,Karapınar,KARAPINAR,17902,2026-08-17T18:34:00.000Z,Açık,18.3,18.3,76,0,0,899.9,1006.9,23980,,0,1.1,0,1.1,1.1,1.1,,,15.42,2026-08-17T18:44:17+00:00
Konya,Hadim,HADİM,17928,2026-08-17T18:34:00.000Z,Az Bulutlu,16.8,16.8,59,0,0,842.9,1004.9,52960,,0,0,0,0,0,0,,,12.02,2026-08-17T18:44:17+00:00
Konya,Seydişehir,SEYDİŞEHİR,17972,2026-08-17T18:35:00.000Z,Açık,17.9,17.9,64,304,6.48,889,1007.5,75000,,0,0,0,0,0,0,,,13.61,2026-08-17T18:44:17+00:00
Konya,Seydişehir,SEYDİŞEHİR/ALACABEL,18212,2026-08-17T18:34:00.000Z,Açık,15.4,15.4,66,183,2.52,843.6,1006.7,,,0,0,0,0,0,0,,,11.55,2026-08-17T18:44:17+00:00
Konya,Karatay,KARATAY/BAHRİ DAĞDAŞ ARŞ. (TAGEM),18213,2026-08-17T18:34:00.000Z,Az Bulutlu,17.6,17.6,70,145,9.72,898.8,1006.6,,,0,0,0,0,0,0,,,14.04,2026-08-17T18:44:17+00:00
Konya,Ahırlı,AHIRLI,18486,2026-08-17T18:34:00.000Z,Açık,18.2,18.2,64,154,6.48,,,,,0,1.27,0,0,1.27,1.27,,,13.88,2026-08-17T18:44:17+00:00
Konya,Akören,AKÖREN,18487,2026-08-17T18:34:00.000Z,Açık,20.6,20.6,53,242,5.04,,,,,0,0,0,0,0,0,,,14.62,2026-08-17T18:44:17+00:00
Konya,Altınekin,ALTINEKİN,18488,2026-08-17T18:34:00.000Z,Parçalı Bulutlu,21.3,21.3,45,204,14.04,,,,,0,1.13,0,0,1.13,1.13,,,14.11,2026-08-17T18:44:17+00:00
Konya,Bozkır,BOZKIR,18489,2026-08-17T18:34:00.000Z,Açık,17.8,17.8,63,247,4.680000000000001,,,,,0,0,0,0,0,0,,,13.39,2026-08-17T18:44:17+00:00
Konya,Çeltik,ÇELTİK,18490,2026-08-17T18:34:00.000Z,Açık,19.4,19.4,58,75,14.04,,,,,0,0.1,0,0,0,0.15,,,14.22,2026-08-17T18:44:17+00:00
Konya,Derbent,DERBENT,18491,2026-08-17T18:34:00.000Z,Açık,17.2,17.2,56,100,2.16,,,,,0,0,0,0,0,0,,,12.02,2026-08-17T18:44:17+00:00
Konya,Derebucak,DEREBUCAK,18492,2026-08-17T18:34:00.000Z,Açık,15.2,15.2,91,71,7.920000000000001,,,,,0,1.49,0,1.49,1.49,1.49,,,14.15,2026-08-17T18:44:17+00:00
Konya,Doğanhisar,DOĞANHİSAR,18493,2026-08-17T18:34:00.000Z,Açık,17.8,17.8,64,211,14.4,,,,,0,0,0,0,0,0,,,13.51,2026-08-17T18:44:17+00:00
Konya,Emirgazi,EMİRGAZİ,18494,2026-08-17T18:34:00.000Z,Açık,18.1,18.1,72,92,12.96,,,,,0,0,0,0,0,0,,,14.75,2026-08-17T18:44:17+00:00
Konya,Güneysınır,GÜNEYSINIR,18495,2026-08-17T18:34:00.000Z,Açık,19.3,19.3,57,231,12.6,,,,,0,0,0,0,0,0,,,14.0,2026-08-17T18:44:17+00:00
Konya,Halkapınar,HALKAPINAR/İVRİZ,18496,2026-08-17T18:34:00.000Z,Parçalı Bulutlu,17.8,17.8,74,333,6.12,,,,,0.13,0.23,0.13,0.23,0.23,0.23,,,14.71,2026-08-17T18:44:17+00:00
Konya,Hüyük,HÜYÜK,18497,2026-08-17T18:34:00.000Z,Açık,19.6,19.6,64,13,8.28,,,,,0,0,0,0,0,0,,,15.16,2026-08-17T18:44:17+00:00
Konya,Taşkent,TAŞKENT,18498,2026-08-17T18:34:00.000Z,Az Bulutlu,16.9,16.9,53,123,10.08,,,,,0,0,0,0,0,0,,,11.39,2026-08-17T18:44:17+00:00
Konya,Tuzlukçu,TUZLUKÇU,18499,2026-08-17T18:34:00.000Z,Açık,17.6,17.6,58,142,7.2,,,,,0,0.16,0,0,0,0.16,,,12.61,2026-08-17T18:44:17+00:00
Konya,Yalıhüyük,YALIHÜYÜK,18500,2026-08-17T18:34:00.000Z,Açık,18.9,18.9,60,308,0,,,,,0,0.2,0,0,0.1,0.2,,,14.02,2026-08-17T18:44:17+00:00
Konya,Bozkır,BOZKIR/SORKUN YAYLASI,18591,2026-08-17T18:34:00.000Z,Açık,16.8,16.8,56,,,,,,,0,0,0,0,0,0,,,11.66,2026-08-17T18:44:17+00:00
Konya,Taşkent,TAŞKENT/BALCILAR BELDESİ,18592,2026-08-17T18:34:00.000Z,Az Bulutlu,17.9,17.9,62,,,,,,,0,0,0,0,0,0.1,,,13.36,2026-08-17T18:44:17+00:00
Konya,Hadim,HADİM/DEDEMLİ DOLHANLAR,18681,2026-08-17T18:34:00.000Z,Açık,17.4,17.4,62,,,,,,,0,0,0,0,0,0,,,12.91,2026-08-17T18:44:17+00:00
Konya,Kadınhanı,KADINHANI/ATLANTI BELDESİ,18682,2026-08-17T18:34:00.000Z,Açık,17.8,17.8,59,,,,,,,0,0.13,0,0,0,0.13,,,12.91,2026-08-17T18:44:17+00:00
Konya,Karatay,KARATAY/ESENTEPE KÖYÜ,18683,2026-08-17T18:34:00.000Z,Az Bulutlu,18.1,18.1,73,,,,,,,0,0.12,0,0,0,0.12,,,14.87,2026-08-17T18:44:17+00:00
Konya,Cihanbeyli,CİHANBEYLİ/TURANLAR KÖYÜ,18684,2026-08-17T18:34:00.000Z,Açık,20,20,52,,,,,,,0,0.09,0,0,0,0.15,,,13.97,2026-08-17T18:44:17+00:00
Konya,Meram,MERAM/KAYHÜYÜK KÖYÜ,18685,2026-08-17T18:34:00.000Z,HHY,18.5,18.5,71,,,,,,,0,0.27,0.27,0.27,0.27,0.4,,,15.0,2026-08-17T18:44:17+00:00
Konya,Meram,MERAM/GÜNEYDERE KÖYÜ,18686,2026-08-17T18:34:00.000Z,Açık,17.5,17.5,52,,,,,,,0,0,0,0,0,0,,,11.8,2026-08-17T18:44:17+00:00
Konya,Karatay,KARATAY/GÖÇÜ KÖYÜ BOZDAĞ,18687,2026-08-17T18:34:00.000Z,Açık,15.2,15.2,67,,,,,,,0,0.3,0,0,0,0.3,,,11.48,2026-08-17T18:44:17+00:00
Konya,Selçuklu,SELÇUKLU/SİLLE BARAJI,18753,2026-08-17T18:34:00.000Z,Az Bulutlu,18.1,18.1,64,,,,,,,0,5.8,0,0,5.8,5.8,,,13.79,2026-08-17T18:44:17+00:00
Konya,Bozkır,BOZKIR/SARIOĞLAN BELDESİ,18758,2026-08-17T18:34:00.000Z,Açık,16.8,16.8,78,,,,,,,0,0,0,0,0,0.1,,,14.23,2026-08-17T18:44:17+00:00
Konya,Meram,MERAM/İNLİCE BELDESİ,18759,2026-08-17T18:34:00.000Z,Açık,15.5,15.5,63,,,,,,,0,1.98,0,0,1.98,1.98,,,11.3,2026-08-17T18:44:17+00:00
Konya,Meram,MERAM/KONYA KENT ORMANI,18760,2026-08-17T18:34:00.000Z,Açık,14.2,14.2,84,,,,,,,0,15.35,0,0,15.3,15.35,,,12.4,2026-08-17T18:44:17+00:00
Konya,Cihanbeyli,CİHANBEYLİ/YENİCEOBA BELDESİ,18887,2026-08-17T18:34:00.000Z,Açık,21.1,21.1,50,,,,,,,0,0,0,0,0,0,,,14.65,2026-08-17T18:44:17+00:00
Konya,Güneysınır,GÜNEYSINIR/SARIHACI KÖYÜ,18894,2026-08-17T18:34:00.000Z,Açık,21.4,21.4,49,,,,,,,0,0,0,0,0,0,,,14.76,2026-08-17T18:44:17+00:00
Konya,Karapınar,KARAPINAR/SAZLIPINAR KÖYÜ,18895,2026-08-17T18:34:00.000Z,Açık,15.8,15.8,82,,,,,,,0,2.66,0,2.66,2.66,2.66,,,13.72,2026-08-17T18:44:17+00:00
Konya,Selçuklu,SELÇUKLU/BAĞRIKURT,18896,2026-08-17T18:34:00.000Z,Az Bulutlu,21.1,21.1,44,,,,,,,0,0.28,0,0,0,0.28,,,13.8,2026-08-17T18:44:17+00:00
Konya,Beyşehir,BEYŞEHİR/YEŞİLDAĞ ORMAN SAHASI,18897,2026-08-17T18:34:00.000Z,Açık,16.3,16.3,77,304,7.920000000000001,,,,,0,0,0,0,0,0,,,13.63,2026-08-17T18:44:17+00:00
Konya,Derbent,DERBENT/ALADAĞ,18898,2026-08-17T18:34:00.000Z,Açık,15.3,15.3,53,,,,,,,0,0,0,0,0,0,,,10.0,2026-08-17T18:44:17+00:00
Konya,Meram,MERAM/LORAS DAĞI,19200,2026-08-17T18:34:00.000Z,Parçalı Bulutlu,21,21,58,,,,,,,0,0.11,0,0,0.11,0.11,,,15.64,2026-08-17T18:44:17+00:00
Konya,Kadınhanı,KADINHANI,19321,2026-08-17T18:36:00.000Z,Açık,19.9,19.9,49,241,7.920000000000001,,,37210,,0,0,0,0,0,0,,,13.48,2026-08-17T18:44:17+00:00
Konya,Sarayönü,SARAYÖNÜ,19322,2026-08-17T18:34:00.000Z,Açık,19.4,19.4,53,211,9,,,,,0,0.1,0,0,0,0.1,,,13.57,2026-08-17T18:44:17+00:00
Konya,Çumra,ÇUMRA/APA BARAJI,19918,2026-08-17T18:34:00.000Z,Açık,20.2,20.2,50,326,2.16,892.8,1006,,,0,0,0,0,0,0,,,13.87,2026-08-17T18:44:17+00:00
Kütahya,Altıntaş,KÜTAHYA ZAFER HAVALİMANI,17154,2026-08-17T18:17:00.000Z,Açık,20.8,20.8,59,11,17.28,898.3,1014.5,3000,,0,0,0,0,0,0,,,15.6,2026-08-17T18:44:17+00:00
Kütahya,Merkez,KÜTAHYA,17155,2026-08-17T18:34:00.000Z,Açık,20.4,20.4,74,20,2.52,903.1,1007.5,20000,0,0,0,0,0,0,0,,,17.16,2026-08-17T18:44:17+00:00
Kütahya,Tavşanlı,TAVŞANLI,17704,2026-08-17T18:34:00.000Z,Açık,21.6,21.6,55,283,2.52,917.3,1007,,,0,0,0,0,0,0,,,15.77,2026-08-17T18:44:17+00:00
Kütahya,Emet,EMET,17707,2026-08-17T18:34:00.000Z,Açık,20.8,20.8,66,21,15.840000000000002,902.1,1006.8,,,0,0,0,0,0,0,,,16.51,2026-08-17T18:44:17+00:00
Kütahya,Dumlupınar,DUMLUPINAR,17747,2026-08-17T18:35:00.000Z,Çok Bulutlu,20,20,60,73,3.6,,,,,0,0,0,0,0,0,,,15.01,2026-08-17T18:44:17+00:00
Kütahya,Simav,SİMAV,17748,2026-08-17T18:34:00.000Z,Açık,21.6,21.6,64,318,13.68,921.1,1007.9,13330,,0,0,0,0,0,0,,,16.98,2026-08-17T18:44:17+00:00
Kütahya,Gediz,GEDİZ,17750,2026-08-17T18:34:00.000Z,Açık,22.6,22.6,53,7,0.36000000000000004,927.8,1007,,,0,0,0,0,0,0,,,16.37,2026-08-17T18:44:17+00:00
Kütahya,Merkez,KÜTAHYA HAVALİMANI,17755,2026-08-17T18:15:00.000Z,Açık,20.9,20.9,66,290,6.48,908.1,1014.2,50600,,,0,0,0,0,0,,,16.6,2026-08-17T18:44:17+00:00
Kütahya,Altıntaş,ALTINTAŞ,18093,2026-08-17T18:34:00.000Z,Açık,20,20,63,358,18,897.4,1006.8,,,0,0,0,0,0,0,,,15.39,2026-08-17T18:44:17+00:00
Kütahya,Domaniç,DOMANİÇ,18094,2026-08-17T18:34:00.000Z,Açık,18.9,18.9,65,167,2.16,912.1,1007.6,,,0,0,0,0,0,0,,,14.64,2026-08-17T18:44:17+00:00
Kütahya,Çavdarhisar,ÇAVDARHİSAR,18095,2026-08-17T18:34:00.000Z,Açık,20.8,20.8,57,329,3.6,894.5,1006.9,,,0,0,0,0,0,0,,,15.33,2026-08-17T18:44:17+00:00
Kütahya,Aslanapa,ASLANAPA,18391,2026-08-17T18:34:00.000Z,Açık,19.2,19.2,65,212,4.680000000000001,,,,,0,0,0,0,0,0,,,14.92,2026-08-17T18:44:17+00:00
Kütahya,Pazarlar,PAZARLAR,18392,2026-08-17T18:34:00.000Z,Açık,20.6,20.6,65,293,13.68,,,,,0,0,0,0,0,0,,,16.2,2026-08-17T18:44:17+00:00
Kütahya,Domaniç,DOMANİÇ/KOCAYAYLA,18601,2026-08-17T18:34:00.000Z,Açık,14.2,14.2,100,,,,,,,0,0.05,0,0,0,0.05,,,,2026-08-17T18:44:17+00:00
Kütahya,Emet,EMET/ESATLAR KÖYÜ,18604,2026-08-17T18:34:00.000Z,Açık,19.6,19.6,70,,,,,,,0,0,0,0,0,0,,,15.91,2026-08-17T18:44:17+00:00
Kütahya,Merkez,KÜTAHYA/KİRAZLIYAYLASI KÖYÜ,18605,2026-08-17T18:34:00.000Z,Açık,14.9,14.9,100,,,,,,,0,0,0,0,0,0,,,,2026-08-17T18:44:17+00:00
Kütahya,Şaphane,ŞAPHANE,18606,2026-08-17T18:34:00.000Z,Açık,20.1,20.1,62,,,,,,,0,0,0,0,0,0,,,15.36,2026-08-17T18:44:17+00:00
Kütahya,Tavşanlı,TAVŞANLI/GÜMÜŞYENİKÖY,18607,2026-08-17T18:34:00.000Z,Açık,15.8,15.8,100,,,,,,,0,0,0,0,0,0,,,,2026-08-17T18:44:17+00:00
Kütahya,Hisarcık,HİSARCIK,18835,2026-08-17T18:34:00.000Z,Açık,22.3,22.3,67,332,4.680000000000001,,,,,0,0,0,0,0,0,,,18.02,2026-08-17T18:44:17+00:00
Kütahya,Simav,SİMAV/SÖĞÜT ORMAN SAHASI,18836,2026-08-17T18:34:00.000Z,Açık,16.4,16.4,90,189,3.24,,,,,0,0,0,0,0,0,,,15.22,2026-08-17T18:44:17+00:00
Kütahya,Gediz,GEDİZ/YAYLAKÖY,19148,2026-08-17T18:34:00.000Z,Açık,19.9,19.9,61,,,,,,,0,0,0,0,0,0,,,15.05,2026-08-17T18:44:17+00:00
Kütahya,Tavşanlı,TAVŞANLI/BALIKÖY,19149,2026-08-17T18:34:00.000Z,Açık,23.1,23.1,66,,,,,,,0,0,0,0,0,0,,,18.62,2026-08-17T18:44:17+00:00
Malatya,Merkez,MALATYA TULGA HAVALİMANI,17197,2026-08-17T18:20:00.000Z,Parçalı Bulutlu,21.1,21.1,70,302,4.680000000000001,905.4,1011.3,10000,3,0,0,0,0,0,0,,,17.3,2026-08-17T18:44:17+00:00
Malatya,Yeşilyurt,MALATYA,17199,2026-08-17T18:34:00.000Z,Açık,22.8,22.8,59,305,11.16,902.8,1004.1,39370,,0,5,0,5,5,5,,,17.39,2026-08-17T18:44:17+00:00
Malatya,Akçadağ,MALATYA ERHAÇ HAVALİMANI,17200,2026-08-17T18:20:00.000Z,Çok Bulutlu,25,25.6,44,327,36.36,913.4,1010.3,10000,5,0,0,0,0,0,0,,,17.05,2026-08-17T18:44:17+00:00
Malatya,Akçadağ,AKÇADAĞ/SULTANSUYU TİGEM,17706,2026-08-17T18:34:00.000Z,Açık,20.5,20.5,68,331,2.8800000000000003,909.5,1004,,,0,3.8,0,3.8,3.8,3.8,,,16.49,2026-08-17T18:44:17+00:00
Malatya,Arapkir,ARAPGİR,17764,2026-08-17T18:32:00.000Z,Parçalı Bulutlu,23.2,23.2,45,305,6.12,875.5,1001.2,75000,,0,0,0,0,0,0,,,15.7,2026-08-17T18:44:17+00:00
Malatya,Darende,DARENDE/BALABAN,17842,2026-08-17T18:34:00.000Z,HHY,17.1,17.1,93,191,3.24,889.6,1006.1,,,0,3,1.4,2.6,3,3,,,16.27,2026-08-17T18:44:17+00:00
Malatya,Kale,MALATYA/KALE,17845,2026-08-17T18:34:00.000Z,Açık,24.2,24.2,54,126,16.56,919.7,1003,,,0,0.4,0,0.4,0.4,0.4,,,17.91,2026-08-17T18:44:17+00:00
Malatya,Doğanşehir,DOĞANŞEHİR,17872,2026-08-17T18:34:00.000Z,Parçalı Bulutlu,18.8,18.8,70,271,1.8,875.1,1003.7,53180,,0,0,0,0,0,0,,,15.16,2026-08-17T18:44:17+00:00
Malatya,Hekimhan,HEKİMHAN,18183,2026-08-17T18:34:00.000Z,Çok Bulutlu,18.5,18.5,85,297,11.879999999999999,876.9,1006.1,,,0.1,2.5,0.1,2.5,2.5,2.5,,,16.69,2026-08-17T18:44:17+00:00
Malatya,Kuluncak,KULUNCAK,18184,2026-08-17T18:34:00.000Z,Çok Bulutlu,18.9,18.9,52,242,3.24,874,1005.2,73350,,0,0,0,0,0,0.1,,,13.01,2026-08-17T18:44:17+00:00
Malatya,Darende,DARENDE,18185,2026-08-17T18:34:00.000Z,HHY,18.3,18.3,70,345,6.84,893.2,1006.4,75000,,0,8.4,8.4,8.4,8.4,8.4,,,14.7,2026-08-17T18:44:17+00:00
Malatya,Pötürge,PÜTÜRGE,18186,2026-08-17T18:34:00.000Z,Açık,22.8,22.8,35,180,2.16,870.7,1002.4,,,0,0,0,0,0,0,,,13.79,2026-08-17T18:44:17+00:00
Malatya,Battalgazi,BATTALGAZİ/MEYVECİLİK ARŞ.(TAGEM),18187,2026-08-17T18:34:00.000Z,Açık,19.4,19.4,,252,8.64,924.5,1004.5,,,0,0.6,0.2,0.4,0.4,0.6,,,,2026-08-17T18:44:17+00:00
Malatya,Yazıhan,YAZIHAN,18188,2026-08-17T18:33:00.000Z,Çok Bulutlu,24.1,24.1,57,320,12.96,914.5,1003.6,,,0,0,0,0,0,0,,,18.26,2026-08-17T18:44:17+00:00
Malatya,Arguvan,ARGUVAN,18189,2026-08-17T18:34:00.000Z,Çok Bulutlu,23.5,23.5,25,287,10.08,878.1,1001.5,,,0,0,0,0,0,0,,,12.51,2026-08-17T18:44:17+00:00
Malatya,Doğanyol,DOĞANYOL,18352,2026-08-17T18:34:00.000Z,Açık,25,25,29,117,9.360000000000001,,,,,0,0.84,0,0,0.08,1.83,,,14.4,2026-08-17T18:44:17+00:00
Malatya,Merkez,MALATYA/KAYISI ARŞ. ENS.,18353,2026-08-17T18:34:00.000Z,Açık,20.8,20.8,71,210,0.36000000000000004,,,,,0,0,0,0,0,0,,,17.15,2026-08-17T18:44:17+00:00
Malatya,Akçadağ,AKÇADAĞ/HANÇERLİ KÖYÜ,18767,2026-08-17T18:34:00.000Z,Az Bulutlu,16.4,16.4,78,,,,,,,0,2.99,0,1.13,2.7,3.23,,,13.84,2026-08-17T18:44:17+00:00
Malatya,Merkez,MALATYA/BEYDAĞI MEVKİ,18770,2026-08-17T18:34:00.000Z,Açık,22.5,22.5,60,,,,,,,0,0,0,0,0,0,,,17.26,2026-08-17T18:44:17+00:00
Malatya,Doğanşehir,DOĞANŞEHİR/POLAT BARAJI,18950,2026-08-17T18:34:00.000Z,Az Bulutlu,20.4,20.4,51,315,22.32,,,,,0,0.02,0,0,0.02,0.02,,,14.18,2026-08-17T18:44:17+00:00
Malatya,Kale,MALATYA/KAPIKAYA BARAJI,18951,2026-08-17T18:34:00.000Z,Açık,23.8,23.8,62,0,0,,,,,0,14.41,0,0.01,14.16,14.82,,,18.71,2026-08-17T18:44:17+00:00
Malatya,Doğanşehir,DOĞANŞEHİR/SÜRGÜ BELDESİ,19085,2026-08-17T18:34:00.000Z,Az Bulutlu,21.4,21.4,63,,,,,,,0,0.12,0,0,0,0.12,,,16.67,2026-08-17T18:44:17+00:00
Malatya,Arguvan,ARGUVAN/ÇOBANDERE KÖYÜ,19086,2026-08-17T18:34:00.000Z,Çok Bulutlu,19.9,19.9,69,,,,,,,0,0,0,0,0,0,,,16.06,2026-08-17T18:44:17+00:00
Malatya,Hekimhan,HEKİMHAN/KURŞUNLU BELDESİ,19087,2026-08-17T18:34:00.000Z,Çok Bulutlu,16.1,16.1,81,,,,,,,0,0.34,0,0,0,0.59,,,13.9,2026-08-17T18:44:17+00:00
Malatya,Pötürge,PÜTÜRGE ORMAN SAHASI,19088,2026-08-17T18:34:00.000Z,Açık,20.1,20.1,47,213,5.4,,,,,0,0.41,0,0,0,0.69,,,13.38,2026-08-17T18:44:17+00:00
Malatya,Doğanşehir,DOĞANŞEHİR/KURUCAOVA MEVKİ,19089,2026-08-17T18:34:00.000Z,Parçalı Bulutlu,20.4,20.4,69,,,,,,,0,0,0,0,0,0.2,,,16.53,2026-08-17T18:44:17+00:00
Malatya,Doğanşehir,DOĞANŞEHİR/GÖVDELİ KÖYÜ,19263,2026-08-17T18:35:00.000Z,Parçalı Bulutlu,24.2,24.2,68,,,,,,,0,0.07,0,0,0,0.08,,,19.91,2026-08-17T18:44:17+00:00
Malatya,Merkez,YEŞİLYURT/ÜÇGÖZE KÖYÜ,19264,2026-08-17T18:35:00.000Z,Açık,17.8,17.8,56,,,,,,,0,0.13,0,0,0.13,0.13,,,12.55,2026-08-17T18:44:17+00:00
Malatya,Hekimhan,HEKİMHAN/KÖYLÜKÖYÜ,19913,2026-08-17T18:34:00.000Z,Çok Bulutlu,16.8,16.8,82,153,11.520000000000001,,,,,0.02,0.65,0.16,0.16,0.16,1.24,,,14.69,2026-08-17T18:44:17+00:00
Manisa,Akhisar,AKHİSAR HAVALİMANI,17181,2026-08-17T18:16:00.000Z,Açık,26.2,26.9,51,8,15.48,999.4,1009,2100,,,0,0,0,0,0,,,19.19,2026-08-17T18:44:17+00:00
Manisa,Akhisar,AKHİSAR,17184,2026-08-17T18:34:00.000Z,Açık,25.5,26.2,49,342,6.84,998.7,1009,20000,0,0,0,0,0,0,0,,,18.27,2026-08-17T18:44:17+00:00
Manisa,Yunusemre,MANİSA,17186,2026-08-17T18:34:00.000Z,Açık,26.6,27.5,55,0,0,1001.1,1009.1,20000,0,0,0,0,0,0,0,,,20.17,2026-08-17T18:44:17+00:00
Manisa,Demirci,DEMİRCİ,17746,2026-08-17T18:34:00.000Z,Açık,23.5,23.5,56,0,0,915,1006.8,,,0,0,0,0,0,0,,,17.59,2026-08-17T18:44:17+00:00
Manisa,Şehzadeler,ŞEHZADELER/SPİL DAĞI MİLLİ PARKI,17771,2026-08-17T18:34:00.000Z,Açık,16.6,16.6,68,260,4.680000000000001,875.2,1007.3,,,0,0,0,0,0,0,,,12.88,2026-08-17T18:44:17+00:00
Manisa,Salihli,SALİHLİ,17792,2026-08-17T18:34:00.000Z,Açık,28.4,28.4,41,238,4.680000000000001,995.7,1008.1,,,0,0,0,0,0,0,,,19.33,2026-08-17T18:44:17+00:00
Manisa,Köprübaşı,KÖPRÜBAŞI,17795,2026-08-17T18:34:00.000Z,Açık,25.5,26.5,57,255,0.36000000000000004,,,,,0,0,0,0,0,0,,,19.5,2026-08-17T18:44:17+00:00
Manisa,Alaşehir,ALAŞEHİR,17797,2026-08-17T18:34:00.000Z,Açık,24.9,24.9,54,278,6.84,991.6,1012.9,45950,,0,0,0,0,0,0,,,18.52,2026-08-17T18:44:17+00:00
Manisa,Yunusemre,MANİSA KENT ORMANI,18033,2026-08-17T18:33:00.000Z,Açık,25.2,26.2,56,141,5.760000000000001,984.5,1008.2,,,0,0,0,0,0,0,,,19.09,2026-08-17T18:44:17+00:00
Manisa,Akhisar,AKHİSAR/KARAKÖY ORMAN DEPOSU,18036,2026-08-17T18:34:00.000Z,Açık,25.1,26.3,60,30,5.760000000000001,988,1011.3,,,0,0,0,0,0,0,,,19.59,2026-08-17T18:44:17+00:00
Manisa,Soma,SOMA/CENKYERİ ORMAN SAHASI,18039,2026-08-17T18:34:00.000Z,Açık,25.4,26.4,57,56,12.24,997.6,1012.7,,,0,0,0,0,0,0,,,19.42,2026-08-17T18:44:17+00:00
Manisa,Soma,SOMA,18040,2026-08-17T18:34:00.000Z,Açık,25,26.3,62,259,5.04,992.4,1011.1,,,0,0.5,0,0,0.4,0.5,,,19.79,2026-08-17T18:44:17+00:00
Manisa,Gördes,GÖRDES,18041,2026-08-17T18:34:00.000Z,Açık,21.2,21.2,61,279,11.16,940.2,1008,,,0,0.1,0,0,0,0.2,,,16.22,2026-08-17T18:44:17+00:00
Manisa,Kula,KULA,18042,2026-08-17T18:34:00.000Z,Açık,22.6,22.6,53,225,7.920000000000001,928.3,1006.2,,,0,0,0,0,0,0,,,16.37,2026-08-17T18:44:17+00:00
Manisa,Gölmarmara,GÖLMARMARA,18043,2026-08-17T18:34:00.000Z,Açık,24.8,24.8,75,348,11.16,998.1,1008.4,,,0,0,0,0,0,0,,,21.45,2026-08-17T18:44:17+00:00
Manisa,Yunusemre,YUNUSEMRE/ÇAKMAK ORMAN SAHASI,18044,2026-08-17T18:34:00.000Z,Açık,24.2,24.2,66,324,9.360000000000001,971,1006.4,,,0,0,0,0,0,0,,,19.64,2026-08-17T18:44:17+00:00
Manisa,Saruhanlı,SARUHANLI,18051,2026-08-17T18:34:00.000Z,Açık,26.3,27.2,55,35,4.680000000000001,1005.1,1009.2,,,0,0,0,0,0,0,,,19.91,2026-08-17T18:44:17+00:00
Manisa,Turgutlu,TURGUTLU,18052,2026-08-17T18:34:00.000Z,Açık,24.4,24.4,64,284,9.72,1002.1,1007.1,,,0,0,0,0,0,0,,,19.54,2026-08-17T18:44:17+00:00
Manisa,Ahmetli,AHMETLİ,18451,2026-08-17T18:34:00.000Z,Açık,26.2,27,53,277,5.04,,,,,0,0,0,0,0,0,,,19.51,2026-08-17T18:44:17+00:00
Manisa,Sarıgöl,SARIGÖL,18452,2026-08-17T18:34:00.000Z,Açık,23.9,23.9,66,128,3.9600000000000004,,,,,0,0,0,0,0,0,,,19.36,2026-08-17T18:44:17+00:00
Manisa,Selendi,SELENDİ,18453,2026-08-17T18:34:00.000Z,Açık,24,24,39,278,12.6,,,,,0,0.1,0,0,0,0.1,,,15.41,2026-08-17T18:44:17+00:00
Manisa,Selendi,SELENDİ/TAVAK KÖYÜ,18600,2026-08-17T18:34:00.000Z,Açık,19.7,19.7,97,,,,,,,0,0,0,0,0,0,,,19.34,2026-08-17T18:44:17+00:00
Manisa,Akhisar,AKHİSAR/MECİDİYE BELDESİ,18824,2026-08-17T18:34:00.000Z,Açık,25.6,26.5,54,,,,,,,0,0,0,0,0,0,,,19.14,2026-08-17T18:44:17+00:00
Manisa,Saruhanlı,SARUHANLI/SARIÇAM KÖYÜ,18825,2026-08-17T18:34:00.000Z,Açık,26.4,26.6,44,,,,,,,0,0,0,0,0,0,,,18.21,2026-08-17T18:44:17+00:00
Manisa,Saruhanlı,SARUHANLI/TİRKEŞ KÖYÜ,18826,2026-08-17T18:34:00.000Z,Açık,26,26.8,53,,,,,,,0,0,0,0,0,0,,,19.33,2026-08-17T18:44:17+00:00
Manisa,Salihli,SALİHLİ/İĞDECİK KÖYÜ,18827,2026-08-17T18:34:00.000Z,Açık,25.2,25.9,49,,,,,,,0,0,0,0,0,0,,,18.01,2026-08-17T18:44:17+00:00
Manisa,Kırkağaç,KIRKAĞAÇ,19137,2026-08-17T18:35:00.000Z,Açık,24,24,70,345,9.360000000000001,,,,,0,0,0,0,0,0,,,20.01,2026-08-17T18:44:17+00:00
Manisa,Salihli,SALİHLİ/ÇAKALDOĞANLAR KÖYÜ,19138,2026-08-17T18:34:00.000Z,Açık,24.7,24.7,48,,,,,,,0,0,0,0,0,0,,,17.43,2026-08-17T18:44:17+00:00
Manisa,Demirci,DEMİRCİ/İCİKLER,19139,2026-08-17T18:34:00.000Z,Açık,21.4,21.4,64,,,,,,,0,0,0,0,0,0,,,16.8,2026-08-17T18:44:17+00:00
Manisa,Gölmarmara,GÖLMARMARA BELEDİYESİ,19921,2026-08-17T18:34:00.000Z,Açık,25.2,26.2,55,321,8.64,,,,,0,0,0,0,0,0,,,18.94,2026-08-17T18:44:17+00:00
Kahramanmaraş,Onikişubat,KAHRAMANMARAŞ,17255,2026-08-17T18:34:00.000Z,Çok Bulutlu,24.4,24.4,57,70,11.16,943.7,1005.8,,,0,0,0,0,0,0,,,18.53,2026-08-17T18:44:17+00:00
Kahramanmaraş,Dulkadiroğlu,KAHRAMANMARAŞ HAVALİMANI,17256,2026-08-17T18:19:00.000Z,Az Bulutlu,25.2,26.1,52,284,36.72,949.5,1010.1,10000,2,0,0,0,0,0,0,,,18.48,2026-08-17T18:44:17+00:00
Kahramanmaraş,Göksun,GÖKSUN,17866,2026-08-17T18:34:00.000Z,Çok Bulutlu,18.1,18.1,71,213,11.520000000000001,864.5,1006,51620,,0,0,0,0,0,0.1,,,14.63,2026-08-17T18:44:17+00:00
Kahramanmaraş,Afşin,AFŞİN,17868,2026-08-17T18:34:00.000Z,Parçalı Bulutlu,20.6,20.6,55,66,7.5600000000000005,875.2,1004.3,,,0,0,0,0,0,0,,,14.89,2026-08-17T18:44:17+00:00
Kahramanmaraş,Elbistan,ELBİSTAN,17870,2026-08-17T18:34:00.000Z,Parçalı Bulutlu,21.2,21.2,52,308,5.04,884.7,1004.3,40010,,0,0.2,0,0,0,0.6,,,15.01,2026-08-17T18:44:17+00:00
Kahramanmaraş,Andırın,ANDIRIN,18156,2026-08-17T18:31:00.000Z,Çok Bulutlu,18.6,18.6,74,204,2.16,888.7,1007.9,,,0,0.2,0,0,0,0.2,,,15.46,2026-08-17T18:44:17+00:00
Kahramanmaraş,Pazarcık,PAZARCIK,18157,2026-08-17T18:34:00.000Z,Açık,23.8,23.8,53,284,24.48,912.1,995.5,,,0,0,0,0,0,0,,,17.41,2026-08-17T18:44:17+00:00
Kahramanmaraş,Çağlayancerit,ÇAĞLAYANCERİT,18279,2026-08-17T18:34:00.000Z,Açık,22.2,22.2,56,245,28.44,896.8,1002.7,,,0.08,0.77,0.18,0.18,0.18,1.46,,,16.44,2026-08-17T18:44:17+00:00
Kahramanmaraş,Ekinözü,EKİNÖZÜ,18280,2026-08-17T18:34:00.000Z,Parçalı Bulutlu,21.5,21.5,53,328,17.64,,,,,0,0.05,0,0,0,0.05,,,15.41,2026-08-17T18:44:17+00:00
Kahramanmaraş,Nurhak,NURHAK,18281,2026-08-17T18:34:00.000Z,Az Bulutlu,21,21,48,135,3.6,,,,,0,0.28,0,0,0,0.64,,,14.28,2026-08-17T18:44:17+00:00
Kahramanmaraş,Türkoğlu,TÜRKOĞLU,18282,2026-08-17T18:34:00.000Z,Parçalı Bulutlu,26.4,26.8,47,276,14.04,,,,,0,0,0,0,0,0,,,18.71,2026-08-17T18:44:17+00:00
Kahramanmaraş,Andırın,ANDIRIN/KALEBOYNU KÖYÜ,18645,2026-08-17T18:34:00.000Z,Parçalı Bulutlu,16,16,84,,,,,,,0,0,0,0,0,0,,,14.14,2026-08-17T18:44:17+00:00
Kahramanmaraş,Elbistan,ELBİSTAN/AKARCA MEVKİ,18646,2026-08-17T18:34:00.000Z,Çok Bulutlu,16.9,16.9,75,,,,,,,0,0,0,0,0,0,,,13.97,2026-08-17T18:44:17+00:00
Kahramanmaraş,Elbistan,ELBİSTAN/KANGAL KÖYÜ,18647,2026-08-17T18:34:00.000Z,Az Bulutlu,16.2,16.2,77,,,,,,,0,5.72,0,4.18,5.72,5.72,,,13.54,2026-08-17T18:44:17+00:00
Kahramanmaraş,Ekinözü,EKİNÖZÜ/ALİŞAR KÖYÜ,18649,2026-08-17T18:34:00.000Z,Açık,16.8,16.8,78,,,,,,,0,0,0,0,0,0,,,14.23,2026-08-17T18:44:17+00:00
Kahramanmaraş,Türkoğlu,TÜRKOĞLU/ÇAKIROĞLU KÖYÜ,18658,2026-08-17T18:34:00.000Z,HHY,15.5,15.5,86,,,,,,,0.56,1.62,1.62,1.62,1.62,1.62,,,13.88,2026-08-17T18:44:17+00:00
Kahramanmaraş,Onikişubat,ONİKİŞUBAT/TEKİR BELDESİ,18867,2026-08-17T18:34:00.000Z,Parçalı Bulutlu,22.7,22.7,56,,,,,,,0,0,0,0,0,0,,,16.88,2026-08-17T18:44:17+00:00
Kahramanmaraş,Afşin,AFŞİN/TÜRKÇAYIRI KÖYÜ,18868,2026-08-17T18:34:00.000Z,Parçalı Bulutlu,17.7,17.7,75,,,,,,,0,2.59,0,2.59,2.59,2.59,,,14.73,2026-08-17T18:44:17+00:00
Kahramanmaraş,Pazarcık,PAZARCIK/ÇINARLI,18988,2026-08-17T18:34:00.000Z,Açık,23.2,23.2,,320,14.04,,,,,0,0,0,0,0,0,,,,2026-08-17T18:44:17+00:00
Kahramanmaraş,Onikişubat,ONİKİŞUBAT/ÇAMLIBEL KÖYÜ,19177,2026-08-17T17:52:00.000Z,Çok Bulutlu,24.9,24.9,58,,,,,,,,0,0,0,0,0,,,19.12,2026-08-17T18:44:17+00:00
Kahramanmaraş,Göksun,GÖKSUN/KARAÖMER KÖYÜ,19178,2026-08-17T18:34:00.000Z,Açık,18.8,18.8,80,,,,,,,0,0.21,0,0,0.21,0.21,,,16.38,2026-08-17T18:44:17+00:00
Kahramanmaraş,Andırın,ANDIRIN/YEŞİLOVA KÖYÜ,19179,2026-08-17T18:34:00.000Z,Parçalı Bulutlu,22,22,,,,,,,,0,0.6,0,0.48,0.48,0.66,,,,2026-08-17T18:44:17+00:00
Mardin,Artuklu,MARDİN,17275,2026-08-17T18:34:00.000Z,Az Bulutlu,26.9,26.9,28,312,13.32,894.6,1003.9,20000,1,0,0,0,0,0,0,,,15.61,2026-08-17T18:44:17+00:00
Mardin,Kızıltepe,MARDİN HAVALİMANI,17276,2026-08-17T18:19:00.000Z,Az Bulutlu,28.6,28.6,30,265,7.5600000000000005,949.6,1008.8,10000,1,0,0,0,0,0,0,,,17.31,2026-08-17T18:44:17+00:00
Mardin,Nusaybin,NUSAYBİN,17948,2026-08-17T18:34:00.000Z,Açık,29,29,31,175,6.84,952.5,1004.8,,,0,0,0,0,0,0,,,17.83,2026-08-17T18:44:17+00:00
Mardin,Dargeçit,DARGEÇİT/ILISU BARAJ SAHASI,18160,2026-08-17T18:34:00.000Z,Açık,31.3,31.3,25,262,10.08,946,1004.2,,,0,0,0,0,0,0,,,18.13,2026-08-17T18:44:17+00:00
Mardin,Mazıdağı,MAZIDAĞI,18167,2026-08-17T18:34:00.000Z,Açık,25.6,25.6,35,228,8.64,893.8,1001.7,,,0,0,0,0,0,0,,,15.99,2026-08-17T18:44:17+00:00
Mardin,Midyat,MİDYAT,18168,2026-08-17T18:34:00.000Z,Açık,25.1,25.1,37,72,0.7200000000000001,904.3,1003.6,,,0,0,0,0,0,0,,,15.95,2026-08-17T18:44:17+00:00
Mardin,Dargeçit,DARGEÇİT,18330,2026-08-17T18:34:00.000Z,Açık,25,25,37,303,7.2,,,,,0,0,0,0,0,0,,,15.87,2026-08-17T18:44:17+00:00
Mardin,Derik,DERİK,18331,2026-08-17T18:34:00.000Z,Açık,22.7,22.7,45,83,5.4,,,,,0,0,0,0,0,0,,,15.28,2026-08-17T18:44:17+00:00
Mardin,Kızıltepe,KIZILTEPE,18332,2026-08-17T18:34:00.000Z,Açık,26.4,26.4,36,225,5.04,,,,,0,0,0,0,0,0,,,16.8,2026-08-17T18:44:17+00:00
Mardin,Ömerli,MARDİN/ÖMERLİ,18333,2026-08-17T18:34:00.000Z,Açık,22,22,42,258,3.6,,,,,0,0,0,0,0,0,,,14.25,2026-08-17T18:44:17+00:00
Mardin,Savur,SAVUR,18334,2026-08-17T18:34:00.000Z,Açık,27.6,27.6,34,207,17.64,,,,,0,0,0,0,0,0,,,17.36,2026-08-17T18:44:17+00:00
Mardin,Yeşilli,YEŞİLLİ,18335,2026-08-17T18:34:00.000Z,Açık,24.4,24.4,40,68,1.4400000000000002,,,,,0,0,0,0,0,0,,,15.9,2026-08-17T18:44:17+00:00
Mardin,Artuklu,ARTUKLU/BAĞLICA KÖYÜ,18784,2026-08-17T18:34:00.000Z,Açık,22.7,22.7,43,,,,,,,0,0,0,0,0,0,,,14.98,2026-08-17T18:44:17+00:00
Mardin,Midyat,MİDYAT/HANLAR KÖYÜ,18785,2026-08-17T18:34:00.000Z,Açık,26.2,26.2,34,,,,,,,0,0,0,0,0,0,,,16.27,2026-08-17T18:44:17+00:00
Mardin,Derik,DERİK/KUTLUCA KÖYÜ,19101,2026-08-17T18:34:00.000Z,Açık,26.9,27.2,45,,,,,,,0,0,0,0,0,0,,,18.8,2026-08-17T18:44:17+00:00
Muğla,Bodrum,BODRUM,17290,2026-08-17T18:34:00.000Z,Açık,27.2,27.7,48,122,3.6,1006.4,1009.3,20000,0,0,0,0,0,0,0,,26.2,19.56,2026-08-17T18:44:17+00:00
Muğla,Milas,MUĞLA MİLAS-BODRUM HAVALİMANI,17291,2026-08-17T18:20:00.000Z,Açık,24.4,24.4,73,220,7.408,1008.5,1009.8,10000,0,,,,,,,,,20.79,2026-08-17T18:44:17+00:00
Muğla,Menteşe,MUĞLA,17292,2026-08-17T18:34:00.000Z,Açık,22.5,22.5,65,78,1.8,936.8,1007.1,20000,0,0,0,0,0,0,0,,,17.94,2026-08-17T18:44:17+00:00
Muğla,Bodrum,IMSIK-BODRUM HAVALİMANI,17293,2026-08-17T18:16:00.000Z,Açık,24.3,24.3,68,13,2.8800000000000003,1002.8,1009.7,20000,,,0,0,0,0,0,,,20.01,2026-08-17T18:44:17+00:00
Muğla,Dalaman,DALAMAN,17294,2026-08-17T18:34:00.000Z,Açık,25.8,28,77,157,2.16,1006.9,1008.2,,,0,0,0,0,0,0,,,22.68,2026-08-17T18:44:17+00:00
Muğla,Dalaman,MUĞLA DALAMAN HAVALİMANI,17295,2026-08-17T18:16:00.000Z,Parçalı Bulutlu,26.3,28.5,74,150,5.04,1008.3,1008.8,10000,3,,0,0,0,0,0,,,22.73,2026-08-17T18:44:17+00:00
Muğla,Fethiye,FETHİYE,17296,2026-08-17T18:33:00.000Z,Parçalı Bulutlu,28,30.8,69,208,2.16,1007.8,1008.1,20000,3,0,0,0,0,0,0,,28.7,23.58,2026-08-17T18:44:17+00:00
Muğla,Datça,DATÇA,17297,2026-08-17T18:33:00.000Z,Açık,25.7,26.9,60,352,2.16,1004.3,1009.2,20000,0,0,0,0,0,0,0,,25.9,20.13,2026-08-17T18:44:17+00:00
Muğla,Marmaris,MARMARİS,17298,2026-08-17T18:34:00.000Z,Açık,25.5,26.5,56,274,7.5600000000000005,1007.2,1009,20000,0,0,0,0,0,0,0,,26.6,19.35,2026-08-17T18:44:17+00:00
Muğla,Bodrum,BODRUM/TURGUTREİS MARİNA,17627,2026-08-17T18:33:00.000Z,Açık,24.9,24.9,72,8,4.32,1008.9,1009.6,,,0,0,0,0,0,0,,,21.13,2026-08-17T18:44:17+00:00
Muğla,Milas,MİLAS,17884,2026-08-17T18:35:00.000Z,Açık,25.1,26.5,65,139,4.32,1002.7,1009.1,,,0,0,0,0,0,0,,,20.32,2026-08-17T18:44:17+00:00
Muğla,Yatağan,YATAĞAN,17886,2026-08-17T18:34:00.000Z,Açık,25.4,26.4,56,0,0,968,1008.1,,,0,0,0,0,0,0,,,19.26,2026-08-17T18:44:17+00:00
Muğla,Milas,MİLAS/ÖREN,17921,2026-08-17T18:33:00.000Z,Açık,27.4,28.5,56,347,16.92,1008.9,1009.4,,,0,0,0,0,0,0,,,21.03,2026-08-17T18:44:17+00:00
Muğla,Köyceğiz,KÖYCEĞİZ,17924,2026-08-17T18:34:00.000Z,Açık,26.8,28,59,316,9.72,1006.1,1008.8,,,0,0,0,0,0,0,,,20.97,2026-08-17T18:44:17+00:00
Muğla,Marmaris,MARMARİS/ÇETİBELİ ORMAN DEPOSU,18017,2026-08-17T18:34:00.000Z,Açık,24.7,24.7,65,83,0.36000000000000004,1003.5,1009.6,,,0,0,0,0,0,0,,,19.95,2026-08-17T18:44:17+00:00
Muğla,Fethiye,FETHİYE/DEĞİRMENBAŞI EKİP ORMAN DEPOSU,18018,2026-08-17T18:33:00.000Z,Az Bulutlu,26.2,27.6,63,293,0,1001.5,1009.3,,,0,0,0,0,0,0,,,21.03,2026-08-17T18:44:17+00:00
Muğla,Köyceğiz,KÖYCEĞİZ/ZEYTİNALANI EKİP ORMAN DEPOSU,18019,2026-08-17T18:34:00.000Z,Az Bulutlu,26.3,28.8,77,46,5.04,993.7,1008.5,,,0,0,0,0,0,0,,,23.15,2026-08-17T18:44:17+00:00
Muğla,Milas,MİLAS/DENİZCİK ORMAN DEPOSU,18020,2026-08-17T18:34:00.000Z,Açık,22.6,22.6,75,199,5.760000000000001,981.5,1009.9,,,0,0,0,0,0,0,,,19.37,2026-08-17T18:44:17+00:00
Muğla,Ula,ULA/HELİKOPTER PİSTİ ORMAN SAHASI,18021,2026-08-17T18:34:00.000Z,Açık,21,21,82,11,1.8,936.1,1008.1,,,0,0,0,0,0,0,,,18.74,2026-08-17T18:44:17+00:00
Muğla,Kavaklıdere,KAVAKLIDERE/KOCATAŞ ORMAN SAHASI,18022,2026-08-17T18:33:00.000Z,Açık,21.3,21.3,65,217,6.48,904,1008.5,,,0,0.3,0,0.3,0.3,0.3,,,16.84,2026-08-17T18:44:17+00:00
Muğla,Ula,ULA/AKYAKA,18048,2026-08-17T18:34:00.000Z,Açık,26.2,28.3,73,7,0,1009.2,1009.3,,,0,0,0,0,0,0,,,22.49,2026-08-17T18:44:17+00:00
Muğla,Ortaca,ORTACA,18317,2026-08-17T18:34:00.000Z,Az Bulutlu,24.8,24.8,85,2,2.52,,,,,0,0,0,0,0,0,,,22.82,2026-08-17T18:44:17+00:00
Muğla,Seydikemer,SEYDİKEMER/KAVAKLI ORMAN EKİP,18625,2026-08-17T18:34:00.000Z,Parçalı Bulutlu,22.4,22.4,71,,,,,,,0,0,0,0,0,0,,,18.65,2026-08-17T18:44:17+00:00
Muğla,Fethiye,FETHİYE/NİF(ARPACIK) KÖYÜ,18626,2026-08-17T18:34:00.000Z,Parçalı Bulutlu,19.9,19.9,75,,,,,,,0,0.91,0,0,0.91,0.91,,,16.81,2026-08-17T18:44:17+00:00
Muğla,Köyceğiz,KÖYCEĞİZ/OTMANLAR KÖYÜ,18627,2026-08-17T18:34:00.000Z,Az Bulutlu,19.2,19.2,100,,,,,,,0,1.12,0,1.12,1.12,1.12,,,,2026-08-17T18:44:17+00:00
Muğla,Seydikemer,SEYDİKEMER/BOĞALAR KÖYÜ,18628,2026-08-17T18:34:00.000Z,Açık,17.7,17.7,81,,,,,,,0,0,0,0,0,0,,,15.44,2026-08-17T18:44:17+00:00
Muğla,Menteşe,MENTEŞE/ŞENYAYLA ORMAN,18629,2026-08-17T18:34:00.000Z,Açık,18.1,18.1,99,,,,,,,0,0,0,0,0,0,,,17.98,2026-08-17T18:44:17+00:00
Muğla,Seydikemer,SEYDİKEMER,18847,2026-08-17T18:34:00.000Z,Açık,25.4,26.5,59,294,2.16,,,,,0,0,0,0,0,0,,,19.71,2026-08-17T18:44:17+00:00
Muğla,Ula,ULA/KAVAKÇALI KÖYÜ,18848,2026-08-17T18:34:00.000Z,Açık,22.1,22.1,63,,,,,,,0,0,0,0,0,0,,,17.3,2026-08-17T18:44:17+00:00
Muğla,Milas,MİLAS ORMAN SAHASI,18849,2026-08-17T18:34:00.000Z,Açık,20.3,20.3,75,95,0,,,,,0,0,0,0,0,0,,,17.19,2026-08-17T18:44:17+00:00
Muğla,Menteşe,MENTEŞE/GÖKTEPE BELDESİ,19162,2026-08-17T18:12:00.000Z,Az Bulutlu,26.5,27.2,51,251,11.879999999999999,,,,,,0,0,0,0,0,,,19.45,2026-08-17T18:44:17+00:00
Muğla,Menteşe,MENTEŞE/MURATLAR KÖYÜ,19163,2026-08-17T18:34:00.000Z,Az Bulutlu,23.4,23.4,60,232,6.48,,,,,0,0,0,0,0,0,,,18.06,2026-08-17T18:44:17+00:00
Muş,Merkez,MUŞ,17204,2026-08-17T18:34:00.000Z,Açık,24.1,24.1,29,193,5.4,866,1002.8,20000,0,0,0,0,0,0,0,,,13.73,2026-08-17T18:44:17+00:00
Muş,Merkez,MUŞ HAVALİMANI,17206,2026-08-17T18:19:00.000Z,Açık,20.9,20.9,38,172,6.12,870.8,1014.3,2100,,0,0,0,0,0,0,,,12.75,2026-08-17T18:44:17+00:00
Muş,Varto,VARTO,17778,2026-08-17T18:34:00.000Z,Açık,21.6,21.6,35,81,10.08,847.9,1003.3,,,0,0,0,0,0,0,,,12.84,2026-08-17T18:44:17+00:00
Muş,Malazgirt,MALAZGİRT,17780,2026-08-17T18:34:00.000Z,Açık,19.2,19.2,39,191,5.760000000000001,846.2,1004.3,,,0,0,0,0,0,0,,,11.53,2026-08-17T18:44:17+00:00
Muş,Bulanık,BULANIK,18581,2026-08-17T18:34:00.000Z,Açık,22.2,22.2,34,200,3.24,,,,,0,0.11,0,0,0,0.17,,,13.15,2026-08-17T18:44:17+00:00
Muş,Korkut,KORKUT,18582,2026-08-17T18:34:00.000Z,Açık,20.7,20.7,37,47,11.879999999999999,,,,,0,0.39,0,0,0,0.69,,,12.44,2026-08-17T18:44:17+00:00
Muş,Merkez,MUŞ/BERCE ALPARSLAN TARIM İŞLETMESİ,18916,2026-08-17T18:35:00.000Z,Açık,23.9,23.9,31,137,2.52,,,,,0,0,0,0,0,0,,,13.94,2026-08-17T18:44:17+00:00
Muş,Merkez,MUŞ/MERCİMEKKALE BARAJI,19093,2026-08-17T18:34:00.000Z,Açık,17.6,17.6,57,,,,,,,0,0,0,0,0,0,,,12.49,2026-08-17T18:44:17+00:00
Muş,Hasköy,HASKÖY,19094,2026-08-17T18:34:00.000Z,Açık,21.7,21.7,35,,,,,,,0,0,0,0,0,0.27,,,12.92,2026-08-17T18:44:17+00:00
Muş,Merkez,MUŞ/YAYGIN BELDESİ,19095,2026-08-17T18:34:00.000Z,Açık,20.8,20.8,37,,,,,,,0,0,0,0,0,0,,,12.52,2026-08-17T18:44:17+00:00
Muş,Merkez,MUŞ KAYAK MERKEZİ,19267,2026-08-17T18:34:00.000Z,Açık,24.4,24.4,33,,,,,,,0,0,0,0,0,0,,,14.69,2026-08-17T18:44:17+00:00
Nevşehir,Merkez,NEVŞEHİR,17193,2026-08-17T18:34:00.000Z,Çok Bulutlu,17.2,17.2,71,142,8.28,873.4,1007.9,20000,5,0,3.8,0,3.8,3.8,3.8,,,13.79,2026-08-17T18:44:17+00:00
Nevşehir,Avanos,AVANOS,17833,2026-08-17T18:34:00.000Z,Çok Bulutlu,19.1,19.1,69,69,5.04,904.5,1006.9,,,0,0.8,0,0.8,0.8,0.8,,,15.32,2026-08-17T18:44:17+00:00
Nevşehir,Ürgüp,ÜRGÜP,17835,2026-08-17T18:34:00.000Z,Çok Bulutlu,18,18,71,123,11.520000000000001,892.2,1007,,,0,0,0,0,0,0,,,14.54,2026-08-17T18:44:17+00:00
Nevşehir,Derinkuyu,DERİNKUYU,18121,2026-08-17T18:34:00.000Z,Çok Bulutlu,14.4,14.4,85,211,6.84,867.3,1008.4,,,0,9.1,0,8.9,9.1,9.1,,,12.7,2026-08-17T18:44:17+00:00
Nevşehir,Hacıbektaş,HACIBEKTAŞ,18122,2026-08-17T18:34:00.000Z,Çok Bulutlu,16.9,16.9,72,168,2.8800000000000003,868.6,1003.6,,,0,1.5,0,1.5,1.5,1.5,,,13.62,2026-08-17T18:44:17+00:00
Nevşehir,Kozaklı,KOZAKLI,18123,2026-08-17T18:34:00.000Z,Çok Bulutlu,18.8,18.8,63,123,11.16,886.5,1003.7,,,0,0,0,0,0,0,,,14.3,2026-08-17T18:44:17+00:00
Nevşehir,Acıgöl,ACIGÖL,18463,2026-08-17T18:34:00.000Z,Çok Bulutlu,17.9,17.9,70,145,7.920000000000001,,,,,0,0,0,0,0,0,,,14.32,2026-08-17T18:44:17+00:00
Nevşehir,Gülşehir,GÜLŞEHİR,18464,2026-08-17T18:34:00.000Z,Çok Bulutlu,19.2,19.2,69,63,10.44,,,,,0,0.37,0,0.37,0.37,0.37,,,15.41,2026-08-17T18:44:17+00:00
Nevşehir,Gülşehir,GÜLŞEHİR/GÖKÇETOPRAK KÖYÜ,18878,2026-08-17T17:42:00.000Z,Çok Bulutlu,19.7,19.7,55,,,,,,,,0,0,0,0,0,,,14.1,2026-08-17T18:44:17+00:00
Nevşehir,Avanos,AVANOS/TOPAKLI KÖYÜ,18879,2026-08-17T18:34:00.000Z,Çok Bulutlu,17.1,17.1,81,,,,,,,0,5.12,0,5.12,5.12,5.12,,,14.86,2026-08-17T18:44:17+00:00
Nevşehir,Merkez,NEVŞEHİR/GÖREME,18902,2026-08-17T18:34:00.000Z,Çok Bulutlu,18,18,93,0,9.72,889.7,1005.9,,,0,0,0,0,0,0,,,17.16,2026-08-17T18:44:17+00:00
Nevşehir,Derinkuyu,DERİNKUYU/DOĞALA KÖYÜ,19190,2026-08-17T18:22:00.000Z,Çok Bulutlu,14.8,14.8,92,,,,,,,0,3.84,0,1.93,3.84,3.84,,,13.87,2026-08-17T18:44:17+00:00
Nevşehir,Avanos,AVANOS/ALTIPINAR KÖYÜ,19191,2026-08-17T18:34:00.000Z,Çok Bulutlu,15.4,15.4,85,,,,,,,0,0,0,0,0,0,,,13.67,2026-08-17T18:44:17+00:00
Niğde,Merkez,NİĞDE,17250,2026-08-17T18:34:00.000Z,Çok Bulutlu,17.6,17.6,68,89,11.16,878.3,1008.2,40110,,0,25.4,0,7.8,25.4,25.4,,,13.81,2026-08-17T18:44:17+00:00
Niğde,Ulukışla,ULUKIŞLA,17906,2026-08-17T18:34:00.000Z,Çok Bulutlu,16,16,76,146,5.04,853.3,1007.1,75000,,0,1,0,0.4,1,1,,,13.23,2026-08-17T18:44:17+00:00
Niğde,Çamardı,ÇAMARDI,18214,2026-08-17T18:34:00.000Z,Çok Bulutlu,15.6,15.6,73,58,7.2,838.7,1007.4,,,0,7.1,0,4.3,7.1,7.1,,,12.52,2026-08-17T18:44:17+00:00
Niğde,Altunhisar,ALTUNHİSAR,18501,2026-08-17T18:34:00.000Z,Çok Bulutlu,17.6,17.6,82,273,8.64,,,,,0.05,0.22,0.12,0.22,0.22,0.22,,,15.46,2026-08-17T18:44:17+00:00
Niğde,Bor,BOR,18502,2026-08-17T18:34:00.000Z,Çok Bulutlu,18,18,74,234,7.2,,,,,0,6.83,0,6.83,6.83,6.83,,,14.89,2026-08-17T18:44:17+00:00
Niğde,Çiftlik,ÇİFTLİK,18503,2026-08-17T18:34:00.000Z,Çok Bulutlu,13.9,13.9,81,195,7.2,,,,,0,7.07,0,7.07,7.07,7.07,,,11.78,2026-08-17T18:44:17+00:00
Niğde,Merkez,NİĞDE/KONAKLI BELDESİ,18688,2026-08-17T18:34:00.000Z,Çok Bulutlu,15.5,15.5,87,,,,,,,0,24.77,0,5.28,24.77,24.77,,,14.0,2026-08-17T18:44:17+00:00
Niğde,Ulukışla,ULUKIŞLA/ÇİFTEKÖY KÖYÜ,18689,2026-08-17T18:34:00.000Z,Çok Bulutlu,16.6,16.6,84,,,,,,,0,4.11,0.05,1.41,4.11,4.39,,,14.73,2026-08-17T18:44:17+00:00
Niğde,Merkez,NİĞDE/ULUAĞAÇ KÖYÜ,18690,2026-08-17T18:34:00.000Z,Çok Bulutlu,12.5,12.5,89,,,,,,,0,2.75,0.06,2.43,2.75,2.75,,,11.28,2026-08-17T18:44:17+00:00
Niğde,Ulukışla,ULUKIŞLA/ALTAY KÖYÜ,18899,2026-08-17T18:34:00.000Z,Çok Bulutlu,19.1,19.1,67,,,,,,,0,0.29,0.05,0.29,0.29,0.29,,,15.07,2026-08-17T18:44:17+00:00
Niğde,Ulukışla,ULUKIŞLA/BOLKAR DAĞI,18910,2026-08-17T18:34:00.000Z,Çok Bulutlu,12.4,12.4,60,349,5.04,,,,,0,6.16,0,1.49,6.16,6.16,,,8.18,2026-08-17T18:44:17+00:00
Niğde,Merkez,NİĞDE/KIZILÖREN KÖYÜ,19002,2026-08-17T18:34:00.000Z,Çok Bulutlu,13.8,13.8,93,,,,,,,0,0,0,0,0,0,,,12.99,2026-08-17T18:44:17+00:00
Niğde,Bor,BOR/KILAVUZ KÖYÜ,19201,2026-08-17T18:34:00.000Z,Çok Bulutlu,14.1,14.1,84,,,,,,,0,1.95,0.15,0.97,1.95,2.26,,,12.3,2026-08-17T18:44:17+00:00
Niğde,Altunhisar,ALTUNHİSAR/KARAKAPI BELDESİ,19910,2026-08-17T18:34:00.000Z,Parçalı Bulutlu,15.9,15.9,76,,,,,,,0,5.05,0,3.93,5.05,5.05,,,13.14,2026-08-17T18:44:17+00:00
Ordu,Altınordu,ORDU,17033,2026-08-17T18:34:00.000Z,Çok Bulutlu,23.8,23.8,71,226,4.32,1010.6,1011.2,20000,5,0,0,0,0,0,0,,26,19.96,2026-08-17T18:44:17+00:00
Ordu,Gülyalı,ORDU-GİRESUN HAVALİMANI,17616,2026-08-17T18:17:00.000Z,Çok Bulutlu,23.9,23.9,83,194,6.48,1010.8,1011.4,10000,5,,2.8,0,0,0,2.8,,,21.68,2026-08-17T18:44:17+00:00
Ordu,Ünye,ÜNYE,17624,2026-08-17T18:34:00.000Z,Çok Bulutlu,23.7,23.7,82,0,0,1009.2,1011,,,0,2.4,0,0,0,2.4,,,21.35,2026-08-17T18:44:17+00:00
Ordu,Fatsa,FATSA,17689,2026-08-17T18:34:00.000Z,Çok Bulutlu,23.3,23.3,83,193,3.9600000000000004,1010.7,1011.5,,,0,2.6,0.2,1,2.2,2.8,,,21.1,2026-08-17T18:44:17+00:00
Ordu,Gölköy,GÖLKÖY,18130,2026-08-17T18:34:00.000Z,Çok Bulutlu,16.1,16.1,,343,1.4400000000000002,897.7,1008.6,,,0,4.1,0,0.2,0.6,4.2,,,,2026-08-17T18:44:17+00:00
Ordu,Akkuş,AKKUŞ,18131,2026-08-17T18:34:00.000Z,Çok Bulutlu,13.6,13.6,100,85,0.36000000000000004,866.4,1010.1,,,0,2.2,0,0,0,2.5,,,,2026-08-17T18:44:17+00:00
Ordu,Aybastı,AYBASTI,18523,2026-08-17T18:34:00.000Z,Çok Bulutlu,16.6,16.6,100,338,3.6,,,,,0,3.71,0,0,0.23,8.2,,,,2026-08-17T18:44:17+00:00
Ordu,Çamaş,ÇAMAŞ,18524,2026-08-17T18:34:00.000Z,Çok Bulutlu,19.5,19.5,,72,0.36000000000000004,,,,,0,8.8,0,0,0,9.39,,,,2026-08-17T18:44:17+00:00
Ordu,Çaybaşı,ÇAYBAŞI,18526,2026-08-17T18:34:00.000Z,Çok Bulutlu,14.2,14.2,92,78,0,,,,,0,0.86,0,0,0,3.1,,,13.28,2026-08-17T18:44:17+00:00
Ordu,Altınordu,ORDU ÜNİVERSİTE KAMPÜSÜ,18527,2026-08-17T18:34:00.000Z,Çok Bulutlu,22.6,22.6,91,255,8.28,,,,,0,2.61,0,0,0,2.61,,,21.46,2026-08-17T18:44:17+00:00
Ordu,Gürgentepe,GÜRGENTEPE,18528,2026-08-17T18:34:00.000Z,Çok Bulutlu,14.9,14.9,99,48,11.879999999999999,,,,,0,5.74,0,0,0.08,5.89,,,14.76,2026-08-17T18:44:17+00:00
Ordu,İkizce,İKİZCE/ŞENBOLLUK,18529,2026-08-17T18:34:00.000Z,Çok Bulutlu,17.3,17.3,58,256,11.16,,,,,0,1.55,0,0,0,6.19,,,12.34,2026-08-17T18:44:17+00:00
Ordu,Kabataş,KABATAŞ,18530,2026-08-17T18:34:00.000Z,Çok Bulutlu,19,19,,171,3.24,,,,,0,6.7,0,0,0.89,10.46,,,,2026-08-17T18:44:17+00:00
Ordu,Kumru,KUMRU,18531,2026-08-17T18:34:00.000Z,Çok Bulutlu,18,18,93,94,5.04,,,,,0,3.45,0,0,0,3.5,,,17.16,2026-08-17T18:44:17+00:00
Ordu,Mesudiye,MESUDİYE,18532,2026-08-17T18:34:00.000Z,Çok Bulutlu,17.4,17.4,84,21,5.4,,,,,0,0,0,0,0,0,,,15.5,2026-08-17T18:44:17+00:00
Ordu,Perşembe,PERŞEMBE/KIRLI BELDESİ,18533,2026-08-17T18:32:00.000Z,Çok Bulutlu,21,21,97,273,4.32,,,,,0,9.87,0,0,0,10.14,,,20.64,2026-08-17T18:44:17+00:00
Ordu,Ulubey,ORDU/ULUBEY,18534,2026-08-17T18:34:00.000Z,Çok Bulutlu,18.5,18.5,96,220,3.6,,,,,0,0.53,0,0,0.14,0.53,,,18.02,2026-08-17T18:44:17+00:00
Ordu,Aybastı,AYBASTI/TOYGAR KÖYÜ,18707,2026-08-17T18:34:00.000Z,Çok Bulutlu,14.4,14.4,100,,,,,,,0,2.82,0,0,0.32,5.93,,,,2026-08-17T18:44:17+00:00
Ordu,Perşembe,PERŞEMBE/EKİNCİLER KÖYÜ,18976,2026-08-17T18:33:00.000Z,Çok Bulutlu,17.8,17.8,100,,,,,,,0,4.97,0,0,0.14,5.62,,,,2026-08-17T18:44:17+00:00
Ordu,Kabadüz,KABADÜZ/YOKUŞDİBİ BELDESİ,19033,2026-08-17T18:34:00.000Z,Çok Bulutlu,14.4,14.4,95,,,,,,,0,0,0,0,0,0.05,,,13.81,2026-08-17T18:44:17+00:00
Ordu,Mesudiye,MESUDİYE/TOPÇAM,19034,2026-08-17T18:34:00.000Z,Çok Bulutlu,18.4,18.4,86,,,,,,,0,0,0,0,0,0,,,16.71,2026-08-17T18:44:17+00:00
Ordu,Korgan,KORGAN,19223,2026-08-17T18:34:00.000Z,Çok Bulutlu,15.6,15.6,100,317,5.04,,,,,0,3.3,0,0.6,1.4,4.2,,,,2026-08-17T18:44:17+00:00
Ordu,Çatalpınar,ÇATALPINAR,19224,2026-08-17T18:34:00.000Z,Çok Bulutlu,21.7,21.7,100,0,0,,,,,0,1.49,0,0,0,2.85,,,,2026-08-17T18:44:17+00:00
Rize,Merkez,RİZE,17040,2026-08-17T18:34:00.000Z,Çok Bulutlu,23.6,23.6,83,0,0,1010,1010.3,61230,,0,1.4,0,1.4,1.4,2.9,,26,21.39,2026-08-17T18:44:17+00:00
Rize,Pazar,RİZE ARTVİN HAVALİMANI,17044,2026-08-17T18:20:00.000Z,Çok Bulutlu,23.9,23.9,80,179,9.360000000000001,1010.1,1010.9,10000,5,0,6,0,0.4,3.4,6.4,,26.2,21.27,2026-08-17T18:44:17+00:00
Rize,Pazar,RİZE/PAZAR,17628,2026-08-17T18:34:00.000Z,Çok Bulutlu,21.5,21.5,100,225,5.760000000000001,1001.9,1010.8,,,0,10.2,0,0,5,10.4,,,,2026-08-17T18:44:17+00:00
Rize,Çamlıhemşin,ÇAMLIHEMŞİN/AYDER FIRTINA DERESİ,17713,2026-08-17T18:34:00.000Z,Çok Bulutlu,14.7,14.7,100,245,2.16,864.5,1011.1,,,0,0,0,0,0,0,,,,2026-08-17T18:44:17+00:00
Rize,İkizdere,İKİZDERE/SİVRİKAYA,17741,2026-08-17T18:34:00.000Z,Parçalı Bulutlu,11.8,11.8,100,320,7.920000000000001,806.9,1008.9,,,0,8.8,0,1,2.6,9.4,,,,2026-08-17T18:44:17+00:00
Rize,İkizdere,İKİZDERE/DEREKÖY,17757,2026-08-17T18:34:00.000Z,Parçalı Bulutlu,16.7,16.7,100,243,0.7200000000000001,906.8,1014.2,,,0,5.6,0,0.6,4.8,6.2,,,,2026-08-17T18:44:17+00:00
Rize,Çamlıhemşin,ÇAMLIHEMŞİN,17765,2026-08-17T18:34:00.000Z,Çok Bulutlu,19.2,19.2,91,0,0,910.5,952.3,,,0,4.8,0,1.8,4.4,5.2,,,18.1,2026-08-17T18:44:17+00:00
Rize,Hemşin,HEMŞİN,17769,2026-08-17T18:34:00.000Z,Çok Bulutlu,19.4,19.4,100,0,0,977.8,1011.7,,,0,3.8,0,2,3.6,4.4,,,,2026-08-17T18:44:17+00:00
Rize,Ardeşen,ARDEŞEN/YEŞİLTEPE,17772,2026-08-17T18:33:00.000Z,Parçalı Bulutlu,18.3,18.3,99,207,10.8,943,1007.3,,,0,8.2,0,0.6,8,8.4,,,18.18,2026-08-17T18:44:17+00:00
Rize,Çayeli,ÇAYELİ TEİAŞ,17781,2026-08-17T18:34:00.000Z,Çok Bulutlu,20.9,20.9,100,162,4.680000000000001,1004.7,1010.9,,,0,23.2,0,1.4,21.2,23.4,,,,2026-08-17T18:44:17+00:00
Rize,Çayeli,ÇAYELİ/KAPTANPAŞA,17785,2026-08-17T18:34:00.000Z,Parçalı Bulutlu,18.3,18.3,0,265,1.4400000000000002,957.1,1012.3,,,0,1.6,0,0.2,1.6,2.2,,,,2026-08-17T18:44:17+00:00
Rize,Güneysu,GÜNEYSU,17800,2026-08-17T18:34:00.000Z,Çok Bulutlu,21.3,21.3,100,174,6.84,996.8,1010.8,,,0,7.2,0,2.6,4,7.6,,,,2026-08-17T18:44:17+00:00
Rize,Derepazarı,DEREPAZARI/MALTEPE KÖYÜ,18566,2026-08-17T18:34:00.000Z,Çok Bulutlu,20.2,20.2,100,79,2.16,,,,,0,10.5,0,7.7,9.5,11.2,,,,2026-08-17T18:44:17+00:00
Rize,Fındıklı,FINDIKLI,18567,2026-08-17T18:34:00.000Z,Parçalı Bulutlu,21,21,88,90,11.16,,,,,0,11.76,0,0.4,11.62,11.96,,,19.5,2026-08-17T18:44:17+00:00
Rize,Merkez,RİZE/ANDON,18568,2026-08-17T18:34:00.000Z,Parçalı Bulutlu,18.9,18.9,92,156,0.36000000000000004,,,,,0,6.53,0,0.34,5.63,7.31,,,17.93,2026-08-17T18:44:17+00:00
Rize,İkizdere,İKİZDERE/CİMİL,18569,2026-08-17T18:34:00.000Z,Sis,12.2,12.2,100,278,10.44,,,110,,0,8.36,0,0.32,3.91,9.61,,,,2026-08-17T18:44:17+00:00
Rize,Çamlıhemşin,ÇAMLIHEMŞİN/KALEKÖY,18731,2026-08-17T18:34:00.000Z,Çok Bulutlu,12,12,100,,,,,,,0,11.34,0,0.1,6.31,12.19,,,,2026-08-17T18:44:17+00:00
Rize,İkizdere,İKİZDERE/ÇAĞRANKAYA YAYLASI,18732,2026-08-17T18:34:00.000Z,Parçalı Bulutlu,11.2,11.2,100,,,,,,,0,2.89,0,0.73,2.83,3.75,,,,2026-08-17T18:44:17+00:00
Rize,Çayeli,ÇAYELİ BAKIR,18905,2026-08-17T18:34:00.000Z,Çok Bulutlu,21,21,100,250,2.16,999.5,1011,,,0,7.7,0,0.11,4.93,7.86,,,,2026-08-17T18:44:17+00:00
Rize,Fındıklı,FINDIKLI/YENİŞEHİTLİK KÖYÜ,18934,2026-08-17T18:34:00.000Z,Parçalı Bulutlu,17.5,17.5,89,,,,,,,0,18.86,0,0.97,18.86,18.86,,,16.19,2026-08-17T18:44:17+00:00
Rize,Güneysu,GÜNEYSU/HANDÜZÜ YAYLASI,18935,2026-08-17T18:34:00.000Z,HHY,12.9,12.9,99,328,2.52,,,,,0.26,4.32,0.26,0.81,3.83,5.11,,,12.75,2026-08-17T18:44:17+00:00
Rize,Merkez,RİZE/TAŞKÖPRÜ KÖYÜ,18937,2026-08-17T18:34:00.000Z,Çok Bulutlu,20.8,20.8,96,184,7.2,,,,,0,7.2,0,3.8,6,8.2,,,20.31,2026-08-17T18:44:17+00:00
Rize,Çamlıhemşin,ÇAMLIHEMŞİN/PALOVİT YAYLASI,19058,2026-08-17T18:34:00.000Z,Çok Bulutlu,10.2,10.2,100,,,,,,,0,10.54,0,1.16,7.58,11,,,,2026-08-17T18:44:17+00:00
Rize,Çamlıhemşin,ÇAMLIHEMŞİN/HUSER YAYLASI,19059,2026-08-17T18:31:00.000Z,Çok Bulutlu,9.9,9.9,31,,,,,,,0,5.68,0,1.33,3.79,6.09,,,3.28,2026-08-17T18:44:17+00:00
Rize,Ardeşen,ARDEŞEN,19243,2026-08-17T18:34:00.000Z,Çok Bulutlu,23.4,23.4,93,182,5.4,,,,,0,7.24,0,0,6.87,7.25,,,22.51,2026-08-17T18:44:17+00:00
Rize,İkizdere,İKİZDERE,19334,2026-08-17T18:34:00.000Z,Çok Bulutlu,19.1,19.1,96,112,0.7200000000000001,,,,,0,3.3,0,0.81,3.3,4.44,,,18.61,2026-08-17T18:44:17+00:00
Sakarya,Adapazarı,SAKARYA,17069,2026-08-17T18:34:00.000Z,Açık,23,23,72,315,7.2,1007.6,1011,20000,0,0,0,0,0,0,0,,,19.34,2026-08-17T18:44:17+00:00
Sakarya,Karasu,KARASU,17644,2026-08-17T18:34:00.000Z,Açık,21.8,21.8,84,150,6.84,1010.4,1011,20620,,0,0,0,0,0,0,,,19.77,2026-08-17T18:44:17+00:00
Sakarya,Geyve,GEYVE,17662,2026-08-17T18:34:00.000Z,Açık,23.4,23.4,72,26,12.24,999.8,1011.2,51540,,0,0,0,0,0,0,,,19.72,2026-08-17T18:44:17+00:00
Sakarya,Hendek,HENDEK,18105,2026-08-17T18:34:00.000Z,Açık,22.5,22.5,61,87,5.4,1003.8,1011.2,,,0,0,0,0,0,0,,,17.39,2026-08-17T18:44:17+00:00
Sakarya,Sapanca,SAPANCA,18106,2026-08-17T18:34:00.000Z,Açık,21.7,21.7,82,262,2.52,1004.5,1013,,,0,0,0,0,0,0,,,19.42,2026-08-17T18:44:17+00:00
Sakarya,Akyazı,AKYAZI,18415,2026-08-17T18:34:00.000Z,Açık,22.2,22.2,80,195,3.6,,,,,0,0,0,0,0,0,,,19.64,2026-08-17T18:44:17+00:00
Sakarya,Ferizli,FERİZLİ,18416,2026-08-17T18:34:00.000Z,Açık,21.1,21.1,94,26,11.520000000000001,,,,,0,0,0,0,0,0,,,20.36,2026-08-17T18:44:17+00:00
Sakarya,Karapürçek,KARAPÜRÇEK,18417,2026-08-17T18:34:00.000Z,Açık,21.1,21.1,86,227,6.12,,,,,0,0,0,0,0,0,,,19.35,2026-08-17T18:44:17+00:00
Sakarya,Kaynarca,KAYNARCA,18418,2026-08-17T18:34:00.000Z,Açık,18.6,18.6,96,266,1.4400000000000002,,,,,0,0,0,0,0,0,,,18.12,2026-08-17T18:44:17+00:00
Sakarya,Kocaali,KOCAALİ,18419,2026-08-17T18:34:00.000Z,Açık,19.5,19.5,94,94,2.52,,,,,0,0,0,0,0,0,,,18.77,2026-08-17T18:44:17+00:00
Sakarya,Taraklı,TARAKLI,18420,2026-08-17T18:34:00.000Z,Açık,19.9,19.9,85,285,1.4400000000000002,,,,,0,0,0,0,0,0,,,18.05,2026-08-17T18:44:17+00:00
Sakarya,Hendek,HENDEK/YENİYAYLA KÖYÜ,18595,2026-08-17T18:34:00.000Z,Açık,15.4,15.4,92,,,,,,,0,0,0,0,0,0,,,14.47,2026-08-17T18:44:17+00:00
Sakarya,Kocaali,KOCAALİ/MELEN,18738,2026-08-17T18:34:00.000Z,Açık,19.7,19.7,93,,,,,,,0,0,0,0,0,0,,,18.84,2026-08-17T18:44:17+00:00
Sakarya,Geyve,GEYVE/HİSARLIK KÖYÜ,18803,2026-08-17T18:34:00.000Z,Açık,17.9,17.9,97,,,,,,,0,0,0,0,0,0,,,17.54,2026-08-17T18:44:17+00:00
Sakarya,Pamukova,PAMUKOVA/KEMALİYE KÖYÜ,18915,2026-08-17T18:34:00.000Z,Az Bulutlu,16.7,16.7,86,,,,,,,0,0,0,0,0,0,,,15.06,2026-08-17T18:44:17+00:00
Sakarya,Pamukova,PAMUKOVA,19118,2026-08-17T18:34:00.000Z,Açık,23.3,23.3,79,104,11.16,,,,,0,0,0,0,0,0,,,20.56,2026-08-17T18:44:17+00:00
Sakarya,Ferizli,FERİZLİ/GÖLKENT BELDESİ,19119,2026-08-17T18:34:00.000Z,Açık,20.6,20.6,90,349,4.32,,,,,0,0,0,0,0,0,,,19.36,2026-08-17T18:44:17+00:00
Sakarya,Serdivan,SERDİVAN,19120,2026-08-17T18:34:00.000Z,Açık,21.4,21.4,80,31,9,,,,,0,0,0,0,0,0,,,18.87,2026-08-17T18:44:17+00:00
Sakarya,Erenler,ERENLER,19380,2026-08-17T18:31:00.000Z,Açık,21.4,21.4,80,0,0,,,62590,,0,0,0,0,0,0,,,18.87,2026-08-17T18:44:17+00:00
Sakarya,Pamukova,PAMUKOVA/AKÇAY BARAJI,19922,2026-08-17T18:33:00.000Z,Parçalı Bulutlu,16.1,16.1,92,167,1.08,906.7,1012.9,,,0,0,0,0,0,0,,,15.16,2026-08-17T18:44:17+00:00
Samsun,Atakum,SAMSUN BÖLGE,17030,2026-08-17T18:34:00.000Z,Az Bulutlu,24.1,24.1,64,357,8.28,1011.2,1011.7,20000,2,0,0,0,0,0,0,,24.8,19.26,2026-08-17T18:44:17+00:00
Samsun,Çarşamba,SAMSUN ÇARŞAMBA HAVALİMANI,17031,2026-08-17T18:20:00.000Z,Az Bulutlu,23.1,23.1,78,315,17.28,1011.1,1011.5,10000,2,0,0,0,0,0,0,,,20.24,2026-08-17T18:44:17+00:00
Samsun,Bafra,BAFRA,17622,2026-08-17T18:34:00.000Z,Parçalı Bulutlu,20.7,20.7,83,238,5.4,998.8,1010.6,,,0,0,0,0,0,0.2,,,18.58,2026-08-17T18:44:17+00:00
Samsun,Alaçam,ALAÇAM,17623,2026-08-17T18:34:00.000Z,Parçalı Bulutlu,21.5,21.5,73,232,4.680000000000001,,,,,0,0,0,0,0,0,,,18.07,2026-08-17T18:44:17+00:00
Samsun,Tekkeköy,TEKKEKÖY/KARADENİZ ARŞ. (TAGEM),18132,2026-08-17T18:34:00.000Z,Çok Bulutlu,23.7,23.7,72,283,7.920000000000001,1012,1012.7,,,0,0,0,0,0,0,,,20.0,2026-08-17T18:44:17+00:00
Samsun,Bafra,BAFRA/TOPRAK SU ARŞ.(TAGEM),18133,2026-08-17T18:34:00.000Z,Az Bulutlu,20.7,20.7,89,187,5.04,1010,1011.7,,,0,0,0,0,0,0.3,,,19.33,2026-08-17T18:44:17+00:00
Samsun,Vezirköprü,VEZİRKÖPRÜ,18134,2026-08-17T18:34:00.000Z,Parçalı Bulutlu,21.5,21.5,58,159,11.879999999999999,972.2,1010.4,,,0,6.8,0,1.9,6.8,6.8,,,16.09,2026-08-17T18:44:17+00:00
Samsun,Ladik,LADİK,18135,2026-08-17T18:34:00.000Z,Çok Bulutlu,16.3,16.3,90,102,1.4400000000000002,912.1,1011,,,0,1.4,0,0,0,3,,,15.13,2026-08-17T18:44:17+00:00
Samsun,Atakum,ATAKUM/SAMSUN RADAR SAHASI,18507,2026-08-17T18:34:00.000Z,Çok Bulutlu,12.1,12.1,84,323,17.28,,,,,0,0.12,0,0,0,0.18,,,10.36,2026-08-17T18:44:17+00:00
Samsun,Asarcık,ASARCIK,18535,2026-08-17T18:34:00.000Z,Çok Bulutlu,16.4,16.4,93,70,6.84,,,,,0,0,0,0,0,0,,,15.57,2026-08-17T18:44:17+00:00
Samsun,Ayvacık,SAMSUN/AYVACIK,18536,2026-08-17T18:34:00.000Z,Çok Bulutlu,20.8,20.8,97,225,2.8800000000000003,,,,,0,0.65,0,0,0,1.34,,,20.44,2026-08-17T18:44:17+00:00
Samsun,Canik,CANİK/KAŞYAYLA KÖYÜ,18537,2026-08-17T18:13:00.000Z,Çok Bulutlu,18.5,18.5,96,356,10.44,,,,,,0,0,0,0,0,,,18.02,2026-08-17T18:44:17+00:00
Samsun,Çarşamba,ÇARŞAMBA,18538,2026-08-17T18:34:00.000Z,Çok Bulutlu,22.9,22.9,83,217,5.760000000000001,,,,,0,1.11,0,0,0,1.76,,,20.71,2026-08-17T18:44:17+00:00
Samsun,Havza,HAVZA,18539,2026-08-17T18:34:00.000Z,Çok Bulutlu,18.1,18.1,86,54,7.920000000000001,,,,,0,0,0,0,0,0,,,16.42,2026-08-17T18:44:17+00:00
Samsun,Kavak,KAVAK,18540,2026-08-17T18:34:00.000Z,Çok Bulutlu,17.3,17.3,67,280,2.8800000000000003,,,,,0,0.1,0,0,0,0.1,,,13.41,2026-08-17T18:44:17+00:00
Samsun,Ondokuzmayıs,ONDOKUZMAYIS,18541,2026-08-17T18:34:00.000Z,Açık,21.9,21.9,83,273,4.32,1011.5,1012.1,,,0,0.08,0,0,0,0.08,,,19.74,2026-08-17T18:44:17+00:00
Samsun,Salıpazarı,SALIPAZARI,18542,2026-08-17T18:34:00.000Z,Çok Bulutlu,21.3,21.3,78,172,5.760000000000001,,,,,0,12.54,0,0,0,13.93,,,18.52,2026-08-17T18:44:17+00:00
Samsun,Salıpazarı,SALIPAZARI/DÜZDAĞ YAYLAKÖY,18543,2026-08-17T18:34:00.000Z,Çok Bulutlu,15.5,15.5,97,303,1.08,,,,,0,0,0,0,0,0,,,15.13,2026-08-17T18:44:17+00:00
Samsun,Terme,TERME/KOZLUK BELDESİ,18544,2026-08-17T18:34:00.000Z,Çok Bulutlu,21.5,21.5,,161,4.32,,,,,0,2.8,0,0,0,2.93,,,,2026-08-17T18:44:17+00:00
Samsun,Yakakent,YAKAKENT/KARAABA KÖYÜ,18545,2026-08-17T18:34:00.000Z,Çok Bulutlu,16.7,16.7,74,206,4.32,,,,,0,0,0,0,0,0,,,13.67,2026-08-17T18:44:17+00:00
Samsun,Çarşamba,ÇARŞAMBA/EĞRİDERE KÖYÜ,18708,2026-08-17T18:34:00.000Z,Çok Bulutlu,17.8,17.8,94,,,,,,,0,0.51,0,0,0,1.58,,,17.08,2026-08-17T18:44:17+00:00
Samsun,Havza,HAVZA/YEŞİLALAN KÖYÜ,18709,2026-08-17T18:34:00.000Z,Parçalı Bulutlu,15.6,15.6,100,,,,,,,0,0,0,0,0,0,,,,2026-08-17T18:44:17+00:00
Samsun,Canik,CANİK/DÜZÖREN KÖYÜ,18972,2026-08-17T18:33:00.000Z,Çok Bulutlu,16.5,16.5,93,,,,,,,0,0.22,0,0,0.16,0.22,,,15.67,2026-08-17T18:44:17+00:00
Samsun,Kavak,KAVAK/DORUK KÖYÜ,18974,2026-08-17T18:33:00.000Z,Çok Bulutlu,16.2,16.2,86,,,,,,,0,0,0,0,0,0,,,14.57,2026-08-17T18:44:17+00:00
Samsun,Kavak,KAVAK/MAHMUTBEYLİ,18975,2026-08-17T18:33:00.000Z,Çok Bulutlu,18.3,18.3,83,,,,,,,0,0,0,0,0,0,,,16.26,2026-08-17T18:44:17+00:00
Samsun,Çarşamba,ÇARŞAMBA/ÇAKMAK BARAJI,19035,2026-08-17T18:34:00.000Z,Çok Bulutlu,19.8,19.8,91,,,,,,,0,1.15,0,0,0,2.02,,,18.7,2026-08-17T18:44:17+00:00
Samsun,Bafra,BAFRA ORMAN SAHASI,19036,2026-08-17T18:34:00.000Z,Parçalı Bulutlu,19.3,19.3,100,237,5.4,,,,,0,0,0,0,0,0,,,,2026-08-17T18:44:17+00:00
Samsun,Vezirköprü,VEZİRKÖPRÜ/GÖLKÖY ORMAN SAHASI,19038,2026-08-17T18:34:00.000Z,Çok Bulutlu,17.6,17.6,68,87,8.64,,,,,0,0,0,0,0,0,,,13.81,2026-08-17T18:44:17+00:00
Samsun,Bafra,BAFRA/KIZILIRMAK KUŞ CENNETİ,19225,2026-08-17T18:12:00.000Z,Açık,23,23,92,268,1.08,,,,,,0,0,0,0,0,,,21.99,2026-08-17T18:44:17+00:00
Samsun,Yakakent,YAKAKENT,19226,2026-08-17T18:34:00.000Z,Çok Bulutlu,22.1,22.1,75,257,4.680000000000001,,,11928,,0,0,0,0,0,0,,,18.89,2026-08-17T18:44:17+00:00
Samsun,İlkadım,İLKADIM,19339,2026-08-17T18:33:00.000Z,Parçalı Bulutlu,23.2,23.2,69,250,3.9600000000000004,,,75000,,0,0,0,0,0,0,,,19.13,2026-08-17T18:44:17+00:00
Samsun,Terme,TERME,19340,2026-08-17T18:34:00.000Z,Çok Bulutlu,22.2,22.2,87,242,2.8800000000000003,,,34510,,0,18.75,0,0,0,18.94,,,20.55,2026-08-17T18:44:17+00:00
Samsun,Canik,CANİK,19381,2026-08-17T18:33:00.000Z,Parçalı Bulutlu,21.3,21.3,75,228,4.32,1007.8,1010.7,46980,,0,0,0,0,0,0,,,18.14,2026-08-17T18:44:17+00:00
Siirt,Merkez,SİİRT,17210,2026-08-17T18:34:00.000Z,Az Bulutlu,27.9,27.9,29,23,2.52,908.5,1002.5,20000,1,0,0,0,0,0,0,,,16.57,2026-08-17T18:44:17+00:00
Siirt,Baykan,BAYKAN,18169,2026-08-17T18:34:00.000Z,Açık,26.8,26.8,29,57,0.36000000000000004,918.9,1002,,,0,0,0,0,0,0,,,15.75,2026-08-17T18:44:17+00:00
Siirt,Eruh,ERUH,18337,2026-08-17T18:34:00.000Z,Açık,24.4,24.4,29,164,4.32,,,,,0,0,0,0,0,0,,,13.95,2026-08-17T18:44:17+00:00
Siirt,Kurtalan,KURTALAN,18338,2026-08-17T18:34:00.000Z,Açık,26.6,26.6,23,136,1.4400000000000002,,,,,0,0,0,0,0,0,,,14.3,2026-08-17T18:44:17+00:00
Siirt,Pervari,PERVARİ,18339,2026-08-17T18:34:00.000Z,Az Bulutlu,22.9,22.9,36,202,10.08,,,,,0,0,0,0,0,0,,,14.03,2026-08-17T18:44:17+00:00
Siirt,Şirvan,ŞİRVAN,18340,2026-08-17T18:34:00.000Z,Açık,27.3,27.3,27,291,2.16,,,,,0,0,0,0,0,0,,,15.69,2026-08-17T18:44:17+00:00
Siirt,Pervari,PERVARİ/OKÇULAR KÖYÜ,18786,2026-08-17T18:34:00.000Z,Açık,22.3,22.3,31,,,,,,,0,0,0,0,0,0,,,12.73,2026-08-17T18:44:17+00:00
Siirt,Pervari,PERVARİ/SARIYAPRAK KÖYÜ,18787,2026-08-17T18:34:00.000Z,Açık,19.7,19.7,43,,,,,,,0,0,0,0,0,0,,,12.49,2026-08-17T18:44:17+00:00
Siirt,Şirvan,ŞİRVAN/DOĞRUCA KÖYÜ,19102,2026-08-17T18:34:00.000Z,Açık,24.6,24.6,28,,,,,,,0,0,0,0,0,0,,,13.91,2026-08-17T18:44:17+00:00
Siirt,Tillo,TİLLO,19269,2026-08-17T18:34:00.000Z,Açık,22.3,22.3,41,0,2.16,,,,,0,0,0,0,0,0,,,14.34,2026-08-17T18:44:17+00:00
Sinop,Merkez,SİNOP,17026,2026-08-17T18:34:00.000Z,Açık,23.1,23.1,82,328,6.84,1007.8,,20000,0,0,0,0,0,0,0,,25.4,20.77,2026-08-17T18:44:17+00:00
Sinop,Merkez,SİNOP HAVALİMANI,17028,2026-08-17T18:19:00.000Z,Açık,20,20,90,224,7.920000000000001,1011,1012.2,2100,,0,0,0,0,0,0,,,18.77,2026-08-17T18:44:17+00:00
Sinop,Boyabat,BOYABAT,17620,2026-08-17T18:33:00.000Z,Açık,22.8,22.8,56,0,0,970.9,1009.8,41940,,0,0,0,0,0,0,,,16.97,2026-08-17T18:44:17+00:00
Sinop,Erfelek,ERFELEK,18136,2026-08-17T18:34:00.000Z,Açık,17.3,17.3,80,261,1.8,990.6,1012.3,,,0,0,0,0,0,0,,,14.94,2026-08-17T18:44:17+00:00
Sinop,Ayancık,AYANCIK/AKÖREN KÖYÜ,18546,2026-08-17T18:34:00.000Z,Açık,16.4,16.4,73,219,6.48,943.1,1013.9,,,0,0,0,0,0,0,,,13.27,2026-08-17T18:44:17+00:00
Sinop,Dikmen,DİKMEN,18547,2026-08-17T18:34:00.000Z,Az Bulutlu,17.7,17.7,67,208,7.5600000000000005,966.9,1010.3,,,0,0.11,0,0,0,0.11,,,13.78,2026-08-17T18:44:17+00:00
Sinop,Durağan,DURAĞAN,18548,2026-08-17T18:34:00.000Z,Parçalı Bulutlu,20.7,20.7,53,305,7.2,976.6,1008.6,,,0,0,0,0,0,0,,,14.71,2026-08-17T18:44:17+00:00
Sinop,Gerze,GERZE,18549,2026-08-17T18:34:00.000Z,Açık,21.9,21.9,58,213,10.08,1002.1,1011.7,,,0,0,0,0,0,0,,,16.45,2026-08-17T18:44:17+00:00
Sinop,Saraydüzü,SARAYDÜZÜ,18550,2026-08-17T18:34:00.000Z,Açık,21.8,21.8,71,217,2.8800000000000003,961.9,1008,,,0,0,0,0,0,0,,,18.09,2026-08-17T18:44:17+00:00
Sinop,Türkeli,TÜRKELİ,18551,2026-08-17T18:34:00.000Z,Açık,19.3,19.3,71,165,12.6,996.1,1010.6,,,0,0.25,0,0,0.25,0.25,,,15.75,2026-08-17T18:44:17+00:00
Sinop,Boyabat,BOYABAT DRANAZ TÜNELİ,18711,2026-08-17T18:34:00.000Z,Açık,17.4,17.4,76,,,,,,,0,0,0,0,0,0,,,14.56,2026-08-17T18:44:17+00:00
Sinop,Ayancık,AYANCIK,19039,2026-08-17T18:34:00.000Z,Açık,19.9,19.9,74,225,1.8,,,,,0,0,0,0,0,0.05,,,16.69,2026-08-17T18:44:17+00:00
Sinop,Ayancık,AYANCIK/ÇANGAL,19040,2026-08-17T18:34:00.000Z,Açık,12.1,12.1,88,,,,,,,0,0,0,0,0,0,,,10.78,2026-08-17T18:44:17+00:00
Sinop,Durağan,DURAĞAN/TEKİR YAYLASI,19041,2026-08-17T18:34:00.000Z,Çok Bulutlu,15.5,15.5,65,,,,,,,0,0,0,0,0,0,,,11.53,2026-08-17T18:44:17+00:00
Sinop,Dikmen,DİKMEN/KÜÇÜKKIZIK KÖYÜ,19042,2026-08-17T18:34:00.000Z,Çok Bulutlu,15.9,15.9,70,,,,,,,0,0,0,0,0,0,,,12.46,2026-08-17T18:44:17+00:00
Sinop,Boyabat,BOYABAT/KAVACIK KÖYÜ,19043,2026-08-17T18:34:00.000Z,Parçalı Bulutlu,16.4,16.4,65,,,,,,,0,0,0,0,0,0,,,12.35,2026-08-17T18:44:17+00:00
Sinop,Merkez,SİNOP/SARIKUM KÖYÜ,19227,2026-08-17T18:34:00.000Z,Açık,23.2,23.2,78,,,,,,,0,0,0,0,0,0,,,20.34,2026-08-17T18:44:17+00:00
Sinop,Ayancık,AYANCIK/ZİNDAN KÖYÜ,19228,2026-08-17T18:34:00.000Z,Açık,14.4,14.4,79,,,,,,,0,0.06,0,0.06,0.06,0.06,,,12.04,2026-08-17T18:44:17+00:00
Sinop,Merkez,SİNOP/SAZLI KÖYÜ,19229,2026-08-17T18:34:00.000Z,Açık,13.9,13.9,74,,,,,,,0,0,0,0,0,0,,,11.03,2026-08-17T18:44:17+00:00
Sivas,Merkez,SİVAS,17090,2026-08-17T18:30:00.000Z,Hafif Yağmurlu,16.3,16.3,100,140,3.24,871.2,1008.5,31290,,0,2.4,0,2.4,2.4,2.4,,,,2026-08-17T18:44:17+00:00
Sivas,Merkez,SİVAS NURİ DEMİRAĞ HAVALİMANI,17091,2026-08-17T18:20:00.000Z,Hafif Sağanak Yağışlı,14.6,14.6,96,155,16.2,840,1018.7,10000,7,0,2.2,0,2,2,2.4,,,14.12,2026-08-17T18:44:17+00:00
Sivas,Gemerek,GEMEREK,17162,2026-08-17T18:27:00.000Z,Çok Bulutlu,18.2,18.2,77,337,9.360000000000001,882.9,1008.3,55160,,0,0,0,0,0,0,,,15.44,2026-08-17T18:44:17+00:00
Sivas,Suşehri,SUŞEHRİ,17684,2026-08-17T18:34:00.000Z,Çok Bulutlu,18.8,18.8,81,76,6.12,883.1,1007.3,75000,,0,0.4,0.2,0.4,0.4,0.6,,,16.5,2026-08-17T18:44:17+00:00
Sivas,Ulaş,ULAŞ TİGEM,17710,2026-08-17T18:35:00.000Z,HHY,14.3,14.3,81,339,2.8800000000000003,859.6,1007.7,,,0.1,3.9,1.3,3.9,3.9,3.9,,,12.17,2026-08-17T18:44:17+00:00
Sivas,Zara,ZARA,17716,2026-08-17T18:33:00.000Z,Çok Bulutlu,16.1,16.1,100,53,4.680000000000001,864.8,1006.2,44090,,0,0.8,0,0.2,0.6,1,,,,2026-08-17T18:44:17+00:00
Sivas,Divriği,DİVRİĞİ,17734,2026-08-17T18:34:00.000Z,Parçalı Bulutlu,19.3,19.3,69,357,7.920000000000001,886.6,,57790,,0,2.7,0,2.7,2.7,2.7,,,15.5,2026-08-17T18:44:17+00:00
Sivas,Kangal,KANGAL,17762,2026-08-17T18:26:00.000Z,Çok Bulutlu,14.1,14.1,87,0,0,847.6,1006.6,66990,,0,6.8,0,6.8,6.8,6.8,,,12.63,2026-08-17T18:44:17+00:00
Sivas,Gürün,GÜRÜN,17841,2026-08-17T18:34:00.000Z,HHY,15.4,15.4,97,140,14.04,858.8,1004,,,1.1,1.7,1.3,1.7,1.7,1.7,,,15.03,2026-08-17T18:44:17+00:00
Sivas,Şarkışla,ŞARKIŞLA,18139,2026-08-17T18:34:00.000Z,Çok Bulutlu,14.4,14.4,84,297,1.4400000000000002,875.2,1009.9,,,0,0.4,0.2,0.4,0.4,0.4,,,12.59,2026-08-17T18:44:17+00:00
Sivas,Yıldızeli,YILDIZELİ,18140,2026-08-17T18:34:00.000Z,Çok Bulutlu,18.2,18.2,84,115,3.9600000000000004,860.1,1006.3,,,0,6.3,0,0.7,6.1,6.3,,,16.28,2026-08-17T18:44:17+00:00
Sivas,Akıncılar,AKINCILAR,18465,2026-08-17T18:34:00.000Z,HHY,20,20,69,83,10.44,,,,,0,0.24,0.24,0.24,0.24,0.24,,,16.15,2026-08-17T18:44:17+00:00
Sivas,Altınyayla,SİVAS/ALTINYAYLA,18466,2026-08-17T18:34:00.000Z,Çok Bulutlu,16.1,16.1,73,284,7.2,,,,,0,7.54,0.05,7.54,7.54,7.54,,,12.99,2026-08-17T18:44:17+00:00
Sivas,Doğanşar,DOĞANŞAR,18467,2026-08-17T18:34:00.000Z,Çok Bulutlu,17,17,86,106,3.6,,,,,0,0,0,0,0,0,,,15.35,2026-08-17T18:44:17+00:00
Sivas,Gölova,GÖLOVA,18468,2026-08-17T18:34:00.000Z,HHY,14.3,14.3,81,50,12.96,,,,,5.83,13.59,13.59,13.59,13.59,13.59,,,12.17,2026-08-17T18:44:17+00:00
Sivas,Hafik,HAFİK,18469,2026-08-17T18:34:00.000Z,Çok Bulutlu,15.8,15.8,86,258,4.32,,,,,0,0.37,0,0.37,0.37,0.37,,,14.18,2026-08-17T18:44:17+00:00
Sivas,İmranlı,İMRANLI,18470,2026-08-17T18:34:00.000Z,HHY,14.3,14.3,78,340,7.2,,,,,0.43,3.35,0.43,3.35,3.35,3.35,,,11.84,2026-08-17T18:44:17+00:00
Sivas,Koyulhisar,KOYULHİSAR,18471,2026-08-17T18:34:00.000Z,Çok Bulutlu,21.7,21.7,65,242,8.28,,,,,0,0,0,0,0,0,,,17.21,2026-08-17T18:44:17+00:00
Sivas,Kangal,KANGAL/YENİKÖY KÖYÜ,18667,2026-08-17T15:52:00.000Z,Çok Bulutlu,18,18,76,,,,,,,,0,,0,0,0,,,15.13,2026-08-17T18:44:17+00:00
Sivas,İmranlı,İMRANLI/YONCABAYIRI KÖYÜ,18668,2026-08-17T18:34:00.000Z,Çok Bulutlu,14.2,14.2,93,,,,,,,0,5.79,0.04,5.79,5.79,5.79,,,13.39,2026-08-17T18:44:17+00:00
Sivas,Divriği,DİVRİĞİ/ÇAKMAKDÜZÜ KÖYÜ,18670,2026-08-17T18:34:00.000Z,Çok Bulutlu,15.9,15.9,95,,,,,,,0.06,1.61,0.06,1.61,1.61,1.61,,,15.3,2026-08-17T18:44:17+00:00
Sivas,Merkez,SİVAS/HANLI KÖYÜ,18671,2026-08-17T18:34:00.000Z,Çok Bulutlu,15.9,15.9,93,,,,,,,0,4.3,0,4.3,4.3,4.3,,,15.07,2026-08-17T18:44:17+00:00
Sivas,Yıldızeli,YILDIZELİ/ALACA KÖYÜ,18673,2026-08-17T18:34:00.000Z,Çok Bulutlu,14.9,14.9,100,,,,,,,0,8.82,0,0.46,8.82,8.82,,,,2026-08-17T18:44:17+00:00
Sivas,Zara,ZARA/SÖĞÜTLÜ KÖYÜ,18674,2026-08-17T18:34:00.000Z,Çok Bulutlu,11.8,11.8,100,,,,,,,0,3.24,0,3.24,3.24,3.24,,,,2026-08-17T18:44:17+00:00
Sivas,İmranlı,İMRANLI/KUZKÖY KÖYÜ,18675,2026-08-17T18:34:00.000Z,HHY,13.1,13.1,97,,,,,,,0.97,9.53,2.81,9.53,9.53,9.53,,,12.73,2026-08-17T18:44:17+00:00
Sivas,Yıldızeli,YILDIZELİ/DİREKLİ KÖYÜ,18676,2026-08-17T18:34:00.000Z,Çok Bulutlu,16.1,16.1,92,,,,,,,0.06,2.29,0.06,2.29,2.29,2.29,,,15.16,2026-08-17T18:44:17+00:00
Sivas,Yıldızeli,YILDIZELİ/YUKARIEKECİK KÖYÜ,18677,2026-08-17T18:34:00.000Z,Çok Bulutlu,16.2,16.2,94,,,,,,,0,0.52,0,0.52,0.52,0.52,,,15.49,2026-08-17T18:44:17+00:00
Sivas,Yıldızeli,YILDIZELİ/ÇUBUK KÖYÜ,18880,2026-08-17T18:34:00.000Z,HHY,15.1,15.1,100,,,,,,,0.28,2.53,0.71,2.53,2.53,2.53,,,,2026-08-17T18:44:17+00:00
Sivas,Hafik,HAFİK/DERİNCE KÖYÜ,18881,2026-08-17T18:34:00.000Z,HHY,13.9,13.9,97,,,,,,,0.63,4.01,2.48,4.01,4.01,4.01,,,13.53,2026-08-17T18:44:17+00:00
Sivas,Suşehri,SUŞEHRİ/GEMİNBELİ GEÇİDİ,18882,2026-08-17T18:34:00.000Z,Çok Bulutlu,11.6,11.6,100,,,,,,,0,5.25,0,5.25,5.25,5.25,,,,2026-08-17T18:44:17+00:00
Sivas,Gemerek,GEMEREK/SIZIR BELDESİ,19192,2026-08-17T18:34:00.000Z,HHY,15.6,15.6,85,,,,,,,0.17,4.81,0.27,4.24,4.81,4.81,,,13.87,2026-08-17T18:44:17+00:00
Sivas,Ulaş,ULAŞ/YAĞDONDURAN GEÇİDİ,19193,2026-08-17T18:34:00.000Z,Çok Bulutlu,12.8,12.8,100,,,,,,,0,10.55,0.19,10.49,10.55,10.55,,,,2026-08-17T18:44:17+00:00
Sivas,Gürün,GÜRÜN/GÖBEKÖREN KÖYÜ,19194,2026-08-17T18:34:00.000Z,Çok Bulutlu,14.7,14.7,82,,,,,,,0,0,0,0,0,0.05,,,12.66,2026-08-17T18:44:17+00:00
Sivas,Suşehri,SUŞEHRİ TARIM,19906,2026-08-17T18:33:00.000Z,HHY,21.5,21.5,76,136,2.8800000000000003,,,,,0,4.06,1.21,4.06,4.06,4.06,,,18.45,2026-08-17T18:44:17+00:00
Tekirdağ,Çorlu,TEKİRDAĞ ÇORLU HAVALİMANI,17051,2026-08-17T18:15:00.000Z,Açık,21.1,21.1,71,64,13.68,993.3,1011.8,10000,0,,0,0,0,0,0,,,17.43,2026-08-17T18:44:17+00:00
Tekirdağ,Çorlu,ÇORLU,17054,2026-08-17T18:36:00.000Z,Açık,20.8,20.8,71,120,3.6,993.5,1009.9,,,0,0,0,0,0,0,,,17.15,2026-08-17T18:44:17+00:00
Tekirdağ,Süleymanpaşa,TEKİRDAĞ,17056,2026-08-17T18:34:00.000Z,Açık,24.8,24.8,73,87,16.56,1010.6,1011.1,20000,0,0,0,0,0,0,0,,24,21.17,2026-08-17T18:44:17+00:00
Tekirdağ,Malkara,MALKARA,17634,2026-08-17T18:35:00.000Z,Açık,22.6,22.6,62,342,0.7200000000000001,988.8,1012.2,43420,,0,0,0,0,0,0,,,17.62,2026-08-17T18:44:17+00:00
Tekirdağ,Çerkezköy,ÇERKEZKÖY,17640,2026-08-17T18:34:00.000Z,Açık,21.3,21.3,71,64,12.6,994.5,1012.7,60730,,0,0,0,0,0,0,,,17.62,2026-08-17T18:44:17+00:00
Tekirdağ,Şarköy,ŞARKÖY,18107,2026-08-17T18:34:00.000Z,Açık,24.2,24.2,62,31,3.9600000000000004,1011,1012.1,,,0,0,0,0,0,0,,,19.07,2026-08-17T18:44:17+00:00
Tekirdağ,Hayrabolu,HAYRABOLU,18108,2026-08-17T18:34:00.000Z,Açık,23.6,23.6,61,159,12.24,998.1,1010.3,,,0,0,0,0,0,0,,,18.39,2026-08-17T18:44:17+00:00
Tekirdağ,Muratlı,MURATLI,18422,2026-08-17T18:34:00.000Z,Açık,22,22,64,150,9.360000000000001,,,,,0,0,0,0,0,0,,,17.35,2026-08-17T18:44:17+00:00
Tekirdağ,Saray,TEKİRDAĞ/SARAY,18423,2026-08-17T18:34:00.000Z,Açık,20,20,65,23,5.04,,,,,0,0,0,0,0,0,,,15.65,2026-08-17T18:44:17+00:00
Tekirdağ,Süleymanpaşa,SÜLEYMANPAŞA/BANARLI MAHALLESİ,18804,2026-08-17T18:34:00.000Z,Açık,22.4,22.4,59,,,,,,,0,0,0,0,0,0,,,17.03,2026-08-17T18:44:17+00:00
Tekirdağ,Malkara,MALKARA/DOĞANKÖY,18805,2026-08-17T18:32:00.000Z,Açık,22.4,22.4,66,,,,,,,0,0,0,0,0,0,,,17.98,2026-08-17T18:44:17+00:00
Tekirdağ,Şarköy,ŞARKÖY/GANOS DAĞI,18806,2026-08-17T18:34:00.000Z,Açık,18.7,18.7,73,,,,,,,0,0,0,0,0,0,,,15.43,2026-08-17T18:44:17+00:00
Tekirdağ,Ergene,ERGENE/VAKIFLAR BELDESİ,19121,2026-08-17T18:34:00.000Z,Açık,21.7,21.7,75,,,,,,,0,0,0,0,0,0,,,18.52,2026-08-17T18:44:17+00:00
Tekirdağ,Kapaklı,KAPAKLI,19122,2026-08-17T18:34:00.000Z,Açık,20.2,20.2,82,72,6.12,,,,,0,0,0,0,0,0,,,17.97,2026-08-17T18:44:17+00:00
Tekirdağ,Marmaraereğlisi,MARMARAEREĞLİSİ,19343,2026-08-17T18:33:00.000Z,Açık,23.2,23.2,77,76,4.680000000000001,,,,,0,0,0,0,0,0,,,20.2,2026-08-17T18:44:17+00:00
Tokat,Merkez,TOKAT,17086,2026-08-17T18:34:00.000Z,Çok Bulutlu,22.8,22.8,63,92,9.360000000000001,940.6,1007.6,20000,6,0,0,0,0,0,0,,,17.94,2026-08-17T18:44:17+00:00
Tokat,Merkez,TOKAT HAVALİMANI,17087,2026-08-17T18:20:00.000Z,Çok Bulutlu,22.6,22.6,63,336,11.16,946.5,1012.1,10000,6,0,0,0,0,0,0,,,17.76,2026-08-17T18:44:17+00:00
Tokat,Zile,ZİLE,17681,2026-08-17T18:34:00.000Z,Çok Bulutlu,22.3,22.3,58,52,5.4,929.4,1007.8,,,0,0,0,0,0,0,,,16.8,2026-08-17T18:44:17+00:00
Tokat,Turhal,TURHAL,17683,2026-08-17T18:34:00.000Z,Çok Bulutlu,22.9,22.9,58,65,9.360000000000001,950,1008.1,,,0,0,0,0,0,0,,,17.34,2026-08-17T18:44:17+00:00
Tokat,Başçiftlik,BAŞÇİFTLİK,17717,2026-08-17T18:34:00.000Z,Çok Bulutlu,15.3,15.3,83,45,6.12,853.6,1004.3,39110,,0,0.16,0,0,0,0.5,,,13.35,2026-08-17T18:44:17+00:00
Tokat,Niksar,NİKSAR,18141,2026-08-17T18:34:00.000Z,Çok Bulutlu,24.5,24.5,61,360,0.7200000000000001,971.4,1008.6,,,0,0.2,0,0,0.2,0.2,,,19.2,2026-08-17T18:44:17+00:00
Tokat,Erbaa,ERBAA,18142,2026-08-17T18:34:00.000Z,Çok Bulutlu,24.1,24.1,67,323,3.9600000000000004,987.6,1009.9,,,0,0,0,0,0,0,,,19.68,2026-08-17T18:44:17+00:00
Tokat,Artova,ARTOVA,18143,2026-08-17T18:33:00.000Z,Çok Bulutlu,18.6,18.6,74,331,4.32,882.2,1008.4,,,0,0.2,0,0,0.2,0.2,,,15.46,2026-08-17T18:44:17+00:00
Tokat,Sulusaray,SULUSARAY,18144,2026-08-17T18:34:00.000Z,Çok Bulutlu,19.8,19.8,81,33,1.8,897.2,1007.7,,,0,14.4,0,0.1,14.4,14.4,,,17.46,2026-08-17T18:44:17+00:00
Tokat,Almus,ALMUS,18145,2026-08-17T18:33:00.000Z,Çok Bulutlu,21,21,59,127,0,920.1,1009.3,,,0,0,0,0,0,0,,,15.78,2026-08-17T18:44:17+00:00
Tokat,Reşadiye,REŞADİYE,18146,2026-08-17T18:34:00.000Z,Çok Bulutlu,23.2,23.2,59,238,4.680000000000001,946.9,1008,,,0,0,0,0,0,0,,,17.74,2026-08-17T18:44:17+00:00
Tokat,Merkez,TOKAT/TOPRAK VE SU ARŞ. (TAGEM),18147,2026-08-17T18:34:00.000Z,Çok Bulutlu,22.5,22.5,64,8,6.12,944.3,,,,0,0,0,0,0,0,,,17.8,2026-08-17T18:44:17+00:00
Tokat,Pazar,TOKAT/PAZAR,18552,2026-08-17T18:34:00.000Z,Çok Bulutlu,22.5,22.5,60,68,11.16,,,,,0,0.15,0,0,0,0.56,,,17.26,2026-08-17T18:44:17+00:00
Tokat,Yeşilyurt,YEŞİLYURT,18553,2026-08-17T18:34:00.000Z,Çok Bulutlu,19,19,74,97,9.360000000000001,,,,,0,11.92,0,0,11.92,11.92,,,15.84,2026-08-17T18:44:17+00:00
Tokat,Merkez,TOKAT/AVLUNLAR BELDESİ,18712,2026-08-17T18:34:00.000Z,Çok Bulutlu,16.8,16.8,97,,,,,,,0,0.28,0,0,0,0.28,,,16.44,2026-08-17T18:44:17+00:00
Tokat,Reşadiye,REŞADİYE/KIZILCAÖREN BELDESİ,18713,2026-08-17T18:34:00.000Z,Çok Bulutlu,15.2,15.2,97,,,,,,,0,0,0,0,0,0,,,14.83,2026-08-17T18:44:17+00:00
Tokat,Pazar,PAZAR/BALLICA KÖYÜ,18939,2026-08-17T18:34:00.000Z,Çok Bulutlu,19.4,19.4,72,0,0,,,,,0,0.77,0,0.21,0.59,0.92,,,15.97,2026-08-17T18:44:17+00:00
Tokat,Reşadiye,REŞADİYE/YOLÜSTÜ KÖYÜ,18940,2026-08-17T18:34:00.000Z,Çok Bulutlu,19.1,19.1,68,322,4.680000000000001,,,,,0,1.04,0,0,0.27,1.04,,,15.2,2026-08-17T18:44:17+00:00
Tokat,Merkez,TOKAT/KEMALPAŞA KÖYÜ,18944,2026-08-17T18:34:00.000Z,Çok Bulutlu,21.4,21.4,63,,,,,,,0,0,0,0,0,0,,,16.67,2026-08-17T18:44:17+00:00
Tokat,Almus,ALMUS/ALANKÖYÜ,19044,2026-08-17T18:34:00.000Z,Çok Bulutlu,15.6,15.6,84,,,,,,,0,0.53,0,0.29,0.53,0.53,,,13.76,2026-08-17T18:44:17+00:00
Tokat,Niksar,NİKSAR/ÇAMİÇİ YAYLASI,19045,2026-08-17T18:34:00.000Z,Çok Bulutlu,15.7,15.7,89,,,,,,,0,0.24,0,0,0,0.24,,,14.42,2026-08-17T18:44:17+00:00
Tokat,Merkez,TOKAT/ÇAMLIBEL BELDESİ,19230,2026-08-17T18:34:00.000Z,Çok Bulutlu,19,19,75,,,,,,,0,0.3,0,0.05,0.3,0.3,,,15.96,2026-08-17T18:44:17+00:00
Tokat,Erbaa,ERBAA/GÖKAL,19231,2026-08-17T18:34:00.000Z,Çok Bulutlu,12.2,12.2,93,,,,,,,0,0.63,0,0,0,1.85,,,11.4,2026-08-17T18:44:17+00:00
Trabzon,Ortahisar,TRABZON BÖLGE,17037,2026-08-17T18:34:00.000Z,Çok Bulutlu,24,24,79,216,3.9600000000000004,1007.4,1010.3,,,0,0,0,0,0,0.4,,,21.23,2026-08-17T18:44:17+00:00
Trabzon,Ortahisar,TRABZON HAVALİMANI,17038,2026-08-17T18:17:00.000Z,Çok Bulutlu,24.3,24.3,74,216,5.4,1007.2,1011.1,10000,6,,0,0,0,0,0.4,,24.4,20.84,2026-08-17T18:44:17+00:00
Trabzon,Çaykara,ÇAYKARA/UZUNGÖL,17569,2026-08-17T18:34:00.000Z,Çok Bulutlu,15.5,15.5,97,74,5.4,889.3,1011.5,,,0,8.2,0,7.4,8.2,9.6,,,15.13,2026-08-17T18:44:17+00:00
Trabzon,Akçaabat,AKÇAABAT,17626,2026-08-17T18:34:00.000Z,Parçalı Bulutlu,24,24,74,226,3.24,1010.1,1010.4,,,0,0,0,0,0,0,,,20.56,2026-08-17T18:44:17+00:00
Trabzon,Maçka,MAÇKA/ALTINDERE SÜMELA,17714,2026-08-17T18:34:00.000Z,Çok Bulutlu,17.2,17.2,100,182,1.4400000000000002,899,1011.9,,,0,0.2,0,0,0,1.2,,,,2026-08-17T18:44:17+00:00
Trabzon,Of,OF/FİDANLIK,17775,2026-08-17T18:34:00.000Z,Çok Bulutlu,22.4,22.4,97,0,11.16,1010.1,1010.8,,,0,7,0,6.4,7,8,,,22.04,2026-08-17T18:44:17+00:00
Trabzon,Düzköy,DÜZKÖY,18229,2026-08-17T18:34:00.000Z,Çok Bulutlu,19.7,19.7,87,297,0.36000000000000004,941.7,1011,,,0,0,0,0,0,0,,,18.1,2026-08-17T18:44:17+00:00
Trabzon,Tonya,TONYA/KALINÇAM,18230,2026-08-17T18:33:00.000Z,Çok Bulutlu,17,17,83,74,0,890.2,1010.2,,,0,0.3,0,0.3,0.3,0.3,,,15.0,2026-08-17T18:44:17+00:00
Trabzon,Beşikdüzü,BEŞİKDÜZÜ,18231,2026-08-17T18:34:00.000Z,Çok Bulutlu,21.6,21.6,63,218,6.48,968.9,1011.3,,,0,0,0,0,0,0,,,16.85,2026-08-17T18:44:17+00:00
Trabzon,Hayrat,HAYRAT/PAZARÖNÜ,18232,2026-08-17T18:34:00.000Z,Çok Bulutlu,20.3,20.3,94,354,3.6,965.5,1010.2,,,0,1,0,0,1,2.6,,,19.56,2026-08-17T18:44:17+00:00
Trabzon,Arsin,ARSİN,18233,2026-08-17T18:33:00.000Z,Çok Bulutlu,22.4,22.4,100,168,4.32,987.1,1006.3,,,0,0,0,0,0,0.1,,,,2026-08-17T18:44:17+00:00
Trabzon,Dernekpazarı,DERNEKPAZARI,18570,2026-08-17T18:34:00.000Z,Çok Bulutlu,18.4,18.4,98,247,1.8,,,,,0,4.78,0,0.47,2.98,6.08,,,18.16,2026-08-17T18:44:17+00:00
Trabzon,Köprübaşı,KÖPRÜBAŞI/BEŞKÖY,18571,2026-08-17T18:34:00.000Z,Çok Bulutlu,17,17,89,150,6.12,,,,,0,1.27,0,0.68,1.27,1.43,,,15.7,2026-08-17T18:44:17+00:00
Trabzon,Maçka,MAÇKA/ÖRNEKALAN KÖYÜ,18572,2026-08-17T18:34:00.000Z,Parçalı Bulutlu,16.9,16.9,98,296,3.9600000000000004,,,,,0,8.72,0,1.57,8.72,8.95,,,16.65,2026-08-17T18:44:17+00:00
Trabzon,Çarşıbaşı,ÇARŞIBAŞI/YOROZ,18573,2026-08-17T18:33:00.000Z,Parçalı Bulutlu,21.3,21.3,92,222,15.48,,,,,0,0,0,0,0,0,,,20.3,2026-08-17T18:44:17+00:00
Trabzon,Sürmene,SÜRMENE/DENİZ BİLİMLERİ FAKÜLTESİ,18574,2026-08-17T17:06:00.000Z,Çok Bulutlu,21.9,21.9,85,160,8.64,,,,,,3.27,,1.07,3.27,4.59,,,20.0,2026-08-17T18:44:17+00:00
Trabzon,Vakfıkebir,VAKFIKEBİR/HAMZALI KÖYÜ,18575,2026-08-17T18:33:00.000Z,Parçalı Bulutlu,18.7,18.7,89,162,0.7200000000000001,,,,,0,0,0,0,0,0,,,17.37,2026-08-17T18:44:17+00:00
Trabzon,Şalpazarı,ŞALPAZARI/SÜTPINAR KÖYÜ,18936,2026-08-17T18:34:00.000Z,Çok Bulutlu,19.2,19.2,90,92,2.16,,,,,0,0.55,0,0,0.55,0.55,,,17.98,2026-08-17T18:44:17+00:00
Trabzon,Düzköy,DÜZKÖY/ÇAL KÖYÜ,18978,2026-08-17T18:34:00.000Z,Çok Bulutlu,16.9,16.9,100,351,2.52,,,,,0,0,0,0,0,0,,,,2026-08-17T18:44:17+00:00
Trabzon,Araklı,ARAKLI/TURNALI KÖYÜ,19060,2026-08-17T18:34:00.000Z,Çok Bulutlu,16.9,16.9,98,,,,,,,0,1.12,0,0.18,1.12,1.49,,,16.65,2026-08-17T18:44:17+00:00
Trabzon,Yomra,YOMRA/ÖZDİL BELDESİ,19061,2026-08-17T18:34:00.000Z,Çok Bulutlu,15,15,100,,,,,,,0,1.96,0,0.5,1.96,2.51,,,,2026-08-17T18:44:17+00:00
Trabzon,Çaykara,ÇAYKARA/LUSTRA YAYLASI,19062,2026-08-17T18:34:00.000Z,Çok Bulutlu,12.5,12.5,100,,,,,,,0,8.14,0,5.3,8.14,10,,,,2026-08-17T18:44:17+00:00
Trabzon,Araklı,ARAKLI/KAYAİÇİ YAYLASI,19063,2026-08-17T18:34:00.000Z,HHY,15.7,15.7,91,,,,,,,0.37,1.2,0.48,0.96,1.2,2.69,,,14.65,2026-08-17T18:44:17+00:00
Trabzon,Çaykara,ÇAYKARA/DEMİRKAPI KÖYÜ,19064,2026-08-17T18:34:00.000Z,Çok Bulutlu,11,11,91,,,,,,,0,7.98,0,6.98,7.6,9.08,,,10.01,2026-08-17T18:44:17+00:00
Trabzon,Çaykara,ÇAYKARA,19246,2026-08-17T18:34:00.000Z,Çok Bulutlu,19.8,19.8,92,14,2.52,,,,,0,1.54,0,0.81,1.54,1.71,,,18.82,2026-08-17T18:44:17+00:00
Trabzon,Şalpazarı,ŞALPAZARI,19247,2026-08-17T18:34:00.000Z,Çok Bulutlu,20.1,20.1,98,258,2.52,,,,,0,1.5,0,0,0,1.5,,,19.86,2026-08-17T18:44:17+00:00
Trabzon,Araklı,ARAKLI,19344,2026-08-17T18:33:00.000Z,Hafif Kar Yağışlı,22.1,22.1,94,143,1.8,,,1000,,0,0.2,0,0.2,0.2,0.4,,,21.35,2026-08-17T18:44:17+00:00
Trabzon,Tonya,TONYA,19350,2026-08-17T18:34:00.000Z,Çok Bulutlu,18.5,18.5,100,0,0,,,,,0,0,0,0,0,0,,,,2026-08-17T18:44:17+00:00
Trabzon,Ortahisar,ORTAHİSAR,19366,2026-08-17T18:34:00.000Z,Parçalı Bulutlu,25,28.4,97,142,6.12,,,,,0,0,0,0,0,0,,,24.64,2026-08-17T18:44:17+00:00
Trabzon,Maçka,MAÇKA/HAMSİKÖY,19902,2026-08-17T18:33:00.000Z,Çok Bulutlu,13.6,13.6,100,182,2.8800000000000003,,,,,0,0,0,0,0,0,,,,2026-08-17T18:44:17+00:00
Tunceli,Merkez,TUNCELİ,17165,2026-08-17T18:34:00.000Z,Çok Bulutlu,24.1,24.1,50,0,0,898,1001.4,20000,5,0,0.1,0,0,0,0.1,,,17.22,2026-08-17T18:44:17+00:00
Tunceli,Mazgirt,MAZGİRT,17736,2026-08-17T18:34:00.000Z,Parçalı Bulutlu,20.3,20.3,48,118,2.16,857.4,1002.7,,,0,0,0,0,0,0,,,13.69,2026-08-17T18:44:17+00:00
Tunceli,Çemişgezek,ÇEMİŞGEZEK,17768,2026-08-17T18:34:00.000Z,Parçalı Bulutlu,25,25.8,50,0,0,905.4,1000.7,,,0,0,0,0,0,0,,,18.0,2026-08-17T18:44:17+00:00
Tunceli,Ovacık,TUNCELİ/OVACIK,18179,2026-08-17T18:34:00.000Z,Çok Bulutlu,22.6,22.6,70,144,8.28,,,,,0,0,0,0,0,0,,,18.7,2026-08-17T18:44:17+00:00
Tunceli,Hozat,HOZAT,18354,2026-08-17T18:34:00.000Z,Çok Bulutlu,19.9,19.9,55,54,6.12,,,,,0,0,0,0,0,0,,,14.27,2026-08-17T18:44:17+00:00
Tunceli,Nazımiye,NAZIMİYE,18355,2026-08-17T18:34:00.000Z,Parçalı Bulutlu,22.3,22.3,38,82,6.12,,,,,0,0,0,0,0,0,,,13.88,2026-08-17T18:44:17+00:00
Tunceli,Pülümür,PÜLÜMÜR,18586,2026-08-17T18:34:00.000Z,Çok Bulutlu,18.3,18.3,65,317,2.52,840.2,1001.8,75000,,0,0,0,0,0,1.1,,,14.09,2026-08-17T18:44:17+00:00
Tunceli,Pertek,PERTEK/AŞAĞIGÜLBAHÇE KÖYÜ,18769,2026-08-17T18:34:00.000Z,Parçalı Bulutlu,24.6,24.6,46,,,,,,,0,0.2,0,0,0,0.46,,,17.03,2026-08-17T18:44:17+00:00
Tunceli,Pertek,PERTEK/ELMAKAŞI KÖYÜ,19090,2026-08-17T18:34:00.000Z,Parçalı Bulutlu,22.8,22.8,44,,,,,,,0,0.2,0,0,0,0.26,,,15.21,2026-08-17T18:44:17+00:00
Tunceli,Pertek,PERTEK/KOÇPINAR KÖYÜ,19265,2026-08-17T18:34:00.000Z,Açık,24.7,24.7,56,,,,,,,0,0.32,0,0.32,0.32,0.32,,,18.65,2026-08-17T18:44:17+00:00
Şanlıurfa,Haliliye,ŞANLIURFA,17270,2026-08-17T18:34:00.000Z,Açık,29.2,29.2,35,251,10.08,945.2,1004.4,20000,0,0,0,0,0,0,0,,,18.82,2026-08-17T18:44:17+00:00
Şanlıurfa,Karaköprü,ŞANLIURFA GAP HAVALİMANI,17271,2026-08-17T18:19:00.000Z,Açık,26.6,26.6,41,240,24.840000000000003,916.8,1011.2,10000,0,,0,0,0,0,0,,,17.86,2026-08-17T18:44:17+00:00
Şanlıurfa,Siverek,SİVEREK,17912,2026-08-17T18:34:00.000Z,Açık,26.6,26.6,36,274,4.32,918.7,1003.6,,,0,0,0,0,0,0,,,16.96,2026-08-17T18:44:17+00:00
Şanlıurfa,Hilvan,HİLVAN,17914,2026-08-17T18:34:00.000Z,Açık,28.5,28.5,39,9,10.8,940.6,1003.7,,,0,0,0,0,0,0,,,19.04,2026-08-17T18:44:17+00:00
Şanlıurfa,Bozova,BOZOVA,17944,2026-08-17T18:34:00.000Z,Açık,28,28,42,254,23.400000000000002,937.8,1004.5,,,0,0,0,0,0,0,,,19.19,2026-08-17T18:44:17+00:00
Şanlıurfa,Viranşehir,VİRANŞEHİR,17946,2026-08-17T18:34:00.000Z,Açık,26.1,26.1,37,236,6.12,946.1,1006.2,,,0,0,0,0,0,0,,,16.75,2026-08-17T18:44:17+00:00
Şanlıurfa,Birecik,BİRECİK,17966,2026-08-17T18:34:00.000Z,Açık,26.6,27.3,51,188,5.04,968.3,1006.1,,,0,0,0,0,0,0,,,19.54,2026-08-17T18:44:17+00:00
Şanlıurfa,Ceylanpınar,CEYLANPINAR TİGEM,17968,2026-08-17T18:33:00.000Z,Açık,27.1,27.1,31,272,1.08,964.3,1003.3,,,0,0,0,0,0,0,,,16.38,2026-08-17T18:44:17+00:00
Şanlıurfa,Akçakale,AKÇAKALE,17980,2026-08-17T18:34:00.000Z,Açık,28.3,28.3,37,230,7.920000000000001,965.6,1005.2,,,0,0,0,0,0,0,,,18.5,2026-08-17T18:44:17+00:00
Şanlıurfa,Halfeti,HALFETİ,18170,2026-08-17T18:34:00.000Z,Açık,26.9,27.2,45,289,5.4,933.3,1004,,,0,0,0,0,0,0,,,18.8,2026-08-17T18:44:17+00:00
Şanlıurfa,Suruç,SURUÇ,18171,2026-08-17T18:33:00.000Z,Açık,25.5,26.2,49,273,11.520000000000001,947.7,1004.1,,,0,0,0,0,0,0,,,18.27,2026-08-17T18:44:17+00:00
Şanlıurfa,Akçakale,AKÇAKALE/KORUKLU GAP TOPRAK SU (TAGEM),18172,2026-08-17T18:34:00.000Z,Açık,25.6,26.4,53,238,6.84,963.2,1005.1,,,0,0,0,0,0,0,,,18.98,2026-08-17T18:44:17+00:00
Şanlıurfa,Haliliye,HALİLİYE/ÜNİVERSİTE OSMANBEY KAMPÜSÜ,18173,2026-08-17T18:34:00.000Z,Açık,27.7,27.7,38,264,11.16,950.8,1004.3,,,0,0,0,0,0,0,,,18.21,2026-08-17T18:44:17+00:00
Şanlıurfa,Siverek,SİVEREK/YENİCELİ KÖYÜ,18788,2026-08-17T18:34:00.000Z,Açık,24.5,24.5,38,,,,,,,0,0,0,0,0,0,,,15.64,2026-08-17T18:44:17+00:00
Şanlıurfa,Siverek,SİVEREK/KARACADAĞ RADAR SAHASI,18922,2026-08-17T18:33:00.000Z,Açık,17.5,17.5,49,212,27,,,,,0,0,0,0,0,0,,,11.43,2026-08-17T18:44:17+00:00
Şanlıurfa,Harran,HARRAN/YENİCE KÖYÜ,19103,2026-08-17T18:34:00.000Z,Açık,27.7,27.6,41,,,,,,,0,0,0,0,0,0,,,18.76,2026-08-17T18:44:17+00:00
Şanlıurfa,Siverek,SİVEREK/ALANYURT KÖYÜ,19104,2026-08-17T18:34:00.000Z,Açık,25.8,25.8,38,,,,,,,0,0,0,0,0,0,,,16.68,2026-08-17T18:44:17+00:00
Şanlıurfa,Harran,HARRAN,19270,2026-08-17T18:34:00.000Z,Açık,27.8,28,44,266,6.12,,,,,0,0,0,0,0,0,,,19.38,2026-08-17T18:44:17+00:00
Şanlıurfa,Karaköprü,KARAKÖPRÜ,19341,2026-08-17T17:36:00.000Z,Açık,26.5,26.5,36,214,19.44,,,43170,,,0,,0,0,0,,,16.88,2026-08-17T18:44:17+00:00
Uşak,Merkez,UŞAK HAVALİMANI,17185,2026-08-17T18:16:00.000Z,Açık,22.2,22.2,47,302,11.520000000000001,912.8,1013.5,20000,3,,0,0,0,0,0,,,15.16,2026-08-17T18:44:17+00:00
Uşak,Merkez,UŞAK,17188,2026-08-17T18:34:00.000Z,Açık,23.4,23.4,49,296,5.04,907.6,1006.1,,,0,0.42,0,0,0,0.65,,,16.47,2026-08-17T18:44:17+00:00
Uşak,Eşme,EŞME,17827,2026-08-17T18:34:00.000Z,Açık,25,26,53,287,10.44,919.2,1006.2,,,0,0,0,0,0,5.24,,,18.46,2026-08-17T18:44:17+00:00
Uşak,Banaz,BANAZ,18069,2026-08-17T18:34:00.000Z,Az Bulutlu,18.9,18.9,65,80,7.2,901.4,1007.7,,,0,7.8,0,0,7.4,9.1,,,14.64,2026-08-17T18:44:17+00:00
Uşak,Ulubey,UŞAK/ULUBEY,18070,2026-08-17T18:34:00.000Z,Açık,24.2,24.2,48,322,12.24,928.4,1007.6,,,0,2.1,0,0,0,3.7,,,17.0,2026-08-17T18:44:17+00:00
Uşak,Sivaslı,SİVASLI,18071,2026-08-17T18:34:00.000Z,Az Bulutlu,22.6,22.6,50,23,6.48,901.2,1007.4,,,0,1.1,0,0,0,9.5,,,15.93,2026-08-17T18:44:17+00:00
Uşak,Karahallı,KARAHALLI,18304,2026-08-17T18:34:00.000Z,Açık,23.1,23.1,43,291,5.04,,,,,0,0.05,0,0,0,3.71,,,15.31,2026-08-17T18:44:17+00:00
Uşak,Banaz,BANAZ/BALTALI KÖYÜ,18640,2026-08-17T18:34:00.000Z,Açık,17.5,17.5,80,,,,,,,0,0,0,0,0,0.66,,,15.13,2026-08-17T18:44:17+00:00
Uşak,Ulubey,ULUBEY/KURUDERE KÖYÜ,18742,2026-08-17T18:34:00.000Z,Açık,24,24,58,,,,,,,0,0.02,0,0,0,3.44,,,18.32,2026-08-17T18:44:17+00:00
Uşak,Banaz,BANAZ/BAHADIR KÖYÜ,18744,2026-08-17T18:34:00.000Z,Açık,17.6,17.6,73,,,,,,,0,0.41,0,0.41,0.41,0.61,,,14.4,2026-08-17T18:44:17+00:00
Uşak,Merkez,UŞAK/SUSUZÖREN KÖYÜ,18752,2026-08-17T18:34:00.000Z,Açık,21.7,21.7,52,,,,,,,0,4.78,0,0,0,9.25,,,15.44,2026-08-17T18:44:17+00:00
Uşak,Eşme,EŞME/DELİBAŞLI KÖYÜ,18855,2026-08-17T18:34:00.000Z,Açık,24.8,24.8,52,,,,,,,0,0,0,0,0,0,,,18.13,2026-08-17T18:44:17+00:00
Uşak,Merkez,UŞAK TEKSTİL OSB,18856,2026-08-17T18:34:00.000Z,Açık,23.2,23.2,48,298,3.9600000000000004,,,,,0,0,0,0,0,1.09,,,16.15,2026-08-17T18:44:17+00:00
Uşak,Banaz,BANAZ ORMAN SAHASI,18857,2026-08-17T18:34:00.000Z,Açık,18,18,58,232,4.680000000000001,,,,,0,0,0,0,0,0.71,,,12.97,2026-08-17T18:44:17+00:00
Uşak,Merkez,UŞAK/KAYAAĞIL KÖYÜ,18918,2026-08-17T18:34:00.000Z,Açık,23.8,23.8,46,0,4.32,926.7,1008.4,,,0,0.2,0,0,0,0.4,,,16.36,2026-08-17T18:44:17+00:00
Uşak,Banaz,BANAZ/AHAT KÖYÜ,19171,2026-08-17T18:34:00.000Z,Açık,21.5,21.5,57,,,,,,,0,0,0,0,0,0.99,,,15.95,2026-08-17T18:44:17+00:00
Uşak,Merkez,UŞAK/SELVİOĞLU KÖYÜ,19172,2026-08-17T18:34:00.000Z,Açık,20.2,20.2,57,,,,,,,0,0,0,0,0,0.06,,,14.8,2026-08-17T18:44:17+00:00
Van,Edremit,VAN FERİT MELEN HAVALİMANI,17170,2026-08-17T18:17:00.000Z,Az Bulutlu,19.8,19.8,38,27,6.48,833.3,1017.3,10000,1,,0,0,0,0,0,,,11.87,2026-08-17T18:44:17+00:00
Van,Edremit,VAN BÖLGE,17172,2026-08-17T18:31:00.000Z,Açık,21,21,34,115,2.16,831.8,1002.2,21800,,0,0,0,0,0,0,,,12.22,2026-08-17T18:44:17+00:00
Van,Erciş,ERCİŞ,17784,2026-08-17T18:34:00.000Z,Açık,19.3,19.3,30,322,3.6,830.7,1001.9,,,0,0,0,0,0,0,,,10.29,2026-08-17T18:44:17+00:00
Van,Muradiye,MURADİYE,17786,2026-08-17T18:34:00.000Z,Açık,18,18,50,137,2.52,827.7,1001,,,0,0,0,0,0,0,,,11.98,2026-08-17T18:44:17+00:00
Van,Özalp,ÖZALP,17812,2026-08-17T18:34:00.000Z,Açık,16.8,16.8,38,0,0,802,1001.9,,,0,0,0,0,0,0,,,9.46,2026-08-17T18:44:17+00:00
Van,Gevaş,GEVAŞ,17852,2026-08-17T18:34:00.000Z,Açık,23.6,23.6,24,207,11.520000000000001,828.9,,,,0,0,0,0,0,0,,,12.39,2026-08-17T18:44:17+00:00
Van,Başkale,BAŞKALE,17880,2026-08-17T18:34:00.000Z,Açık,18.8,18.8,26,77,11.520000000000001,774.4,999.3,,,0,0,0,0,0,0,,,9.29,2026-08-17T18:44:17+00:00
Van,Bahçesaray,BAHÇESARAY,18235,2026-08-17T18:34:00.000Z,Açık,18.2,18.2,46,151,0,835.2,1002.9,,,0,0,0,0,0,0,,,11.64,2026-08-17T18:44:17+00:00
Van,Gürpınar,GÜRPINAR,18237,2026-08-17T18:34:00.000Z,Açık,17.6,17.6,42,174,1.8,824,1000.6,,,0,0,0,0,0,0,,,10.63,2026-08-17T18:44:17+00:00
Van,Çaldıran,ÇALDIRAN,18238,2026-08-17T18:34:00.000Z,Açık,18.7,18.7,43,249,4.32,796.2,1001.7,,,0,0,0,0,0,0,,,11.67,2026-08-17T18:44:17+00:00
Van,Çatak,ÇATAK,18583,2026-08-17T18:34:00.000Z,Açık,15.4,15.4,61,348,1.8,,,,,0,0,0,0,0,0,,,10.99,2026-08-17T18:44:17+00:00
Van,Saray,VAN/SARAY,18585,2026-08-17T18:34:00.000Z,Açık,17.7,17.7,35,163,2.16,,,,,0,0,0,0,0,0,,,9.78,2026-08-17T18:44:17+00:00
Van,Başkale,BAŞKALE/ALBAYRAK KÖYÜ,18772,2026-08-17T18:34:00.000Z,Açık,19,19,33,,,,,,,0,0,0,0,0,0,,,10.51,2026-08-17T18:44:17+00:00
Van,Başkale,BAŞKALE/ÇALDIRAN KÖYÜ,18773,2026-08-17T18:34:00.000Z,Açık,20.3,20.3,24,,,,,,,0,0,0,0,0,0,,,10.03,2026-08-17T18:44:17+00:00
Van,Bahçesaray,BAHÇESARAY/KARABET TEPESİ,18774,2026-08-17T18:34:00.000Z,Açık,14.5,14.5,43,,,,,,,0,0,0,0,0,0,,,8.19,2026-08-17T18:44:17+00:00
Van,Çaldıran,ÇALDIRAN/BEZİRHANE KÖYÜ,18775,2026-08-17T18:34:00.000Z,Açık,17.2,17.2,53,,,,,,,0,0,0,0,0,0,,,11.66,2026-08-17T18:44:17+00:00
Van,Gürpınar,GÜRPINAR/SEVİNDİK KÖYÜ,18776,2026-08-17T18:34:00.000Z,Açık,17.7,17.7,29,,,,,,,0,0,0,0,0,0,,,8.93,2026-08-17T18:44:17+00:00
Van,İpekyolu,İPEKYOLU/YUKARIGÜNEYCE KÖYÜ,18777,2026-08-17T18:34:00.000Z,Az Bulutlu,18,18,43,,,,,,,0,0,0,0,0,0,,,11.09,2026-08-17T18:44:17+00:00
Van,Gevaş,GEVAŞ/AYDINOCAK KÖYÜ,18778,2026-08-17T18:34:00.000Z,Açık,12.4,12.4,12,,,,,,,0,0,0,0,0,0,,,2.86,2026-08-17T18:44:17+00:00
Van,Çaldıran,ÇALDIRAN/AŞAĞIYANIKTAŞ KÖYÜ,18779,2026-08-17T18:34:00.000Z,Açık,18.6,18.6,32,,,,,,,0,0,0,0,0,0,,,10.06,2026-08-17T18:44:17+00:00
Van,İpekyolu,İPEKYOLU/ORTANCA KÖYÜ,18780,2026-08-17T18:34:00.000Z,Açık,17.9,17.9,41,,,,,,,0,0,0,0,0,0,,,10.74,2026-08-17T18:44:17+00:00
Van,Tuşba,TUŞBA/YÜZÜNCÜ YIL ÜNİVERSİTESİ,19353,2026-08-17T18:33:00.000Z,Açık,22.1,22.1,42,345,6.12,829.9,998.4,75000,,0,0,0,0,0,0,,,14.33,2026-08-17T18:44:17+00:00
Yozgat,Merkez,YOZGAT,17140,2026-08-17T18:39:00.000Z,Parçalı Bulutlu,18.2,18.2,65,151,11.520000000000001,868.1,1005.4,15000,3,0,0,0,0,0,0,,,14.0,2026-08-17T18:44:17+00:00
Yozgat,Sorgun,SORGUN,17712,2026-08-17T18:39:00.000Z,Çok Bulutlu,18.4,18.4,68,62,2.16,888.1,1007.5,,,0,0,0,0,0,0,,,14.55,2026-08-17T18:44:17+00:00
Yozgat,Boğazlıyan,BOĞAZLIYAN,17760,2026-08-17T18:39:00.000Z,HHY,16.6,16.6,93,125,5.4,893.1,1007.7,,,0.2,1,0.4,1,1,1,,,15.77,2026-08-17T18:44:17+00:00
Yozgat,Çekerek,ÇEKEREK,18208,2026-08-17T18:39:00.000Z,Çok Bulutlu,21.8,21.8,65,310,2.8800000000000003,907.5,1008.8,,,0,0,0,0,0,0,,,17.3,2026-08-17T18:44:17+00:00
Yozgat,Akdağmadeni,AKDAĞMADENİ,18209,2026-08-17T18:39:00.000Z,Çok Bulutlu,14.9,14.9,90,65,6.12,848.2,1007.3,,,0,1.4,0,1.3,1.4,1.4,,,13.75,2026-08-17T18:44:17+00:00
Yozgat,Aydıncık,YOZGAT/AYDINCIK,18472,2026-08-17T18:39:00.000Z,Çok Bulutlu,21,21,57,37,11.879999999999999,,,,,0,0,0,0,0,0,,,15.51,2026-08-17T18:44:17+00:00
Yozgat,Çandır,ÇANDIR,18473,2026-08-17T18:39:00.000Z,HHY,15.9,15.9,87,98,9.360000000000001,,,,,0.9,4.9,2.35,4.9,4.9,4.9,,,14.39,2026-08-17T18:44:17+00:00
Yozgat,Çayıralan,ÇAYIRALAN,18474,2026-08-17T18:39:00.000Z,HHY,15.1,15.1,87,254,2.52,,,,,0.51,9.2,1.25,9.2,9.2,9.2,,,13.61,2026-08-17T18:44:17+00:00
Yozgat,Kadışehri,KADIŞEHRİ,18475,2026-08-17T18:39:00.000Z,Çok Bulutlu,20.4,20.4,61,253,14.04,,,,,0,0,0,0,0,0,,,15.5,2026-08-17T18:44:17+00:00
Yozgat,Saraykent,SARAYKENT,18476,2026-08-17T18:39:00.000Z,HHY,16.3,16.3,80,153,32.4,,,,,0,2.84,0.48,2.84,2.84,2.84,,,13.98,2026-08-17T18:44:17+00:00
Yozgat,Sarıkaya,SARIKAYA,18477,2026-08-17T18:39:00.000Z,Çok Bulutlu,16.3,16.3,84,183,30.240000000000002,,,,,0,0.71,0,0.71,0.71,0.71,,,14.44,2026-08-17T18:44:17+00:00
Yozgat,Şefaatli,ŞEFAATLİ,18478,2026-08-17T18:39:00.000Z,Çok Bulutlu,21.6,21.6,52,170,4.32,,,,,0,0,0,0,0,0,,,15.35,2026-08-17T18:44:17+00:00
Yozgat,Yenifakılı,YENİFAKILI,18479,2026-08-17T18:39:00.000Z,Çok Bulutlu,16.8,16.8,87,136,18.720000000000002,,,,,0,0,0,0,0,0,,,15.27,2026-08-17T18:44:17+00:00
Yozgat,Boğazlıyan,BOĞAZLIYAN/OVAKENT BELDESİ,18659,2026-08-17T18:39:00.000Z,Çok Bulutlu,16.7,16.7,100,,,,,,,0.01,0.13,0.13,0.13,0.13,0.13,,,,2026-08-17T18:44:17+00:00
Yozgat,Merkez,YOZGAT/TOPÇU KÖYÜ,18678,2026-08-17T18:39:00.000Z,Çok Bulutlu,16.6,16.6,100,,,,,,,0,0,0,0,0,0,,,,2026-08-17T18:44:17+00:00
Yozgat,Akdağmadeni,AKDAĞMADENİ/AKÇAKIŞLA KÖYÜ,18679,2026-08-17T18:39:00.000Z,HHY,15.8,15.8,90,,,,,,,0,2.09,0.65,2.09,2.09,2.09,,,14.63,2026-08-17T18:44:17+00:00
Yozgat,Çekerek,ÇEKEREK/BEYYURDU KÖYÜ,18883,2026-08-17T18:39:00.000Z,Çok Bulutlu,16.8,16.8,90,,,,,,,0,4.41,0,4.41,4.41,4.41,,,15.62,2026-08-17T18:44:17+00:00
Yozgat,Merkez,YOZGAT/ÇADIRARDIÇ BELDESİ,18884,2026-08-17T18:39:00.000Z,Çok Bulutlu,18.1,18.1,76,,,,,,,0,0,0,0,0,0,,,15.23,2026-08-17T18:44:17+00:00
Yozgat,Yerköy,YERKÖY/SARAY BELDESİ,18886,2026-08-17T18:39:00.000Z,Çok Bulutlu,21.2,21.2,72,,,,,,,0,0,0,0,0,0,,,17.66,2026-08-17T18:44:17+00:00
Yozgat,Boğazlıyan,BOĞAZLIYAN/UZUNLU BELDESİ,19195,2026-08-17T18:39:00.000Z,HHY,14.1,14.1,100,115,28.44,,,,,0.5,11.71,1.95,11.71,11.71,11.71,,,,2026-08-17T18:44:17+00:00
Yozgat,Yerköy,YERKÖY/HACIUŞAĞI KÖYÜ,19196,2026-08-17T18:39:00.000Z,Çok Bulutlu,22.9,22.9,55,,,,,,,0,0,0,0,0,0,,,16.91,2026-08-17T18:44:17+00:00
Yozgat,Yerköy,YERKÖY,19355,2026-08-17T18:38:00.000Z,Çok Bulutlu,22.1,22.1,63,48,14.76,,,,,0,0,0,0,0,0,,,17.3,2026-08-17T18:44:17+00:00
Yozgat,Merkez,YOZGAT/ESENLİ KÖYÜ,19907,2026-08-17T18:39:00.000Z,Çok Bulutlu,17.1,17.1,100,139,18,,,,,0,0,0,0,0,0,,,,2026-08-17T18:44:17+00:00
Zonguldak,Devrek,DEVREK/ACISU TEPESİ RADAR SAHASI,17018,2026-08-17T18:39:00.000Z,Açık,10.3,10.3,97,112,1.8,888.7,1010.1,50660,,0,0,0,0,0,0,,,9.93,2026-08-17T18:44:17+00:00
Zonguldak,Merkez,ZONGULDAK,17022,2026-08-17T18:39:00.000Z,Açık,20.5,20.5,74,144,7.5600000000000005,995.6,1011.1,67260,,0,0,0,0,0,0,,,17.25,2026-08-17T18:44:17+00:00
Zonguldak,Çaycuma,ZONGULDAK ÇAYCUMA HAVALİMANI,17023,2026-08-17T18:20:00.000Z,Açık,19,19,87,214,3.24,1010.3,1012.1,2100,,,0,0,0,0,0,,,17.42,2026-08-17T18:44:17+00:00
Zonguldak,Karadeniz Ereğli,KARADENİZ EREĞLİ,17611,2026-08-17T18:39:00.000Z,Açık,20.2,20.2,73,76,1.8,1008.4,1010.6,49780,,0,0,0,0,0,0,,,16.84,2026-08-17T18:44:17+00:00
Zonguldak,Devrek,DEVREK,17613,2026-08-17T18:39:00.000Z,Açık,20,20,78,36,4.32,1002.1,1013.4,45520,,0,0,0,0,0,0,,,17.28,2026-08-17T18:44:17+00:00
Zonguldak,Alaplı,ALAPLI,18265,2026-08-17T18:39:00.000Z,Açık,18.9,18.9,82,129,3.9600000000000004,,,,,0,0,0,0,0,0,,,16.72,2026-08-17T18:44:17+00:00
Zonguldak,Gökçebey,GÖKÇEBEY,18267,2026-08-17T18:39:00.000Z,Açık,19,19,85,28,2.52,,,,,0,0,0,0,0,0,,,17.18,2026-08-17T18:44:17+00:00
Zonguldak,Devrek,DEVREK/EĞERCİ BELDESİ,19023,2026-08-17T18:39:00.000Z,Açık,17.3,17.3,81,,,,,,,0,0,0,0,0,0,,,15.05,2026-08-17T18:44:17+00:00
Zonguldak,Merkez,ZONGULDAK/BEYCUMA,19217,2026-08-17T18:39:00.000Z,Açık,16.8,16.8,72,,,,,,,0,0.1,0,0.1,0.1,0.1,,,13.53,2026-08-17T18:44:17+00:00
Zonguldak,Çaycuma,ÇAYCUMA,19356,2026-08-17T18:39:00.000Z,Açık,19.5,19.5,83,0,6.84,,,63160,,0,0,0,0,0,0,,,17.42,2026-08-17T18:44:17+00:00
Zonguldak,Kilimli,KİLİMLİ,19379,2026-08-17T18:38:00.000Z,Açık,21,21,74,163,7.920000000000001,,,35730,,0,0,0,0,0,0,,,17.72,2026-08-17T18:44:17+00:00
Zonguldak,Kozlu,KOZLU,19383,2026-08-17T18:40:00.000Z,Açık,20.5,20.5,78,121,15.48,,,53800,,0,0,0,0,0,0,,,17.76,2026-08-17T18:44:17+00:00
Aksaray,Merkez,AKSARAY,17192,2026-08-17T18:39:00.000Z,Parçalı Bulutlu,20.5,20.5,55,0,0,903.2,1007.2,25000,4,0,0,0,0,0,0,,,14.8,2026-08-17T18:44:17+00:00
Aksaray,Güzelyurt,GÜZELYURT,18116,2026-08-17T18:39:00.000Z,Çok Bulutlu,15.9,15.9,68,117,12.24,846.3,1007.4,,,0,13.8,0,4.7,13.8,13.8,,,12.23,2026-08-17T18:44:17+00:00
Aksaray,Sultanhanı,SULTANHANI,18117,2026-08-17T18:39:00.000Z,Az Bulutlu,18.5,18.5,67,357,16.56,900.7,1007.6,,,0,0,0,0,0,0,,,14.52,2026-08-17T18:44:17+00:00
Aksaray,Ortaköy,AKSARAY/ORTAKÖY,18118,2026-08-17T18:38:00.000Z,Az Bulutlu,19,19,54,189,1.8,885.2,1005.3,,,0,0,0,0,0,0,,,13.35,2026-08-17T18:44:17+00:00
Aksaray,Ağaçören,AĞAÇÖREN,18480,2026-08-17T18:39:00.000Z,Çok Bulutlu,20.1,20.1,50,56,6.48,,,,,0,0,0,0,0,0,,,13.79,2026-08-17T18:44:17+00:00
Aksaray,Eskil,ESKİL,18481,2026-08-17T18:39:00.000Z,Çok Bulutlu,19,19,69,180,25.92,,,,,0,0,0,0,0,0,,,15.23,2026-08-17T18:44:17+00:00
Aksaray,Gülağaç,GÜLAĞAÇ,18482,2026-08-17T18:39:00.000Z,Çok Bulutlu,16.9,16.9,75,105,3.24,,,,,0,1.48,0,0.54,1.48,1.48,,,13.97,2026-08-17T18:44:17+00:00
Aksaray,Sarıyahşi,SARIYAHŞİ,18483,2026-08-17T18:39:00.000Z,Parçalı Bulutlu,23,23,47,159,9.72,,,,,0,0,0,0,0,0,,,15.83,2026-08-17T18:44:17+00:00
Aksaray,Merkez,AKSARAY/BÜYÜKGÜVE KÖYÜ,18680,2026-08-17T18:39:00.000Z,Parçalı Bulutlu,17.4,17.4,82,,,,,,,0,0,0,0,0,0.09,,,15.27,2026-08-17T18:44:17+00:00
Aksaray,Merkez,AKSARAY/BORUCU KÖYÜ,18888,2026-08-17T18:39:00.000Z,Az Bulutlu,17.4,17.4,100,,,,,,,0,0,0,0,0,0,,,,2026-08-17T18:44:17+00:00
Aksaray,Merkez,AKSARAY/HASAN DAĞI,18889,2026-08-17T18:39:00.000Z,Parçalı Bulutlu,13.2,13.2,68,200,8.28,,,,,0,6.73,0,1.39,6.73,6.73,,,9.74,2026-08-17T18:44:17+00:00
Aksaray,Merkez,AKSARAY/YEŞİLTEPE KÖYÜ,19197,2026-08-17T17:52:00.000Z,Açık,20,20,60,,,,,,,,0.01,0,0.01,0.01,0.01,,,15.01,2026-08-17T18:44:17+00:00
Bayburt,Merkez,BAYBURT,17089,2026-08-17T18:39:00.000Z,Açık,14.5,14.5,88,0,0,840.9,1007.4,20000,0,0,2.2,0,2.1,2.1,3.7,,,13.13,2026-08-17T18:44:17+00:00
Bayburt,Demirözü,DEMİRÖZÜ,18219,2026-08-17T18:39:00.000Z,Çok Bulutlu,14.4,14.4,83,118,5.760000000000001,824.9,1008.1,,,0,0.3,0,0.3,0.3,1.1,,,12.48,2026-08-17T18:44:17+00:00
Bayburt,Aydıntepe,AYDINTEPE,18557,2026-08-17T18:39:00.000Z,Çok Bulutlu,15.3,15.3,81,304,6.84,,,11880,,0,4.32,0,4.09,4.09,6.72,,,13.13,2026-08-17T18:44:17+00:00
Bayburt,Demirözü,DEMİRÖZÜ/BEŞPINARKÖYÜ,18718,2026-08-17T18:39:00.000Z,Parçalı Bulutlu,13.9,13.9,87,,,,,,,0,1.95,0,1.74,1.74,3.56,,,12.43,2026-08-17T18:44:17+00:00
Bayburt,Merkez,BAYBURT/TAŞÇILAR KÖYÜ,18719,2026-08-17T18:39:00.000Z,Açık,14.2,14.2,79,,,,,,,0,5.65,0,0,5.5,6.84,,,11.85,2026-08-17T18:44:17+00:00
Bayburt,Aydıntepe,AYDINTEPE/KAVLATAN KÖYÜ,18733,2026-08-17T18:39:00.000Z,Çok Bulutlu,9.6,9.6,100,,,,,,,0,9.51,0,6.03,9.51,10.22,,,,2026-08-17T18:44:17+00:00
Bayburt,Merkez,BAYBURT/SANCAKTEPE KÖYÜ,19050,2026-08-17T18:39:00.000Z,Az Bulutlu,13.8,13.8,84,,,,,,,0,1.95,0,1.85,1.85,3.1,,,12.01,2026-08-17T18:44:17+00:00
Bayburt,Merkez,BAYBURT/YAYLALAR KÖYÜ,19051,2026-08-17T18:39:00.000Z,Açık,10.1,10.1,87,,,,,,,0,7.58,0,0,7.58,11.17,,,8.72,2026-08-17T18:44:17+00:00
Bayburt,Merkez,BAYBURT/ÜZENGİLİ KÖYÜ,19052,2026-08-17T18:39:00.000Z,Çok Bulutlu,12.8,12.8,92,,,,,,,0,8.44,0,5.09,5.09,9.63,,,11.89,2026-08-17T18:44:17+00:00
Bayburt,Merkez,BAYBURT/KEMERTAŞ,19234,2026-08-17T18:40:00.000Z,Çok Bulutlu,14.3,14.3,87,,,,,,,0,34.63,0,34.63,34.63,35.14,,,12.82,2026-08-17T18:44:17+00:00
Bayburt,Merkez,BAYBURT/BALLIKAYA KÖYÜ,19235,2026-08-17T18:39:00.000Z,Çok Bulutlu,15.6,15.6,85,,,,,,,0,0.69,0,0.69,0.69,2.28,,,13.87,2026-08-17T18:44:17+00:00
Bayburt,Merkez,BAYBURT/KOP KAYAK MERKEZİ,19236,2026-08-17T18:39:00.000Z,Az Bulutlu,11.7,11.7,82,163,5.760000000000001,,,,,0,0.4,0,0,0.3,2.3,,,9.77,2026-08-17T18:44:17+00:00
Karaman,Merkez,KARAMAN,17246,2026-08-17T18:39:00.000Z,Çok Bulutlu,18.4,18.4,75,136,1.4400000000000002,897.3,1006.5,20000,6,0,0,0,0,0,0,,,15.39,2026-08-17T18:44:17+00:00
Karaman,Ermenek,ERMENEK,18210,2026-08-17T18:39:00.000Z,Parçalı Bulutlu,17.8,17.8,54,304,1.4400000000000002,861.3,1007.2,,,0,7.9,0,0,7.9,7.9,,,12.3,2026-08-17T18:44:17+00:00
Karaman,Ayrancı,AYRANCI,18211,2026-08-17T18:39:00.000Z,Çok Bulutlu,19.3,19.3,63,153,16.2,881.8,,,,0,0,0,0,0,0,,,14.76,2026-08-17T18:44:17+00:00
Karaman,Kazımkarabekir,KAZIMKARABEKİR,18484,2026-08-17T18:39:00.000Z,Açık,18.5,18.5,67,180,7.2,,,,,0,0.08,0,0,0,0.08,,,14.52,2026-08-17T18:44:17+00:00
Karaman,Sarıveliler,SARIVELİLER,18485,2026-08-17T18:39:00.000Z,Açık,17.1,17.1,60,48,4.680000000000001,,,,,0,0.51,0,0,0.51,0.51,,,12.4,2026-08-17T18:44:17+00:00
Karaman,Başyayla,BAŞYAYLA,18890,2026-08-17T18:39:00.000Z,Açık,17.1,17.1,75,338,2.16,,,,,0,3.25,0,0,3.25,3.4,,,14.16,2026-08-17T18:44:17+00:00
Karaman,Merkez,KARAMAN/TAŞKALE BELDESİ,18891,2026-08-17T18:39:00.000Z,Az Bulutlu,14,14,72,0,0,847.5,1009.9,,,0.03,2.79,0.2,2.36,2.79,2.89,,,10.91,2026-08-17T18:44:17+00:00
Karaman,Ermenek,ERMENEK/BALKUSAN KÖYÜ,18892,2026-08-17T18:39:00.000Z,Açık,15.7,15.7,62,,,,,,,0,2.95,0,0,2.95,3.06,,,11.37,2026-08-17T18:44:17+00:00
Karaman,Ayrancı,AYRANCI/BERENDİ KÖYÜ,18893,2026-08-17T18:39:00.000Z,HHY,15.7,15.7,72,,,,,,,0,2.76,0.27,1.65,2.76,3.26,,,12.5,2026-08-17T18:44:17+00:00
Karaman,Merkez,KARAMAN RADAR SAHASI,19198,2026-08-17T18:39:00.000Z,Açık,12.7,12.7,68,310,17.64,,,,,0,0,0,0,0,0,,,9.27,2026-08-17T18:44:17+00:00
Karaman,Merkez,KARAMAN/BUCAKKIŞLA BELDESİ,19199,2026-08-17T18:39:00.000Z,Az Bulutlu,19.5,19.5,84,,,,,,,0,0,0,0,0,0,,,17.54,2026-08-17T18:44:17+00:00
Kırıkkale,Merkez,KIRIKKALE,17135,2026-08-17T18:39:00.000Z,Parçalı Bulutlu,23.7,23.7,52,75,7.920000000000001,924.9,1006.3,20000,4,0,0,0,0,0,0,,,17.18,2026-08-17T18:44:17+00:00
Kırıkkale,Keskin,KESKİN,17730,2026-08-17T18:39:00.000Z,Çok Bulutlu,20.1,20.1,58,49,18.36,881.4,1002.7,,,0,0,0,0,0,0,,,14.84,2026-08-17T18:44:17+00:00
Kırıkkale,Karakeçili,KARAKEÇİLİ,17735,2026-08-17T18:39:00.000Z,Parçalı Bulutlu,22.6,22.6,49,242,7.5600000000000005,919,1006.9,,,0,0,0,0,0,0,,,15.79,2026-08-17T18:44:17+00:00
Kırıkkale,Delice,DELİCE,18081,2026-08-17T18:39:00.000Z,Az Bulutlu,22.4,22.4,70,26,15.48,933.8,1007,,,0,0,0,0,0,0,,,18.52,2026-08-17T18:44:17+00:00
Kırıkkale,Çelebi,ÇELEBİ,18254,2026-08-17T18:39:00.000Z,Parçalı Bulutlu,20.2,20.2,53,356,19.08,,,20000,,0,0,0,0,0,0,,,14.27,2026-08-17T18:44:17+00:00
Kırıkkale,Sulakyurt,SULAKYURT,18255,2026-08-17T18:39:00.000Z,Parçalı Bulutlu,21.7,21.7,52,328,10.44,,,20000,,0,0,0,0,0,0,,,15.44,2026-08-17T18:44:17+00:00
Kırıkkale,Merkez,KIRIKKALE/HACILAR,18263,2026-08-17T18:39:00.000Z,Çok Bulutlu,23.3,23.3,58,345,12.24,,,,,0,0,0,0,0,0,,,17.69,2026-08-17T18:44:17+00:00
Kırıkkale,Balışeyh,BALIŞEYH,18264,2026-08-17T18:39:00.000Z,Parçalı Bulutlu,21.6,21.6,60,53,6.48,,,,,0,0,0,0,0,0,,,16.45,2026-08-17T18:44:17+00:00
Kırıkkale,Keskin,KESKİN/KASIMAĞA KÖYÜ,19020,2026-08-17T18:39:00.000Z,Parçalı Bulutlu,21.8,21.8,57,,,,,,,0,0,0,0,0,0,,,16.22,2026-08-17T18:44:17+00:00
Kırıkkale,Delice,DELİCE/TAŞYAZI,19022,2026-08-17T18:39:00.000Z,Az Bulutlu,18.6,18.6,77,30,28.8,,,,,0,0,0,0,0,0,,,15.82,2026-08-17T18:44:17+00:00
Kırıkkale,Yahşihan,YAHŞİHAN,19216,2026-08-17T18:39:00.000Z,Çok Bulutlu,24.3,24.3,51,8,3.6,,,,,0,0,0,0,0,0,,,17.55,2026-08-17T18:44:17+00:00
Kırıkkale,Yahşihan,YAHŞİHAN/KILIÇLAR KÖYÜ,19371,2026-08-17T18:39:00.000Z,Parçalı Bulutlu,23.6,23.6,49,,,,,,,0,0,0,0,0,0,,,16.64,2026-08-17T18:44:17+00:00
Batman,Merkez,BATMAN,17282,2026-08-17T18:39:00.000Z,Açık,26,26.1,40,154,2.52,938,1003,20000,0,0,0,0,0,0,0,,,17.2,2026-08-17T18:44:17+00:00
Batman,Merkez,BATMAN HAVALİMANI,17284,2026-08-17T18:17:00.000Z,Açık,24.1,24.1,49,41,0,944.7,1008.7,10000,0,,0,0,0,0,0,,,17.07,2026-08-17T18:44:17+00:00
Batman,Hasankeyf,HASANKEYF,18161,2026-08-17T18:39:00.000Z,Açık,30.9,30.9,29,314,6.48,939.5,988.5,,,0,0,0,0,0,0,,,18.82,2026-08-17T18:44:17+00:00
Batman,Sason,SASON,18162,2026-08-17T18:39:00.000Z,Açık,27.4,27.4,29,331,2.16,914.3,1002.6,,,0,0,0,0,0,0,,,16.2,2026-08-17T18:44:17+00:00
Batman,Beşiri,BEŞİRİ,18318,2026-08-17T18:39:00.000Z,Açık,28,28,33,234,10.44,,,,,0,0,0,0,0,0,,,17.48,2026-08-17T18:44:17+00:00
Batman,Gercüş,GERCÜŞ,18319,2026-08-17T18:39:00.000Z,Açık,25.7,25.7,35,52,2.8800000000000003,,,,,0,0,0,0,0,0,,,16.07,2026-08-17T18:44:17+00:00
Batman,Kozluk,KOZLUK,18320,2026-08-17T18:39:00.000Z,Açık,28.4,28.4,29,242,3.6,,,,,0,0,0,0,0,0,,,16.94,2026-08-17T18:44:17+00:00
Batman,Gercüş,GERCÜŞ/HİSAR BELDESİ,19097,2026-08-17T18:39:00.000Z,Açık,23.1,23.1,37,,,,,,,0,0,0,0,0,0,,,14.36,2026-08-17T18:44:17+00:00
Batman,Beşiri,BEŞİRİ/DEMİRDÖVEN KÖYÜ,19924,2026-08-17T18:38:00.000Z,Açık,30.1,30.1,24,300,7.920000000000001,,,,,0,0,0,0,0,0,,,17.02,2026-08-17T18:44:17+00:00
Şırnak,Merkez,ŞIRNAK,17287,2026-08-17T18:39:00.000Z,Açık,25.9,25.9,29,185,5.4,871.9,1004.4,20000,0,0,0,0,0,0,0,,,15.07,2026-08-17T18:44:17+00:00
Şırnak,Merkez,ŞIRNAK/JANDARMA HELİKOPTER PİSTİ,17919,2026-08-17T18:36:00.000Z,Açık,23.3,23.3,36,30,3.6,840.3,980.7,,,0,0,0,0,0,0,,,14.35,2026-08-17T18:44:17+00:00
Şırnak,Cizre,ŞIRNAK ŞERAFETTİN ELÇİ HAVALİMANI,17949,2026-08-17T18:20:00.000Z,Açık,28.7,28.7,26,130,11.879999999999999,937,1009,10000,0,,0,0,0,0,0,,,16.49,2026-08-17T18:44:17+00:00
Şırnak,Cizre,CİZRE,17950,2026-08-17T18:39:00.000Z,Açık,31.5,31.5,28,0,0,959.2,1001.9,48860,,0,0,0,0,0,0,,,19.03,2026-08-17T18:44:17+00:00
Şırnak,Uludere,ULUDERE,18175,2026-08-17T18:39:00.000Z,Açık,24.6,24.6,45,6,3.6,878.8,1002.2,,,0,0,0,0,0,0,,,16.87,2026-08-17T18:44:17+00:00
Şırnak,Güçlükonak,GÜÇLÜKONAK,18336,2026-08-17T18:39:00.000Z,Açık,29.3,29.3,19,296,8.64,,,,,0,0,0,0,0,0,,,15.15,2026-08-17T18:44:17+00:00
Şırnak,Beytüşşebap,BEYTÜŞŞEBAP,18342,2026-08-17T18:39:00.000Z,Açık,21.8,21.8,38,219,1.8,,,,,0,0,0,0,0,0,,,13.47,2026-08-17T18:44:17+00:00
Şırnak,İdil,İDİL,18343,2026-08-17T18:39:00.000Z,Açık,29.6,29.6,33,326,7.2,,,,,0,0,0,0,0,0,,,18.71,2026-08-17T18:44:17+00:00
Şırnak,Silopi,SİLOPİ,18344,2026-08-17T18:39:00.000Z,Açık,28.9,28.9,32,136,4.680000000000001,,,,,0,0,0,0,0,0,,,17.96,2026-08-17T18:44:17+00:00
Şırnak,Uludere,ULUDERE/GÜRVİLTEPE,18587,2026-08-17T18:39:00.000Z,Açık,21.1,21.1,30,265,4.680000000000001,804.5,1009.2,,,0,0,0,0,0,0,,,11.65,2026-08-17T18:44:17+00:00
Şırnak,Beytüşşebap,BEYTÜŞŞEBAP/BOĞAZÖREN KÖYÜ,18789,2026-08-17T18:39:00.000Z,Açık,18.8,18.8,52,,,,,,,0,0,0,0,0,0,,,12.92,2026-08-17T18:44:17+00:00
Şırnak,Silopi,SİLOPİ/GÖRÜMLÜ BELDESİ,19271,2026-08-17T18:39:00.000Z,Açık,28.1,28.1,33,351,11.16,,,,,0,0,0,0,0,0,,,17.55,2026-08-17T18:44:17+00:00
Bartın,Merkez,BARTIN,17020,2026-08-17T18:39:00.000Z,Açık,21.3,21.3,80,132,2.16,1006.9,1010.7,36320,,0,0,0,0,0,0,,,18.78,2026-08-17T18:44:17+00:00
Bartın,Amasra,AMASRA,17602,2026-08-17T18:40:00.000Z,Açık,19.1,19.1,,140,10.08,1002.7,1011.1,75000,,0,0,0,0,0,0,,,,2026-08-17T18:44:17+00:00
Bartın,Ulus,ULUS,17615,2026-08-17T18:39:00.000Z,Açık,18.5,18.5,76,73,2.8800000000000003,,,,,0,0,0,0,0,0,,,15.61,2026-08-17T18:44:17+00:00
Bartın,Kurucaşile,KURUCAŞİLE,18245,2026-08-17T18:39:00.000Z,Açık,19.7,19.7,90,183,3.24,,,,,0,0,0,0,0,0,,,18.47,2026-08-17T18:44:17+00:00
Bartın,Merkez,BARTIN/HASANKADI KÖYÜ,18692,2026-08-17T18:39:00.000Z,Açık,14.8,14.8,98,,,,,,,0,0,0,0,0,0.68,,,14.55,2026-08-17T18:44:17+00:00
Bartın,Merkez,BARTIN/KOZCAĞIZ BELDESİ,19007,2026-08-17T18:39:00.000Z,Açık,17.3,17.3,100,,,,,,,0,0,0,0,0,0,,,,2026-08-17T18:44:17+00:00
Bartın,Ulus,ULUS/CEYÜPLER KÖYÜ,19008,2026-08-17T18:39:00.000Z,Açık,16.4,16.4,87,,,,,,,0,0,0,0,0,0,,,14.88,2026-08-17T18:44:17+00:00
Bartın,Ulus,ULUS/ÇUBUKELİ KÖYÜ,19009,2026-08-17T18:39:00.000Z,Açık,15.4,15.4,98,,,,,,,0,0,0,0,0,0,,,15.15,2026-08-17T18:44:17+00:00
Bartın,Kurucaşile,KURUCAŞİLE/İLYASGEÇİDİ,19207,2026-08-17T18:39:00.000Z,Açık,17.1,17.1,97,,,,,,,0,0,0,0,0,0,,,16.74,2026-08-17T18:44:17+00:00
Ardahan,Merkez,ARDAHAN,17046,2026-08-17T18:39:00.000Z,Çok Bulutlu,14.5,14.5,91,356,7.2,818.7,1006.8,20000,6,0,0,0,0,0,0.1,,,13.46,2026-08-17T18:44:17+00:00
Ardahan,Posof,POSOF,18236,2026-08-17T18:39:00.000Z,Parçalı Bulutlu,14.7,14.7,98,226,1.8,862.9,1009.9,,,0,0.2,0,0,0.2,0.4,,,14.45,2026-08-17T18:44:17+00:00
Ardahan,Çıldır,ÇILDIR,18376,2026-08-17T18:39:00.000Z,Az Bulutlu,12,12,,253,4.32,,,,,0,3.54,0,3.54,3.54,3.54,,,,2026-08-17T18:44:17+00:00
Ardahan,Damal,DAMAL,18377,2026-08-17T18:39:00.000Z,Az Bulutlu,10.9,10.9,86,39,9.360000000000001,,,,,0,0,0,0,0,0.43,,,9.4,2026-08-17T18:44:17+00:00
Ardahan,Göle,GÖLE,18378,2026-08-17T18:39:00.000Z,Parçalı Bulutlu,13,13,97,261,5.04,800.1,1004.3,,,0,0,0,0,0,0,,,12.63,2026-08-17T18:44:17+00:00
Ardahan,Hanak,HANAK,18379,2026-08-17T18:39:00.000Z,Az Bulutlu,12.8,12.8,87,296,8.64,,,,,0,5.35,0,0,5.35,5.56,,,11.36,2026-08-17T18:44:17+00:00
Ardahan,Göle,GÖLE/YAVUZLAR KÖYÜ,19068,2026-08-17T18:39:00.000Z,Çok Bulutlu,14,14,89,,,,,,,0,0,0,0,0,0,,,12.75,2026-08-17T18:44:17+00:00
Ardahan,Göle,GÖLE/ÇULLU KÖYÜ,19069,2026-08-17T18:39:00.000Z,Parçalı Bulutlu,12,12,90,,,,,,,0,0.2,0.2,0.2,0.2,0.2,,,10.89,2026-08-17T18:44:17+00:00
Iğdır,Merkez,IĞDIR,17100,2026-08-17T18:38:00.000Z,Açık,25.2,26.2,56,342,9.360000000000001,911.5,1002.4,20000,0,0,0,0,0,0,0,,,19.09,2026-08-17T18:44:17+00:00
Iğdır,Merkez,IĞDIR ŞEHİT BÜLENT AYDIN HAVALİMANI,17763,2026-08-17T18:18:00.000Z,Az Bulutlu,25.3,26.2,54,344,25.92,902.3,1010.9,10000,2,,0,0,0,0,0,,,18.87,2026-08-17T18:44:17+00:00
Iğdır,Aralık,ARALIK,18195,2026-08-17T18:39:00.000Z,Açık,26.6,27.1,49,248,7.920000000000001,913.2,1000.6,,,0,0,0,0,0,0,,,19.21,2026-08-17T18:44:17+00:00
Iğdır,Karakoyunlu,KARAKOYUNLU,18371,2026-08-17T18:39:00.000Z,Açık,24,24,71,298,7.5600000000000005,,,,,0,0,0,0,0,0,,,20.14,2026-08-17T18:44:17+00:00
Iğdır,Tuzluca,TUZLUCA,18372,2026-08-17T18:39:00.000Z,Açık,23.7,23.7,72,351,0,,,,,0,0.21,0,0,0,0.31,,,20.0,2026-08-17T18:44:17+00:00
Iğdır,Merkez,IĞDIR ÜNİVERSİTESİ,19903,2026-08-17T18:38:00.000Z,Açık,24.4,24.4,33,178,10.8,,,,,0,0,0,0,0,0,,,14.69,2026-08-17T18:44:17+00:00
Yalova,Merkez,YALOVA,17119,2026-08-17T18:39:00.000Z,Açık,24.4,24.4,65,83,8.64,1010.1,1010.6,12000,0,0,0,0,0,0,0,,,19.68,2026-08-17T18:44:17+00:00
Yalova,Çiftlikköy,YALOVA HAVALİMANI,17122,2026-08-17T18:16:00.000Z,Açık,23.3,23.3,71,41,14.4,,,2100,,,0,0,0,0,0,,,19.49,2026-08-17T18:44:17+00:00
Yalova,Çınarcık,ÇINARCIK,17658,2026-08-17T18:40:00.000Z,Açık,23.5,23.5,74,163,4.680000000000001,1009,1010.8,,,0,0,0,0,0,0,,,20.08,2026-08-17T18:44:17+00:00
Yalova,Altınova,ALTINOVA,18109,2026-08-17T18:38:00.000Z,Açık,23.3,23.3,77,76,7.5600000000000005,1011.5,1011.6,,,0,0,0,0,0,0,,,20.3,2026-08-17T18:44:17+00:00
Yalova,Armutlu,ARMUTLU,18110,2026-08-17T18:38:00.000Z,Açık,24.1,24.1,71,350,9.360000000000001,999.4,1010.9,,,0,0,0,0,0,0,,,20.24,2026-08-17T18:44:17+00:00
Yalova,Termal,TERMAL,18424,2026-08-17T18:39:00.000Z,Açık,22.9,22.9,80,154,1.08,,,,,0,0,0,0,0,0,,,20.31,2026-08-17T18:44:17+00:00
Yalova,Çiftlikköy,ÇİFTLİKKÖY/SUGÖREN RADAR MEVKİ,18807,2026-08-17T18:39:00.000Z,Açık,15.5,15.5,96,,,,,,,0,0,0,0,0,0,,,15.02,2026-08-17T18:44:17+00:00
Yalova,Merkez,YALOVA ARAŞTIRMA,18948,2026-08-17T18:39:00.000Z,Açık,23.9,23.9,67,85,5.760000000000001,,,,,0,0,0,0,0,0,,,19.5,2026-08-17T18:44:17+00:00
Yalova,Altınova,ALTINOVA/AKTOPRAK KÖYÜ,19123,2026-08-17T18:39:00.000Z,Açık,18.6,18.6,83,,,,,,,0,0,0,0,0,0,,,16.55,2026-08-17T18:44:17+00:00
Karabük,Merkez,KARABÜK KAPULLU,17077,2026-08-17T18:40:00.000Z,Parçalı Bulutlu,19.8,19.8,82,210,1.8,956.4,1010.4,20000,3,0,0.2,0,0,0.2,0.9,,,17.58,2026-08-17T18:44:17+00:00
Karabük,Merkez,KARABÜK,17078,2026-08-17T18:38:00.000Z,Açık,22.5,22.5,78,19,3.6,,,45420,,0,0,0,0,0,0,,,19.67,2026-08-17T18:44:17+00:00
Karabük,Eskipazar,ESKİPAZAR,17641,2026-08-17T18:39:00.000Z,Açık,12.1,12.1,100,14,2.52,,,,,0,3.6,0,2.8,3.6,3.6,,,,2026-08-17T18:44:17+00:00
Karabük,Safranbolu,SAFRANBOLU/OVACUMA BELDESİ,17719,2026-08-17T18:39:00.000Z,Açık,17.6,17.6,86,131,1.4400000000000002,,,,,0,0,0,0,0,0,,,15.93,2026-08-17T18:44:17+00:00
Karabük,Safranbolu,SAFRANBOLU,17904,2026-08-17T18:40:00.000Z,Açık,19.4,19.4,77,252,0.7200000000000001,945.3,1009.5,,,0,0,0,0,0,0.5,,,16.58,2026-08-17T18:44:17+00:00
Karabük,Eflani,EFLANİ,18159,2026-08-17T18:39:00.000Z,Açık,15.6,15.6,82,148,1.4400000000000002,908.2,1011.3,,,0,0.3,0,0,0.3,0.3,,,13.53,2026-08-17T18:44:17+00:00
Karabük,Eskipazar,KARABÜK/KARATEPE,18261,2026-08-17T18:39:00.000Z,Açık,12.7,12.7,89,334,7.5600000000000005,845,1008.6,,,0,0,0,0,0,0,,,11.47,2026-08-17T18:44:17+00:00
Karabük,Yenice,KARABÜK/YENİCE,18262,2026-08-17T18:39:00.000Z,Açık,19.7,19.7,71,151,4.32,,,,,0,0,0,0,0,0,,,16.13,2026-08-17T18:44:17+00:00
Karabük,Ovacık,KARABÜK/OVACIK,18266,2026-08-17T18:39:00.000Z,Açık,14.3,14.3,96,217,3.9600000000000004,,,,,0,7.12,0,6.07,7.12,7.23,,,13.82,2026-08-17T18:44:17+00:00
Karabük,Safranbolu,SAFRANBOLU ORMAN SAHASI,19010,2026-08-17T18:39:00.000Z,Açık,14.6,14.6,86,182,1.8,,,,,0,0,0,0,0,0.34,,,13.01,2026-08-17T18:44:17+00:00
Karabük,Safranbolu,SAFRANBOLU/TOPRAKCUMA KÖYÜ,19018,2026-08-17T18:39:00.000Z,Açık,17.5,17.5,98,,,,,,,0,3.6,0,2.44,3.6,3.79,,,17.25,2026-08-17T18:44:17+00:00
Karabük,Eflani,EFLANİ/GÖLLER KÖYÜ,19019,2026-08-17T18:39:00.000Z,Açık,14.6,14.6,100,,,,,,,0,0,0,0,0,0.07,,,,2026-08-17T18:44:17+00:00
Karabük,Merkez,KARABÜK/KELTEPE KAYAK MERKEZİ,19215,2026-08-17T18:39:00.000Z,Az Bulutlu,12.6,12.6,92,,,,,,,0,0,0,0,0,0,,,11.69,2026-08-17T18:44:17+00:00
Kilis,Merkez,KİLİS,17262,2026-08-17T18:39:00.000Z,Açık,23.7,23.7,60,259,11.16,936.9,1006,20000,0,0,0,0,0,0,0,,,18.33,2026-08-17T18:44:17+00:00
Kilis,Musabeyli,MUSABEYLİ,18154,2026-08-17T18:39:00.000Z,Açık,23.8,23.8,54,206,6.48,925.9,1005.3,,,0,0,0,0,0,0,,,17.56,2026-08-17T18:44:17+00:00
Kilis,Elbeyli,ELBEYLİ,18155,2026-08-17T18:39:00.000Z,Açık,23.9,23.9,48,287,4.32,950.6,1005.6,,,0,0,0,0,0,0,,,16.75,2026-08-17T18:44:17+00:00
Kilis,Polateli,POLATELİ,18283,2026-08-17T18:39:00.000Z,Açık,21.6,21.6,,273,0,,,,,0,2.65,0,0.82,2.65,2.65,,,,2026-08-17T18:44:17+00:00
Kilis,Merkez,KİLİS/MISIRCIK KÖYÜ,18869,2026-08-17T18:39:00.000Z,Açık,23.8,23.8,65,,,,,,,0,0,0,0,0,0,,,19.13,2026-08-17T18:44:17+00:00
Kilis,Merkez,KİLİS/RESUL OSMAN DAĞI,18971,2026-08-17T18:39:00.000Z,Açık,20.9,20.9,67,256,19.44,,,,,0,0,0,0,0,0,,,16.73,2026-08-17T18:44:17+00:00
Osmaniye,Merkez,OSMANİYE,17355,2026-08-17T18:39:00.000Z,Parçalı Bulutlu,26.9,29.7,76,257,3.9600000000000004,997.2,1007.7,20000,4,0,0,0,0,0,0,,,23.58,2026-08-17T18:44:17+00:00
Osmaniye,Kadirli,KADİRLİ,17907,2026-08-17T18:39:00.000Z,Az Bulutlu,25.2,26.9,71,0,0,998.8,1008.5,,,0,0,0,0,0,0,,,21.27,2026-08-17T18:44:17+00:00
Osmaniye,Bahçe,BAHÇE,18063,2026-08-17T18:38:00.000Z,Az Bulutlu,23.8,23.8,74,188,2.8800000000000003,943.9,1009.7,,,0,0,0,0,0,0,,,20.37,2026-08-17T18:44:17+00:00
Osmaniye,Düziçi,DÜZİÇİ,18064,2026-08-17T18:39:00.000Z,HHY,20.5,20.5,78,39,3.9600000000000004,976.3,1008,,,1.3,5.2,2.1,5.2,5.2,5.2,,,17.76,2026-08-17T18:44:17+00:00
Osmaniye,Hasanbeyli,HASANBEYLİ,18289,2026-08-17T18:39:00.000Z,Az Bulutlu,20.1,20.1,86,336,12.6,,,,,0,0,0,0,0,0,,,18.37,2026-08-17T18:44:17+00:00
Osmaniye,Toprakkale,TOPRAKKALE,18290,2026-08-17T18:39:00.000Z,Açık,26.2,28.8,79,58,2.52,,,,,0,0,0,0,0,0,,,23.34,2026-08-17T18:44:17+00:00
Osmaniye,Kadirli,KADİRLİ/KARATEPE KÖYÜ,18872,2026-08-17T18:39:00.000Z,HHY,20.7,20.7,87,,,,,,,4.17,5.4,4.67,5.4,5.4,5.4,,,19.08,2026-08-17T18:44:17+00:00
Osmaniye,Sumbas,SUMBAS,19184,2026-08-17T18:39:00.000Z,Parçalı Bulutlu,20.9,20.9,97,360,10.08,,,18718,,0,0,0,0,0,0,,,20.54,2026-08-17T18:44:17+00:00
Düzce,Akçakoca,AKÇAKOCA,17015,2026-08-17T18:39:00.000Z,Açık,20.1,20.1,100,153,3.9600000000000004,1009.3,1010.5,20000,0,0,0,0,0,0,0,,21,,2026-08-17T18:44:17+00:00
Düzce,Merkez,DÜZCE,17072,2026-08-17T18:39:00.000Z,Açık,21.8,21.8,79,0,0,994.7,1011.3,20000,0,0,0,0,0,0,0,,,19.13,2026-08-17T18:44:17+00:00
Düzce,Gölyaka,GÖLYAKA,18259,2026-08-17T18:39:00.000Z,Açık,20.2,20.2,89,310,2.16,,,,,0,0,0,0,0,0,,,18.84,2026-08-17T18:44:17+00:00
Düzce,Yığılca,YIĞILCA,18260,2026-08-17T18:39:00.000Z,Açık,17.4,17.4,77,92,6.84,,,,,0,0,0,0,0,0,,,14.68,2026-08-17T18:44:17+00:00
Düzce,Yığılca,YIĞILCA/YOĞUNPELİT KÖYÜ,19017,2026-08-17T18:39:00.000Z,Açık,17.3,17.3,85,,,,,,,0,0,0,0,0,0,,,15.52,2026-08-17T18:44:17+00:00
Düzce,Cumayeri,CUMAYERİ,19212,2026-08-17T18:39:00.000Z,Açık,19.7,19.7,87,262,2.8800000000000003,,,,,0,0,0,0,0,0,,,18.1,2026-08-17T18:44:17+00:00
Düzce,Kaynaşlı,KAYNAŞLI,19214,2026-08-17T18:39:00.000Z,Parçalı Bulutlu,20.6,20.6,85,62,3.6,,,20070,,0,0,0,0,0,0,,,18.73,2026-08-17T18:44:17+00:00
Düzce,Gümüşova,GÜMÜŞOVA,19376,2026-08-17T18:38:00.000Z,Açık,21,21,77,335,5.760000000000001,,,23470,,0,0,0,0,0,0,,,18.11,2026-08-17T18:44:17+00:00
