il,ilce,istasyon,istNo,veriZamani_UTC,hadise,sicaklik_C,hissedilenSicaklik_C,nem_%,ruzgarYonu_derece,ruzgarHiz_kmh,aktuelBasinc_hPa,denizeIndirgenmisBasinc_hPa,gorus_m,kapalilik_okta,yagis10dk_mm,yagis00danSuana_mm,yagis1saat_mm,yagis6saat_mm,yagis12saat_mm,yagis24saat_mm,karYukseklik_cm,denizSicaklik_C,islakTermometreSicakligi_C,calismaZamani_UTC
Adana,Yüreğir,ADANA BÖLGE,17351,2026-09-27T13:44:00.000Z,Az Bulutlu,28.1,29.5,56,179,12.96,1007.3,1009.9,48730,,0,0,0,0,0,0,,,21.65,2026-09-27T14:04:34+00:00
Adana,Seyhan,ADANA ŞAKİRPAŞA HAVALİMANI,17352,2026-09-27T13:10:00.000Z,Parçalı Bulutlu,28.6,30.3,57,206,21.96,1008.2,1010.1,10000,4,,0,0,0,0,0,,,22.26,2026-09-27T14:04:34+00:00
Adana,Ceyhan,CEYHAN TİGEM,17649,2026-09-27T13:45:00.000Z,Açık,28.9,31.1,60,203,33.480000000000004,1005.6,1009.7,,,0,0,0,0,0,0,,,23.01,2026-09-27T14:04:34+00:00
Adana,Kozan,KOZAN,17908,2026-09-27T13:44:00.000Z,Çok Bulutlu,26.6,29,74,221,1.08,996.8,1009.5,,,0,0,0,0,0,0,,,23.01,2026-09-27T14:04:34+00:00
Adana,Pozantı,POZANTI,17934,2026-09-27T13:44:00.000Z,Çok Bulutlu,21.7,21.7,58,217,8.64,892.5,1009.6,,,0,0,0,0,0,0,,,16.27,2026-09-27T14:04:34+00:00
Adana,Karaisalı,KARAİSALI,17936,2026-09-27T13:44:00.000Z,Çok Bulutlu,27.3,28.4,56,192,4.32,982.8,1010,,,0,0,0,0,0,0,,,20.94,2026-09-27T14:04:34+00:00
Adana,Ceyhan,CEYHAN,17960,2026-09-27T13:44:00.000Z,Az Bulutlu,28.3,29.1,50,190,10.08,1006.8,1010.2,,,0,0,0,0,0,0,,,20.84,2026-09-27T14:04:34+00:00
Adana,Yumurtalık,YUMURTALIK,17979,2026-09-27T13:44:00.000Z,Çok Bulutlu,27.4,28.6,57,235,6.12,1007.1,1011,,,0,0,0,0,0,0,,,21.19,2026-09-27T14:04:34+00:00
Adana,Karataş,KARATAŞ,17981,2026-09-27T13:44:00.000Z,-9999,27.8,28.7,52,191,11.16,1008.2,1010.7,,,0,0,0,0,0,0,,,20.74,2026-09-27T14:04:34+00:00
Adana,Tufanbeyli,TUFANBEYLİ,18053,2026-09-27T13:43:00.000Z,Az Bulutlu,22.7,22.7,49,231,10.8,857.6,1009.1,,,0,0,0,0,0,0,,,15.87,2026-09-27T14:04:34+00:00
Adana,Yüreğir,YÜREĞİR/ÇUKUROVA TARIM ARŞ. (TAGEM),18054,2026-09-27T13:44:00.000Z,Az Bulutlu,28.2,29.8,58,221,19.44,1010.8,1012.2,,,0,5.7,0,5.7,5.7,5.7,,,22.06,2026-09-27T14:04:34+00:00
Adana,İmamoğlu,İMAMOĞLU,18055,2026-09-27T13:44:00.000Z,Parçalı Bulutlu,28.5,31,64,356,16.56,999.3,1009.5,,,0,0.7,0.2,0.7,0.7,0.7,,,23.28,2026-09-27T14:04:34+00:00
Adana,Saimbeyli,SAİMBEYLİ,18056,2026-09-27T13:44:00.000Z,Çok Bulutlu,23,23,54,240,24.48,894.5,1008.5,,,0,0,0,0,0,0,,,16.86,2026-09-27T14:04:34+00:00
Adana,Aladağ,ALADAĞ,18258,2026-09-27T13:44:00.000Z,Parçalı Bulutlu,23.6,23.6,61,124,9,,,,,0,0,0,0,0,0,,,18.39,2026-09-27T14:04:34+00:00
Adana,Çukurova,ÇUKUROVA,18268,2026-09-27T13:44:00.000Z,Çok Bulutlu,27.9,29.9,63,210,16.92,,,,,0,0,0,0,0,0,,,22.58,2026-09-27T14:04:34+00:00
Adana,Feke,FEKE,18269,2026-09-27T13:44:00.000Z,Çok Bulutlu,25.3,25.9,46,260,7.5600000000000005,,,,,0,0,0,0,0,0,,,17.62,2026-09-27T14:04:34+00:00
Adana,Sarıçam,SARIÇAM,18270,2026-09-27T13:44:00.000Z,Az Bulutlu,28.7,31.1,62,189,19.44,,,,,0,0,0,0,0,0,,,23.14,2026-09-27T14:04:34+00:00
Adana,Tufanbeyli,TUFANBEYLİ/EVCİ KÖYÜ,18643,2026-09-27T13:44:00.000Z,Parçalı Bulutlu,18.4,18.4,62,,,,,,,0,0.06,0,0,0.06,0.06,,,13.82,2026-09-27T14:04:34+00:00
Adana,Saimbeyli,SAİMBEYLİ/HALİLBEYLİ KÖYÜ,18644,2026-09-27T13:44:00.000Z,Parçalı Bulutlu,20.1,20.1,57,,,,,,,0,0,0,0,0,0,,,14.71,2026-09-27T14:04:34+00:00
Adana,Sarıçam,SARIÇAM/YAĞIZLAR GÖLETİ,18859,2026-09-27T13:44:00.000Z,Az Bulutlu,28.1,30.4,65,,,,,,,0,0,0,0,0,0,,,23.07,2026-09-27T14:04:34+00:00
Adana,Sarıçam,SARIÇAM/HACI SABANCI OSB,18860,2026-09-27T13:44:00.000Z,Az Bulutlu,27.5,29.9,69,124,19.08,,,,,0,1.28,0,1.28,1.28,1.28,,,23.12,2026-09-27T14:04:34+00:00
Adana,Kozan,KOZAN/ACARYAYLA ORMAN SAHASI,18861,2026-09-27T13:44:00.000Z,Çok Bulutlu,26,27.9,72,282,1.4400000000000002,,,,,0,0,0,0,0,0,,,22.16,2026-09-27T14:04:34+00:00
Adana,Pozantı,POZANTI/AKÇATEKİR,18862,2026-09-27T13:44:00.000Z,Çok Bulutlu,21,21,67,,,,,,,0,0,0,0,0,0,,,16.82,2026-09-27T14:04:34+00:00
Adana,Feke,FEKE/MANSURLU ORMAN SAHASI,18863,2026-09-27T13:44:00.000Z,Parçalı Bulutlu,20.4,20.4,70,201,9.360000000000001,,,,,0,0,0,0,0,0,,,16.65,2026-09-27T14:04:34+00:00
Adana,Karaisalı,KARAİSALI/SADIKALİ KÖYÜ(ÇATALAN BARAJI),19173,2026-09-27T13:44:00.000Z,Az Bulutlu,28.1,29.5,56,,,,,,,0,0,0,0,0,0,,,21.65,2026-09-27T14:04:34+00:00
Adana,Tufanbeyli,TUFANBEYLİ/GEZBELİ GEÇİDİ,19174,2026-09-27T13:44:00.000Z,Parçalı Bulutlu,16.7,16.7,76,,,,,,,0,0,0,0,0,0,,,13.9,2026-09-27T14:04:34+00:00
Adana,Karataş,KARATAŞ/KONAKLI KÖYÜ,19183,2026-09-27T13:44:00.000Z,Açık,27.5,30.4,73,,,,,,,0,8.77,0,8.66,8.77,8.77,,,23.71,2026-09-27T14:04:34+00:00
Adıyaman,Merkez,ADIYAMAN,17265,2026-09-27T13:44:00.000Z,Parçalı Bulutlu,32,32,26,163,6.12,933.1,1005.6,46240,,0,0,0,0,0,0,,,18.9,2026-09-27T14:04:34+00:00
Adıyaman,Merkez,ADIYAMAN HAVALİMANI,17266,2026-09-27T13:23:00.000Z,Parçalı Bulutlu,32.4,32.4,27,220,21.6,932.5,1010.8,10000,4,,0,0,0,0,0,,,19.44,2026-09-27T14:04:34+00:00
Adıyaman,Gölbaşı,GÖLBAŞI,17871,2026-09-27T13:44:00.000Z,Çok Bulutlu,29,29,35,209,8.64,908.6,1006,31540,,0,0,0,0,0,0,,,18.66,2026-09-27T14:04:34+00:00
Adıyaman,Kahta,KAHTA,17910,2026-09-27T13:44:00.000Z,Az Bulutlu,32,32,27,223,7.5600000000000005,927.2,1004.9,34200,,0,0,0,0,0,0,,,19.15,2026-09-27T14:04:34+00:00
Adıyaman,Çelikhan,ÇELİKHAN,18180,2026-09-27T13:44:00.000Z,Parçalı Bulutlu,24.8,24.8,32,230,16.2,858,1002.4,,,0,0,0,0,0,0,,,14.82,2026-09-27T14:04:34+00:00
Adıyaman,Besni,BESNİ,18181,2026-09-27T13:44:00.000Z,Parçalı Bulutlu,27,27,33,177,23.040000000000003,888.5,1003.8,,,0,0,0,0,0,0,,,16.7,2026-09-27T14:04:34+00:00
Adıyaman,Gerger,GERGER,18182,2026-09-27T13:44:00.000Z,Parçalı Bulutlu,31,31,25,236,14.4,917.7,1005.7,,,0,0,0,0,0,0,,,17.92,2026-09-27T14:04:34+00:00
Adıyaman,Merkez,ADIYAMAN ÜNİVERSİTESİ,18341,2026-09-27T13:44:00.000Z,Parçalı Bulutlu,31,31,28,176,14.04,929.8,1005.5,,,0,0,0,0,0,0,,,18.65,2026-09-27T14:04:34+00:00
Adıyaman,Samsat,SAMSAT,18345,2026-09-27T13:44:00.000Z,Az Bulutlu,32.8,32.8,32,213,12.24,,,,,0,0,0,0,0,0,,,20.96,2026-09-27T14:04:34+00:00
Adıyaman,Sincik,SİNCİK,18346,2026-09-27T13:44:00.000Z,Parçalı Bulutlu,26.5,26.5,27,223,9.72,,,,,0,0,0,0,0,0,,,15.11,2026-09-27T14:04:34+00:00
Adıyaman,Tut,TUT,18347,2026-09-27T13:44:00.000Z,Parçalı Bulutlu,27.9,27.9,31,185,14.4,,,,,0,0,0,0,0,0,,,16.99,2026-09-27T14:04:34+00:00
Adıyaman,Çelikhan,ÇELİKHAN/PINARBAŞI,18762,2026-09-27T13:44:00.000Z,Parçalı Bulutlu,22.3,22.3,44,,,,,,,0,0,0,0,0,0,,,14.8,2026-09-27T14:04:34+00:00
Adıyaman,Çelikhan,ÇELİKHAN/ÇAT BARAJI,18949,2026-09-27T13:44:00.000Z,Parçalı Bulutlu,24.3,24.3,35,97,5.04,,,,,0,0,0,0,0,0,,,14.97,2026-09-27T14:04:34+00:00
Adıyaman,Besni,BESNİ/KIZILKAYA KÖYÜ,19078,2026-09-27T13:44:00.000Z,Açık,32.8,32.8,28,,,,,,,0,0,0,0,0,0,,,19.99,2026-09-27T14:04:34+00:00
Adıyaman,Çelikhan,ÇELİKHAN/YEŞİLTEPE KÖYÜ,19079,2026-09-27T13:44:00.000Z,Az Bulutlu,27.7,27.7,34,,,,,,,0,0,0,0,0,0,,,17.44,2026-09-27T14:04:34+00:00
Adıyaman,Gölbaşı,GÖLBAŞI ORMAN SAHASI,19080,2026-09-27T13:44:00.000Z,Az Bulutlu,27.7,28.1,47,247,24.840000000000003,,,,,0,0,0,0,0,0,,,19.81,2026-09-27T14:04:34+00:00
Adıyaman,Besni,BESNİ/SAMBAYAT,19257,2026-09-27T13:44:00.000Z,Parçalı Bulutlu,32.3,32.3,27,,,,,,,0,0,0,0,0,0,,,19.37,2026-09-27T14:04:34+00:00
Adıyaman,Kahta,KAHTA/NEMRUT DAĞI MİLLİ PARKI,19258,2026-09-27T13:22:00.000Z,Parçalı Bulutlu,22.8,22.8,45,,,,,,,,0,0,0,0,0,,,15.37,2026-09-27T14:04:34+00:00
Afyonkarahisar,Merkez,AFYONKARAHİSAR HAVALİMANI,17189,2026-09-27T13:11:00.000Z,Çok Bulutlu,18.8,18.8,51,33,10.44,900.2,1014.5,2100,,,0,0,0,0,0,,,12.8,2026-09-27T14:04:34+00:00
Afyonkarahisar,Merkez,AFYONKARAHİSAR BÖLGE,17190,2026-09-27T13:49:00.000Z,Çok Bulutlu,16.9,16.9,74,122,3.24,896.6,1010.5,20000,7,1.57,1.97,1.97,1.97,1.97,1.97,,,13.86,2026-09-27T14:04:34+00:00
Afyonkarahisar,Emirdağ,EMİRDAĞ,17752,2026-09-27T13:49:00.000Z,Çok Bulutlu,19.3,19.3,52,320,10.08,902.1,1011.5,48720,,0,0.3,0,0,0.3,0.3,,,13.36,2026-09-27T14:04:34+00:00
Afyonkarahisar,Bayat,BAYAT,17753,2026-09-27T13:49:00.000Z,Çok Bulutlu,17.9,17.9,55,357,9.72,890.5,1012.4,46230,,0,0.2,0,0,0.2,0.2,,,12.51,2026-09-27T14:04:34+00:00
Afyonkarahisar,Çobanlar,ÇOBANLAR,17791,2026-09-27T13:49:00.000Z,HHY,16.3,16.3,82,282,7.920000000000001,900.2,1010.1,,,0.6,0.8,0.8,0.8,0.8,0.8,,,14.21,2026-09-27T14:04:34+00:00
Afyonkarahisar,Çay,ÇAY,17793,2026-09-27T13:50:00.000Z,Çok Bulutlu,18.9,18.9,59,0,0,,,,,0,1,0,0.2,1,1,,,13.9,2026-09-27T14:04:34+00:00
Afyonkarahisar,Bolvadin,BOLVADİN,17796,2026-09-27T13:49:00.000Z,Çok Bulutlu,19,19,55,329,8.64,897.3,1009.5,37630,,0,1,0,0,1,1,,,13.48,2026-09-27T14:04:34+00:00
Afyonkarahisar,Sultandağı,SULTANDAĞI/YAKASENEK,17823,2026-09-27T13:49:00.000Z,Çok Bulutlu,18.7,18.7,57,57,7.2,,,,,0,0,0,0,0,0,,,13.47,2026-09-27T14:04:34+00:00
Afyonkarahisar,Şuhut,ŞUHUT,17829,2026-09-27T13:49:00.000Z,Hafif Yağmurlu,14.5,14.5,82,315,5.4,,,13770,,0.4,0.8,0.8,0.8,0.8,0.8,,,12.47,2026-09-27T14:04:34+00:00
Afyonkarahisar,Merkez,AFYONKARAHİSAR KOCATEPE ÜNİVERSİTESİ,17839,2026-09-27T13:50:00.000Z,HHY,17.6,17.6,72,65,1.08,898.3,1010.5,,,1,1,1,1,1,1,,,14.28,2026-09-27T14:04:34+00:00
Afyonkarahisar,Dinar,DİNAR,17862,2026-09-27T13:50:00.000Z,Hafif Yağmurlu,13.7,13.7,93,10,3.9600000000000004,915.5,1011.3,6620,,2.4,9.4,6.4,9.4,9.4,9.4,,,12.89,2026-09-27T14:04:34+00:00
Afyonkarahisar,Şuhut,ŞUHUT/KARAADİLLİ,17869,2026-09-27T13:48:00.000Z,HHY,13.4,13.4,89,259,21.6,891.6,1011.4,,,6,7.8,7.8,7.8,7.8,7.8,,,12.16,2026-09-27T14:04:34+00:00
Afyonkarahisar,Sandıklı,SANDIKLI,18002,2026-09-27T13:48:00.000Z,HHY,13.2,13.2,93,273,6.12,897.5,1012.3,,,1.1,3.1,1.8,3.1,3.1,3.1,,,12.4,2026-09-27T14:04:34+00:00
Afyonkarahisar,Sinanpaşa,SİNANPAŞA,18003,2026-09-27T13:48:00.000Z,HHY,13,13,86,269,18.36,882.7,1011.2,,,0.1,1.2,0.3,0.3,1.2,1.2,,,11.45,2026-09-27T14:04:34+00:00
Afyonkarahisar,İscehisar,İSCEHİSAR,18004,2026-09-27T13:49:00.000Z,Çok Bulutlu,17.3,17.3,57,83,2.16,887.1,1010.5,,,0,0,0,0,0,0,,,12.23,2026-09-27T14:04:34+00:00
Afyonkarahisar,İhsaniye,İHSANİYE,18005,2026-09-27T13:49:00.000Z,Çok Bulutlu,16.1,16.1,65,3,29.52,892.3,1011.4,,,0,0,0,0,0,0,,,12.08,2026-09-27T14:04:34+00:00
Afyonkarahisar,Sultandağı,SULTANDAĞI,18006,2026-09-27T13:48:00.000Z,Çok Bulutlu,18.4,18.4,60,214,8.64,894.8,1011,,,0,0,0,0,0,0,,,13.57,2026-09-27T14:04:34+00:00
Afyonkarahisar,Evciler,EVCİLER,18007,2026-09-27T13:49:00.000Z,HHY,12.9,12.9,,59,4.32,912.1,1011.2,,,2,8.8,5.2,8.8,8.8,8.8,,,,2026-09-27T14:04:34+00:00
Afyonkarahisar,Dazkırı,DAZKIRI,18037,2026-09-27T13:49:00.000Z,HHY,13.4,13.4,,75,8.28,912.1,1012.4,,,1.2,10.1,4,10.1,10.1,10.1,,,,2026-09-27T14:04:34+00:00
Afyonkarahisar,Başmakçı,BAŞMAKÇI,18291,2026-09-27T13:49:00.000Z,HHY,13.2,13.2,88,94,7.920000000000001,,,,,1.9,8.7,5.3,8.7,8.7,8.7,,,11.86,2026-09-27T14:04:34+00:00
Afyonkarahisar,Hocalar,HOCALAR,18292,2026-09-27T13:49:00.000Z,HHY,12.3,12.3,87,65,8.64,,,,,1.51,3.74,2.77,3.74,3.74,3.74,,,10.87,2026-09-27T14:04:34+00:00
Afyonkarahisar,Kızılören,KIZILÖREN,18293,2026-09-27T13:49:00.000Z,HHY,12.9,12.9,93,62,0.7200000000000001,,,,,2,2.4,2.4,2.4,2.4,2.4,,,12.1,2026-09-27T14:04:34+00:00
Afyonkarahisar,Sultandağı,SULTANDAĞI/ÜÇKUYU MEVKİ,18630,2026-09-27T13:49:00.000Z,Çok Bulutlu,16.5,16.5,66,,,,,,,0,0,0,0,0,0,,,12.56,2026-09-27T14:04:34+00:00
Afyonkarahisar,Hocalar,HOCALAR/YEŞİLHİSAR BELDESİ,18631,2026-09-27T13:49:00.000Z,HHY,11.5,11.5,100,,,,,,,0.58,1.76,1.04,1.76,1.76,1.76,,,,2026-09-27T14:04:34+00:00
Afyonkarahisar,İscehisar,İSCEHİSER/ALANYURT BELDESİ,18747,2026-09-27T13:49:00.000Z,Çok Bulutlu,14.5,14.5,86,,,,,,,0,0,0,0,0,0,,,12.91,2026-09-27T14:04:34+00:00
Afyonkarahisar,Sinanpaşa,SİNANPAŞA/ÇATKUYU KÖYÜ,18748,2026-09-27T13:49:00.000Z,Çok Bulutlu,13,13,83,,,,,,,0,0.18,0,0,0.18,0.18,,,11.13,2026-09-27T14:04:34+00:00
Afyonkarahisar,Bolvadin,BOLVADİN/KEMERKAYA KÖYÜ,18749,2026-09-27T13:49:00.000Z,Çok Bulutlu,16.3,16.3,69,,,,,,,0,0.53,0,0,0.53,0.53,,,12.72,2026-09-27T14:04:34+00:00
Afyonkarahisar,Merkez,AFYONKARAHİSAR/KOCATEPE,18750,2026-09-27T13:49:00.000Z,HHY,11.8,11.8,90,,,,,,,0.36,1.86,1.86,1.86,1.86,1.86,,,10.69,2026-09-27T14:04:34+00:00
Afyonkarahisar,Sinanpaşa,SİNANPAŞA/YILDIRIMKEMAL KÖYÜ,18751,2026-09-27T13:49:00.000Z,HHY,12.6,12.6,95,,,,,,,0.23,0.23,0.23,0.23,0.23,0.23,,,12.02,2026-09-27T14:04:34+00:00
Afyonkarahisar,Merkez,AFYONKARAHİSAR/OLUCAK KÖYÜ,18757,2026-09-27T13:49:00.000Z,HHY,11.9,11.9,92,,,,,,,0.31,0.87,0.75,0.75,0.87,0.87,,,11.0,2026-09-27T14:04:34+00:00
Afyonkarahisar,Bayat,BAYAT/KÖROĞLU BELİ,18761,2026-09-27T13:49:00.000Z,Çok Bulutlu,14.5,14.5,81,,,,,,,0,0,0,0,0,0,,,12.36,2026-09-27T14:04:34+00:00
Afyonkarahisar,Çay,ÇAY/DEVEDERESİ KÖYÜ,18850,2026-09-27T13:49:00.000Z,HHY,16,16,76,,,,,,,0.25,0.25,0.25,0.25,0.25,0.25,,,13.23,2026-09-27T14:04:34+00:00
Afyonkarahisar,Dinar,DİNAR/TATARLI BELDESİ,18851,2026-09-27T13:49:00.000Z,HHY,12.1,12.1,100,229,12.6,,,,,1.06,3.28,2.51,3.28,3.28,3.28,,,,2026-09-27T14:04:34+00:00
Afyonkarahisar,Dinar,DİNAR/HAYDARLI BELDESİ,18909,2026-09-27T13:50:00.000Z,HHY,12.3,12.3,0,264,28.08,875.2,1010.9,,,1.6,6.1,4.4,6.1,6.1,6.1,,,,2026-09-27T14:04:34+00:00
Afyonkarahisar,Sinanpaşa,SİNANPAŞA/TINAZTEPE BELDESİ,18912,2026-09-27T13:50:00.000Z,HHY,13.4,13.4,86,270,12.24,886.2,1013,,,0.4,0.4,0.4,0.4,0.4,0.4,,,11.84,2026-09-27T14:04:34+00:00
Afyonkarahisar,Sandıklı,SANDIKLI/HÜDAİ KAPLICALARI,18927,2026-09-27T13:49:00.000Z,HHY,12.6,12.6,99,247,16.92,,,,,0.4,3.32,0.84,3.32,3.32,3.32,,,12.45,2026-09-27T14:04:34+00:00
Afyonkarahisar,Sinanpaşa,SİNANPAŞA/TAŞOLUK BELDESİ,18928,2026-09-27T13:49:00.000Z,Çok Bulutlu,12.9,12.9,80,14,8.28,,,,,0,0,0,0,0,0,,,10.71,2026-09-27T14:04:34+00:00
Afyonkarahisar,Sandıklı,SANDIKLI/AKDAĞ TABİAT PARKI,18929,2026-09-27T13:49:00.000Z,HHY,10.1,10.1,96,0,0,,,,,0.58,5.48,1.54,5.48,5.48,5.48,,,9.63,2026-09-27T14:04:34+00:00
Afyonkarahisar,Şuhut,ŞUHUT/MAHMUT KÖYÜ,18930,2026-09-27T13:49:00.000Z,HHY,14.1,14.1,78,294,28.8,,,,,0,0.7,0.7,0.7,0.7,0.7,,,11.65,2026-09-27T14:04:34+00:00
Afyonkarahisar,Sandıklı,SANDIKLI /BALLIK KÖYÜ,18947,2026-09-27T13:48:00.000Z,Çok Bulutlu,12.5,12.5,74,,,,,,,0.03,0.03,0.03,0.03,0.03,0.03,,,9.71,2026-09-27T14:04:34+00:00
Afyonkarahisar,Şuhut,AFYONKARAHİSAR KUMALAR TEPESİ RADAR SAHASI,19164,2026-09-27T13:49:00.000Z,HHY,6.1,6.1,0,344,12.6,,,,,0.3,0.33,0.33,0.33,0.33,0.33,,,,2026-09-27T14:04:34+00:00
Afyonkarahisar,Sandıklı,SANDIKLI/ÇUKURCA KÖYÜ,19165,2026-09-27T13:49:00.000Z,HHY,10.8,10.8,85,,,,,,,1.21,2.27,2.27,2.27,2.27,2.27,,,9.2,2026-09-27T14:04:34+00:00
Afyonkarahisar,Sinanpaşa,SİNANPAŞA/TAZLAR KÖYÜ,19166,2026-09-27T13:49:00.000Z,HHY,14.8,14.8,73,,,,,,,0.29,0.29,0.29,0.29,0.29,0.29,,,11.77,2026-09-27T14:04:34+00:00
Ağrı,Merkez,AĞRI,17099,2026-09-27T13:49:00.000Z,Parçalı Bulutlu,28.1,28.1,23,263,2.52,835.3,1006.3,51670,,0,0,0,0,0,0,,,15.36,2026-09-27T14:04:34+00:00
Ağrı,Merkez,AĞRI AHMED-İ HANİ HAVALİMANI,17104,2026-09-27T13:23:00.000Z,Parçalı Bulutlu,26.6,26.6,23,221,7.5600000000000005,835.4,1018.9,2100,,,0,0,0,0,0,,,14.3,2026-09-27T14:04:34+00:00
Ağrı,Doğubayazıt,DOĞUBAYAZIT,17720,2026-09-27T13:47:00.000Z,Açık,24.6,24.6,31,16,5.04,836.8,1008.9,66330,,0,0.1,0,0.1,0.1,0.1,,,14.48,2026-09-27T14:04:34+00:00
Ağrı,Patnos,PATNOS,18193,2026-09-27T13:49:00.000Z,Parçalı Bulutlu,25.7,25.7,31,256,2.52,836.5,1007.2,44020,,0,0,0,0,0,0,,,15.32,2026-09-27T14:04:34+00:00
Ağrı,Eleşkirt,ELEŞKİRT,18194,2026-09-27T13:49:00.000Z,Parçalı Bulutlu,24,24,32,191,1.8,818.4,1005.8,,,0,0,0,0,0,0,,,14.2,2026-09-27T14:04:34+00:00
Ağrı,Diyadin,DİYADİN,18356,2026-09-27T13:49:00.000Z,Parçalı Bulutlu,22.2,22.2,32,93,11.16,,,,,0,0,0,0,0,0,,,12.82,2026-09-27T14:04:34+00:00
Ağrı,Hamur,HAMUR,18357,2026-09-27T13:49:00.000Z,Parçalı Bulutlu,26.4,26.4,31,146,2.8800000000000003,,,,,0,0,0,0,0,0,,,15.85,2026-09-27T14:04:34+00:00
Ağrı,Taşlıçay,TAŞLIÇAY,18358,2026-09-27T13:49:00.000Z,Çok Bulutlu,22.3,22.3,39,257,3.24,,,,,0,0.32,0,0,0.32,0.38,,,14.03,2026-09-27T14:04:34+00:00
Ağrı,Tutak,TUTAK,18359,2026-09-27T13:49:00.000Z,Parçalı Bulutlu,25.3,25.3,30,53,1.8,,,,,0,0,0,0,0,0,,,14.82,2026-09-27T14:04:34+00:00
Ağrı,Doğubayazıt,DOĞUBAYAZIT/SULUÇEM KÖYÜ,19065,2026-09-27T13:49:00.000Z,Parçalı Bulutlu,22,22,45,,,,,,,0,0,0,0,0,0,,,14.7,2026-09-27T14:04:34+00:00
Ağrı,Merkez,AĞRI/CUMAÇAY BELDESİ,19066,2026-09-27T13:49:00.000Z,Az Bulutlu,23.3,23.3,26,,,,,,,0,0.11,0,0,0.05,0.11,,,12.56,2026-09-27T14:04:34+00:00
Ağrı,Merkez,AĞRI/ÇUKURALAN KÖYÜ,19249,2026-09-27T13:49:00.000Z,Az Bulutlu,24.3,24.3,37,,,,,,,0,0.06,0,0,0.06,0.06,,,15.31,2026-09-27T14:04:34+00:00
Ağrı,Eleşkirt,ELEŞKİRT/YAYLADÜZÜ BELDESİ,19250,2026-09-27T13:49:00.000Z,Parçalı Bulutlu,21.6,21.6,35,,,,,,,0,0,0,0,0,0,,,12.84,2026-09-27T14:04:34+00:00
Amasya,Merzifon,AMASYA MERZİFON HAVALİMANI,17082,2026-09-27T13:13:00.000Z,Parçalı Bulutlu,17.9,17.9,74,32,28.08,951.7,1014.7,10000,4,,0,0,0,0,0,,,14.8,2026-09-27T14:04:34+00:00
Amasya,Merzifon,MERZİFON,17083,2026-09-27T13:49:00.000Z,Parçalı Bulutlu,17.6,17.6,70,38,10.44,927.9,1012.9,,,0,0,0,0,0,0,,,14.04,2026-09-27T14:04:34+00:00
Amasya,Merkez,AMASYA,17085,2026-09-27T13:49:00.000Z,Çok Bulutlu,20.9,20.9,61,60,10.44,965.2,1012,20000,7,0,0,0,0,0,0,,,15.95,2026-09-27T14:04:34+00:00
Amasya,Merkez,AMASYA/GÖKHÖYÜK TİGEM,17655,2026-09-27T13:49:00.000Z,Çok Bulutlu,18.8,18.8,76,352,18.36,957.3,1011.7,,,0,0,0,0,0,0,,,15.89,2026-09-27T14:04:34+00:00
Amasya,Suluova,SULUOVA,18137,2026-09-27T13:49:00.000Z,Çok Bulutlu,17.4,17.4,77,9,19.8,954.8,1013.8,,,0,0,0,0,0,0,,,14.68,2026-09-27T14:04:34+00:00
Amasya,Taşova,TAŞOVA,18138,2026-09-27T13:49:00.000Z,Çok Bulutlu,19.3,19.3,82,28,3.6,989.1,1018,,,0,0.6,0,0.6,0.6,0.6,,,17.1,2026-09-27T14:04:34+00:00
Amasya,Göynücek,GÖYNÜCEK,18504,2026-09-27T13:49:00.000Z,Çok Bulutlu,19.4,19.4,77,82,12.24,,,,,0,0,0,0,0,0,,,16.58,2026-09-27T14:04:34+00:00
Amasya,Gümüşhacıköy,GÜMÜŞHACIKÖY,18505,2026-09-27T13:49:00.000Z,Çok Bulutlu,16.7,16.7,71,4,2.8800000000000003,,,,,0,0,0,0,0,0,,,13.32,2026-09-27T14:04:34+00:00
Amasya,Hamamözü,HAMAMÖZÜ,18506,2026-09-27T13:49:00.000Z,Çok Bulutlu,17,17,81,92,14.76,,,,,0,0.13,0.13,0.13,0.13,0.13,,,14.77,2026-09-27T14:04:34+00:00
Amasya,Merkez,AMASYA/BELDAĞI KÖYÜ,18699,2026-09-27T13:49:00.000Z,Çok Bulutlu,12.6,12.6,90,,,,,,,0,0.41,0,0.28,0.35,0.41,,,11.48,2026-09-27T14:04:34+00:00
Amasya,Taşova,TAŞOVA/BORABOY GÖLÜ,18938,2026-09-27T13:49:00.000Z,Çok Bulutlu,13.8,13.8,82,137,8.64,,,,,0,0.05,0,0,0,0.05,,,11.79,2026-09-27T14:04:34+00:00
Amasya,Merzifon,MERZİFON/ÇAYBAŞI KÖYÜ,19024,2026-09-27T13:49:00.000Z,Çok Bulutlu,16.5,16.5,83,,,,,,,0,0,0,0,0,0,,,14.51,2026-09-27T14:04:34+00:00
Amasya,Taşova,TAŞOVA/BORABOY ORMAN SAHASI,19025,2026-09-27T13:49:00.000Z,Çok Bulutlu,11.3,11.3,100,247,3.24,,,,,0,0,0,0,0,0,,,,2026-09-27T14:04:34+00:00
Amasya,Merzifon,MERZİFON/TAVŞAN DAĞI,19026,2026-09-27T13:49:00.000Z,Çok Bulutlu,8.6,8.6,100,,,,,,,0,0.11,0,0,0.11,0.11,,,,2026-09-27T14:04:34+00:00
Amasya,Merkez,AMASYA/ORMANÖZÜ KÖYÜ,19218,2026-09-27T13:49:00.000Z,Çok Bulutlu,15.8,15.8,81,,,,,,,0,0.84,0,0.31,0.84,0.84,,,13.61,2026-09-27T14:04:34+00:00
Amasya,Merkez,AMASYA ÜNİVERSİTESİ,19911,2026-09-27T13:48:00.000Z,Çok Bulutlu,,,,303,2.8800000000000003,,,,,0,0,0,0,0,0,,,,2026-09-27T14:04:34+00:00
Ankara,Kahramankazan,ANKARA MÜRTED HAVALİMANI,17127,2026-09-27T13:10:00.000Z,Çok Bulutlu,24.6,24.6,30,21,5.4,917.6,1013.7,10000,5,,0,0,0,0,0,,,14.29,2026-09-27T14:04:34+00:00
Ankara,Çubuk,ANKARA ESENBOĞA HAVALİMANI,17128,2026-09-27T13:13:00.000Z,Çok Bulutlu,22.5,22.5,40,34,23.400000000000002,905.2,1014.1,10000,7,,0,0,0,0,0,,,14.35,2026-09-27T14:04:34+00:00
Ankara,Etimesgut,ETİMESGUT HAVALİMANI,17129,2026-09-27T13:12:00.000Z,Çok Bulutlu,24.6,24.6,37,335,6.48,919.8,1013.4,10000,6,,0,0,0,0,0,,,15.55,2026-09-27T14:04:34+00:00
Ankara,Keçiören,ANKARA BÖLGE,17130,2026-09-27T13:49:00.000Z,Çok Bulutlu,23.3,23.3,44,40,14.04,910.3,1008.5,20000,5,0,0,0,0,0,0,,,15.63,2026-09-27T14:04:34+00:00
Ankara,Yenimahalle,ANKARA GÜVERCİNLİK HAVALİMANI,17131,2026-09-27T12:50:00.000Z,Çok Bulutlu,24.2,24.2,42,80,11.112,919,1013.7,10000,6,,,,,,,,,16.06,2026-09-27T14:04:34+00:00
Ankara,Gölbaşı,GÖLBAŞI/UFUK DANIŞMENT,17134,2026-09-27T13:51:00.000Z,Çok Bulutlu,24.5,24.5,46,19,4.680000000000001,888.4,1009.4,75000,,0,0,0,0,0,0,,,16.95,2026-09-27T14:04:34+00:00
Ankara,Elmadağ,ELMADAĞ RADAR SAHASI,17137,2026-09-27T13:49:00.000Z,Çok Bulutlu,16.7,16.7,51,315,14.76,,,,,0,0,0,0,0,0,,,10.98,2026-09-27T14:04:34+00:00
Ankara,Polatlı,POLATLI TİGEM,17651,2026-09-27T13:49:00.000Z,Çok Bulutlu,21.4,21.4,40,337,29.880000000000003,905.4,1009.5,,,0,0,0,0,0,0,,,13.46,2026-09-27T14:04:34+00:00
Ankara,Kızılcahamam,KIZILCAHAMAM,17664,2026-09-27T13:49:00.000Z,Parçalı Bulutlu,20.6,20.6,55,349,5.04,896.9,1010.7,75000,,0,0,0,0,0,0,,,14.89,2026-09-27T14:04:34+00:00
Ankara,Nallıhan,NALLIHAN,17679,2026-09-27T13:48:00.000Z,Çok Bulutlu,20.5,20.5,68,350,15.120000000000001,937,1010,,,0,0,0,0,0,0,,,16.49,2026-09-27T14:04:34+00:00
Ankara,Beypazarı,BEYPAZARI,17680,2026-09-27T13:49:00.000Z,Çok Bulutlu,22.6,22.6,45,216,9,933.3,1009.8,33460,,0,0,0,0,0,0,,,15.2,2026-09-27T14:04:34+00:00
Ankara,Elmadağ,ELMADAĞ BARUTSAN FABRİKASI,17715,2026-09-27T13:49:00.000Z,Çok Bulutlu,21.7,21.7,52,103,10.08,887.8,1008.5,,,0,0,0,0,0,0,,,15.44,2026-09-27T14:04:34+00:00
Ankara,Polatlı,POLATLI,17728,2026-09-27T13:49:00.000Z,Çok Bulutlu,22,22,42,305,14.04,911.1,1008.9,55040,,0,0,0,0,0,0,,,14.25,2026-09-27T14:04:34+00:00
Ankara,Bala,BALA,17729,2026-09-27T13:49:00.000Z,Çok Bulutlu,19.8,19.8,52,340,7.920000000000001,873.5,1009,75000,,0,0,0,0,0,0,,,13.79,2026-09-27T14:04:34+00:00
Ankara,Şereflikoçhisar,ŞEREFLİKOÇHİSAR,17731,2026-09-27T13:49:00.000Z,Parçalı Bulutlu,25.1,25.7,45,18,13.68,907.5,1007.4,,,0,0,0,0,0,0,,,17.29,2026-09-27T14:04:34+00:00
Ankara,Haymana,HAYMANA TARIM,17733,2026-09-27T13:49:00.000Z,Çok Bulutlu,22.7,22.7,39,122,2.16,891.9,1009.6,,,0,0,0,0,0,0,,,14.36,2026-09-27T14:04:34+00:00
Ankara,Sincan,SİNCAN/TEMELLİ,17759,2026-09-27T13:49:00.000Z,Çok Bulutlu,22.8,22.8,36,335,20.88,926.2,1010.7,,,0,0,0,0,0,0,,,13.95,2026-09-27T14:04:34+00:00
Ankara,Elmadağ,ELMADAĞ/YEŞİLDERE,17987,2026-09-27T13:49:00.000Z,Çok Bulutlu,14.3,14.3,69,346,18.720000000000002,829.6,1009.9,,,0,0,0,0,0,0,,,10.86,2026-09-27T14:04:34+00:00
Ankara,Ayaş,AYAŞ,18045,2026-09-27T13:49:00.000Z,Çok Bulutlu,22.7,22.7,36,312,16.56,932.3,1008,,,0,0,0,0,0,0,,,13.87,2026-09-27T14:04:34+00:00
Ankara,Çankaya,ÇANKAYA/TBMM,18046,2026-09-27T13:49:00.000Z,Hafif Yağmurlu,22.5,22.5,49,7,5.4,905.9,1008.3,57570,,0,0,0,0,0,0,,,15.7,2026-09-27T14:04:34+00:00
Ankara,Keçiören,KEÇİÖREN/BAĞLUM,18072,2026-09-27T13:49:00.000Z,Çok Bulutlu,18,18,53,24,14.04,850.8,1008,,,0,0,0,0,0,0,,,12.35,2026-09-27T14:04:34+00:00
Ankara,Kahramankazan,KAHRAMANKAZAN/KURTBOĞAZI BARAJI,18073,2026-09-27T13:49:00.000Z,Çok Bulutlu,22.9,22.9,43,177,4.680000000000001,896.9,1010.9,,,0,0,0,0,0,0,,,15.14,2026-09-27T14:04:34+00:00
Ankara,Mamak,MAMAK/BAYINDIR BARAJI,18074,2026-09-27T13:49:00.000Z,Çok Bulutlu,22.3,22.3,45,71,9.360000000000001,900.1,1011.6,,,0,0,0,0,0,0,,,14.95,2026-09-27T14:04:34+00:00
Ankara,Çamlıdere,ÇAMLIDERE ORMAN İŞLETME MÜDÜRLÜĞÜ,18075,2026-09-27T13:49:00.000Z,Çok Bulutlu,17.4,17.4,51,332,12.24,873.5,1011.3,,,0,0,0,0,0,0,,,11.59,2026-09-27T14:04:34+00:00
Ankara,Kalecik,KALECİK,18076,2026-09-27T13:48:00.000Z,Çok Bulutlu,22.7,22.7,51,49,10.08,933.4,1012.1,,,0,0,0,0,0,0,,,16.17,2026-09-27T14:04:34+00:00
Ankara,Güdül,GÜDÜL,18077,2026-09-27T13:49:00.000Z,Çok Bulutlu,23.2,23.2,53,329,8.28,928.6,1010.4,,,0,0,0,0,0,0,,,16.89,2026-09-27T14:04:34+00:00
Ankara,Polatlı,POLATLI/ACIKIR,18078,2026-09-27T13:49:00.000Z,Çok Bulutlu,22.8,22.8,36,341,19.8,915.4,1008.5,,,0,0,0,0,0,0,,,13.95,2026-09-27T14:04:34+00:00
Ankara,Akyurt,AKYURT,18240,2026-09-27T13:49:00.000Z,Çok Bulutlu,20.5,20.5,51,61,18,,,,,0,0,0,0,0,0,,,14.26,2026-09-27T14:04:34+00:00
Ankara,Çamlıdere,ÇAMLIDERE/ÇAMKORU,18241,2026-09-27T13:49:00.000Z,Parçalı Bulutlu,15.4,15.4,56,345,11.520000000000001,858.6,1011.5,,,0,0,0,0,0,0,,,10.43,2026-09-27T14:04:34+00:00
Ankara,Çubuk,ÇUBUK,18242,2026-09-27T13:49:00.000Z,Çok Bulutlu,20,20,47,54,16.2,,,,,0,0,0,0,0,0,,,13.29,2026-09-27T14:04:34+00:00
Ankara,Pursaklar,PURSAKLAR,18243,2026-09-27T13:49:00.000Z,Çok Bulutlu,21.7,21.7,42,360,18.720000000000002,,,,,0,0,0,0,0,0,,,14.0,2026-09-27T14:04:34+00:00
Ankara,Sincan,SİNCAN,18244,2026-09-27T13:49:00.000Z,Çok Bulutlu,24.5,24.5,33,17,9.360000000000001,,,20000,,0,0,0,0,0,0,,,14.77,2026-09-27T14:04:34+00:00
Ankara,Çankaya,ÇANKAYA/ÇALDAĞ,18256,2026-09-27T13:49:00.000Z,Çok Bulutlu,19.8,19.8,57,353,6.84,,,,,0,0,0,0,0,0,,,14.44,2026-09-27T14:04:34+00:00
Ankara,Haymana,HAYMANA,18257,2026-09-27T13:49:00.000Z,Çok Bulutlu,19.9,19.9,52,47,8.64,,,,,0,0,0,0,0,0,,,13.88,2026-09-27T14:04:34+00:00
Ankara,Haymana,HAYMANA/DEVECİPINARI KÖYÜ,18593,2026-09-27T13:49:00.000Z,Çok Bulutlu,21.5,21.5,44,,,,,,,0,0,0,0,0,0,,,14.13,2026-09-27T14:04:34+00:00
Ankara,Haymana,HAYMANA/YENİCE BELDESİ,18594,2026-09-27T13:49:00.000Z,Çok Bulutlu,21,21,49,,,,,,,0,0,0,0,0,0,,,14.42,2026-09-27T14:04:34+00:00
Ankara,Gölbaşı,GÖLBAŞI/AHİBOZ KÖYÜ,18691,2026-09-27T13:49:00.000Z,Çok Bulutlu,20.6,20.6,46,,,,,,,0,0,0,0,0,0,,,13.66,2026-09-27T14:04:34+00:00
Ankara,Kahramankazan,KAHRAMANKAZAN/SARAYKÖY TOPRAK,18903,2026-09-27T13:49:00.000Z,Çok Bulutlu,23.1,23.1,40,17,5.760000000000001,910,1002.2,,,0,0,0,0,0,0,,,14.84,2026-09-27T14:04:34+00:00
Ankara,Beypazarı,BEYPAZARI/KIRBAŞI,18908,2026-09-27T13:48:00.000Z,Çok Bulutlu,19.7,19.7,55,281,23.759999999999998,,,,,0,0,0,0,0,0,,,14.1,2026-09-27T14:04:34+00:00
Ankara,Gölbaşı,GÖLBAŞI/YAĞLIPINAR KÖYÜ,18979,2026-09-27T13:49:00.000Z,Çok Bulutlu,22.2,22.2,62,47,12.6,,,,,0,0,0,0,0,0,,,17.26,2026-09-27T14:04:34+00:00
Ankara,Kalecik,KALECİK/KOYUNBABA KÖYÜ,19003,2026-09-27T11:03:00.000Z,Çok Bulutlu,,,22,,,,,,,,0,,0,0,0,,,,2026-09-27T14:04:34+00:00
Ankara,Bala,BALA/SOFULAR KÖYÜ,19004,2026-09-27T13:49:00.000Z,Çok Bulutlu,21.7,21.7,49,,,,,,,0,0,0,0,0,0,,,15.02,2026-09-27T14:04:34+00:00
Ankara,Kızılcahamam,KIZILCAHAMAM/GÜVEM BELDESİ,19005,2026-09-27T13:48:00.000Z,Parçalı Bulutlu,20.6,20.6,45,,,,,,,0,0,0,0,0,0,,,13.52,2026-09-27T14:04:34+00:00
Ankara,Kızılcahamam,KIZILCAHAMAM/YILDIRIM ORMAN SAHASI,19006,2026-09-27T13:49:00.000Z,Çok Bulutlu,16.7,16.7,67,33,15.48,,,,,0,0,0,0,0,0,,,12.86,2026-09-27T14:04:34+00:00
Ankara,Altındağ,ALTINDAĞ/GENÇLİK PARKI,19202,2026-09-27T13:49:00.000Z,Çok Bulutlu,23.5,23.5,46,359,6.12,,,,,0,0,0,0,0,0,,,16.11,2026-09-27T14:04:34+00:00
Ankara,Evren,EVREN,19203,2026-09-27T13:49:00.000Z,Çok Bulutlu,25.1,25.7,45,112,6.48,,,,,0,0,0,0,0,0,,,17.29,2026-09-27T14:04:34+00:00
Ankara,Polatlı,POLATLI/SARIOBA KÖYÜ,19204,2026-09-27T13:49:00.000Z,Çok Bulutlu,23.4,23.4,44,,,,,,,0,0,0,0,0,0,,,15.71,2026-09-27T14:04:34+00:00
Ankara,Nallıhan,NALLIHAN/SARIYAR,19205,2026-09-27T13:49:00.000Z,Çok Bulutlu,21,21,58,,,,,,,0,0,0,0,0,0,,,15.64,2026-09-27T14:04:34+00:00
Ankara,Bala,BALA/AŞAĞIHACIBEKİR KÖYÜ,19206,2026-09-27T13:49:00.000Z,Çok Bulutlu,23.5,23.5,49,,,,,,,0,0.04,0,0.04,0.04,0.04,,,16.56,2026-09-27T14:04:34+00:00
Ankara,Etimesgut,ETİMESGUT,19273,2026-09-27T13:48:00.000Z,Çok Bulutlu,23,23,42,34,9,,,0,,0,0,0,0,0,0,,,15.07,2026-09-27T14:04:34+00:00
Ankara,Kahramankazan,KAHRAMANKAZAN,19274,2026-09-27T13:48:00.000Z,Çok Bulutlu,24.5,24.5,29,281,3.24,,,75000,,0,0.06,0,0.03,0.06,0.1,,,14.03,2026-09-27T14:04:34+00:00
Ankara,Yenimahalle,YENİMAHALLE,19275,2026-09-27T13:48:00.000Z,Çok Bulutlu,24.8,24.8,40,18,9.72,915.4,1009.9,0,,0,0,0,0,0,0,,,16.22,2026-09-27T14:04:34+00:00
Antalya,Muratpaşa,ANTALYA HAVALİMANI,17300,2026-09-27T13:12:00.000Z,Hafif Sağanak Yağışlı,25.6,26.3,51,210,15.840000000000002,1004.7,1011.4,10000,7,,0,0,0,0,0,,,18.67,2026-09-27T14:04:34+00:00
Antalya,Muratpaşa,ANTALYA BÖLGE,17302,2026-09-27T13:49:00.000Z,Çok Bulutlu,22.2,22.2,66,332,8.64,1004.9,1010.3,,,0,0,0,0,0,0,,,17.8,2026-09-27T14:04:34+00:00
Antalya,Konyaaltı,KONYAALTI,17304,2026-09-27T13:49:00.000Z,Çok Bulutlu,21.7,21.7,,92,10.08,,,,,0,0,0,0,0,0,,,,2026-09-27T14:04:34+00:00
Antalya,Alanya,ALANYA,17310,2026-09-27T13:49:00.000Z,Çok Bulutlu,26.9,28,57,206,5.04,1009.9,1010.6,20000,7,0,0,0,0,0,0,,28.5,20.75,2026-09-27T14:04:34+00:00
Antalya,Finike,FİNİKE,17375,2026-09-27T13:49:00.000Z,Hafif Sağanak Yağışlı,21,21,82,351,5.760000000000001,1010.4,1010.6,7000,7,0,1.2,0.5,1.2,1.2,1.2,,27.2,18.74,2026-09-27T14:04:34+00:00
Antalya,Kaş,KAŞ,17380,2026-09-27T13:49:00.000Z,Yağmurlu,20.1,20.1,78,75,9,992.7,1010.2,2750,,1.6,2.3,1.6,2.3,2.3,2.3,,26.4,17.38,2026-09-27T14:04:34+00:00
Antalya,Aksu,AKSU/BOZTEPE TİGEM,17895,2026-09-27T13:48:00.000Z,Çok Bulutlu,24.4,24.4,63,0,5.4,,,,,0,0,0,0,0,0,,,19.39,2026-09-27T14:04:34+00:00
Antalya,Serik,SERİK/BELEK,17915,2026-09-27T13:49:00.000Z,Çok Bulutlu,25.5,27,66,228,6.48,1010.2,1010.9,,,0,0,0,0,0,0,,,20.83,2026-09-27T14:04:34+00:00
Antalya,Manavgat,MANAVGAT/TAŞAĞIL ORMAN SAHASI,17917,2026-09-27T13:49:00.000Z,Çok Bulutlu,24.8,24.8,71,178,9.72,1005.7,1011,,,0,0,0,0,0,0,,,20.89,2026-09-27T14:04:34+00:00
Antalya,Korkuteli,KORKUTELİ,17926,2026-09-27T13:49:00.000Z,Yağmurlu,10.6,10.6,99,22,2.16,898.4,,4340,,1,5,2.2,5,5,5,,,10.44,2026-09-27T14:04:34+00:00
Antalya,İbradı,İBRADI,17927,2026-09-27T13:48:00.000Z,Çok Bulutlu,16.5,16.5,74,140,7.5600000000000005,896.6,1010.7,,,0,0,0,0,0,0,,,13.48,2026-09-27T14:04:34+00:00
Antalya,Kumluca,KUMLUCA,17951,2026-09-27T13:49:00.000Z,Çok Bulutlu,21.5,21.5,82,94,4.32,,,75000,,0,0,0,0,0,0,,,19.23,2026-09-27T14:04:34+00:00
Antalya,Elmalı,ELMALI,17952,2026-09-27T13:49:00.000Z,Çok Bulutlu,14.6,14.6,74,0,0,887.3,1007.7,67490,,0,3,0,3,3,3,,,11.69,2026-09-27T14:04:34+00:00
Antalya,Kemer,ANTALYA/KEMER,17953,2026-09-27T13:49:00.000Z,Çok Bulutlu,21.1,21.1,93,0,0,1010.1,1011.3,,,0.2,0.2,0.2,0.2,0.2,0.2,,,20.23,2026-09-27T14:04:34+00:00
Antalya,Manavgat,MANAVGAT,17954,2026-09-27T13:48:00.000Z,Çok Bulutlu,25.3,26.3,55,191,10.8,1006.4,1010.8,67440,,0,0,0,0,0,0,,,19.03,2026-09-27T14:04:34+00:00
Antalya,Demre,DEMRE,17970,2026-09-27T13:49:00.000Z,Çok Bulutlu,23.3,23.3,87,351,3.6,1010.4,1013.3,52810,,0,2.4,0,2.4,2.4,2.4,,,21.62,2026-09-27T14:04:34+00:00
Antalya,Gazipaşa,GAZİPAŞA,17974,2026-09-27T13:49:00.000Z,Çok Bulutlu,25.7,26.6,54,268,3.9600000000000004,1009.2,1011.6,,,0,0,0,0,0,0,,,19.22,2026-09-27T14:04:34+00:00
Antalya,Gazipaşa,ANTALYA GAZİPAŞA HAVALİMANI,17975,2026-09-27T13:26:00.000Z,Çok Bulutlu,26.1,27.1,56,208,19.08,1009.4,1012.1,10000,6,,0,0,0,0,0,,,19.88,2026-09-27T14:04:34+00:00
Antalya,Döşemealtı,DAĞBELİ,18008,2026-09-27T13:49:00.000Z,HHY,14.2,14.2,77,164,11.520000000000001,922.8,1011.2,,,0.7,3.7,1.5,3.7,3.7,3.7,,,11.63,2026-09-27T14:04:34+00:00
Antalya,Kaş,KAŞ/ÇAVDIR ORMAN SAHASI,18009,2026-09-27T13:49:00.000Z,Çok Bulutlu,21,21,83,200,15.840000000000002,998.4,1006.6,,,0,1,0,1,1,1,,,18.87,2026-09-27T14:04:34+00:00
Antalya,Kaş,KAŞ/KASABA ORMAN SAHASI,18010,2026-09-27T13:49:00.000Z,Çok Bulutlu,20.6,20.6,78,105,9.72,985.2,1009.5,,,0,1.1,0.1,1.1,1.1,1.1,,,17.85,2026-09-27T14:04:34+00:00
Antalya,Manavgat,MANAVGAT/BEŞKONAK ORMAN SAHASI,18011,2026-09-27T13:49:00.000Z,Çok Bulutlu,24.3,24.3,53,213,14.76,994.7,1011,,,0,0,0,0,0,0,,,17.85,2026-09-27T14:04:34+00:00
Antalya,Gündoğmuş,GÜNDOĞMUŞ ORMAN DEPOSU,18012,2026-09-27T13:49:00.000Z,Çok Bulutlu,18.8,18.8,69,231,11.16,908.4,1007.2,,,0,0.3,0,0.3,0.3,0.3,,,15.04,2026-09-27T14:04:34+00:00
Antalya,Akseki,AKSEKİ/MURTİÇİ ORMAN SAHASI,18013,2026-09-27T13:49:00.000Z,Çok Bulutlu,21.8,21.8,59,53,5.760000000000001,953.6,1011.1,,,0,0,0,0,0,0,,,16.49,2026-09-27T14:04:34+00:00
Antalya,Serik,SERİK/GEBİZ ORMAN SAHASI,18014,2026-09-27T13:48:00.000Z,Çok Bulutlu,24.8,24.8,55,217,16.2,1001.4,1010.4,,,0,0,0,0,0,0,,,18.59,2026-09-27T14:04:34+00:00
Antalya,Korkuteli,KORKUTELİ/BÜK ORMAN SAHASI,18015,2026-09-27T13:49:00.000Z,HHY,15.3,15.3,97,354,0.36000000000000004,956.6,1012.5,,,1.3,11.7,3.1,11.7,11.7,11.7,,,14.93,2026-09-27T14:04:34+00:00
Antalya,Döşemealtı,DÖŞEMEALTI/NEBİLER ORMAN SAHASI,18016,2026-09-27T13:48:00.000Z,HHY,17.1,17.1,80,351,10.08,978.5,1008.9,,,0.1,6.2,1.1,6.2,6.2,6.2,,,14.75,2026-09-27T14:04:34+00:00
Antalya,Akseki,AKSEKİ,18047,2026-09-27T13:49:00.000Z,HHY,15.1,15.1,77,170,5.760000000000001,896.1,1013,,,1.1,1.3,1.3,1.3,1.3,1.3,,,12.49,2026-09-27T14:04:34+00:00
Antalya,Elmalı,ELMALI ORMAN SAHASI,18305,2026-09-27T13:49:00.000Z,Çok Bulutlu,11.4,11.4,96,355,3.6,867.7,1011.3,,,0.12,6.07,0.12,5.99,6.07,6.07,,,10.93,2026-09-27T14:04:34+00:00
Antalya,Serik,SERİK,18306,2026-09-27T13:49:00.000Z,Çok Bulutlu,24.5,24.5,,194,10.8,998.5,1009.2,,,0,0.13,0,0.13,0.13,0.13,,,,2026-09-27T14:04:34+00:00
Antalya,Döşemealtı,DÖŞEMEALTI/KARAİN HAVACILIK,18307,2026-09-27T13:49:00.000Z,Çok Bulutlu,19.8,19.8,53,255,11.879999999999999,975.6,1010.7,,,0,0.1,0,0.1,0.1,0.1,,,13.92,2026-09-27T14:04:34+00:00
Antalya,Korkuteli,KORKUTELİ/ÇOMAKLI MEVKİ,18609,2026-09-27T13:49:00.000Z,HHY,7.8,7.8,100,,,,,,,0.76,5.29,2.42,5.29,5.29,5.29,,,,2026-09-27T14:04:34+00:00
Antalya,Akseki,AKSEKİ/CEVİZLİ TEKEBELİ MEVKİ,18610,2026-09-27T13:49:00.000Z,Çok Bulutlu,14.7,14.7,90,,,,,,,0,0,0,0,0,0,,,13.55,2026-09-27T14:04:34+00:00
Antalya,Gündoğmuş,GÜNDOĞMUŞ/BEDAN MEVKİ,18611,2026-09-27T13:49:00.000Z,Çok Bulutlu,14.2,14.2,93,,,,,,,0,0,0,0,0,0,,,13.39,2026-09-27T14:04:34+00:00
Antalya,Kumluca,KUMLUCA/AKDAĞ KOVUCAK MEVKİ,18612,2026-09-27T13:49:00.000Z,HHY,14.4,14.4,100,,,,,,,0.5,4.36,2.74,4.36,4.36,4.36,,,,2026-09-27T14:04:34+00:00
Antalya,Kaş,KAŞ/YUVACIK MEVKİ,18613,2026-09-27T13:49:00.000Z,Çok Bulutlu,12.8,12.8,80,,,,,,,0,0.53,0,0.38,0.43,0.8,,,10.62,2026-09-27T14:04:34+00:00
Antalya,Kaş,KAŞ/ORTABAĞ MEVKİ,18614,2026-09-27T13:49:00.000Z,Çok Bulutlu,11.6,11.6,93,,,,,,,0,2.1,0,2.1,2.1,2.1,,,10.81,2026-09-27T14:04:34+00:00
Antalya,Korkuteli,KORKUTELİ/KIZILCADAĞ MEVKİ,18615,2026-09-27T13:49:00.000Z,Çok Bulutlu,11.2,11.2,87,,,,,,,0,3.43,0.05,3.28,3.43,3.58,,,9.79,2026-09-27T14:04:34+00:00
Antalya,Korkuteli,KORKUTELİ/HACIYUSUFLAR MEVKİ,18617,2026-09-27T13:49:00.000Z,Çok Bulutlu,10,10,89,,,,,,,0,2.91,0,2.91,2.91,2.91,,,8.82,2026-09-27T14:04:34+00:00
Antalya,Elmalı,ELMALI/BULANIK YAYLASI,18618,2026-09-27T13:49:00.000Z,Çok Bulutlu,9.9,9.9,95,,,,,,,0,0.36,0,0.36,0.36,0.36,,,9.33,2026-09-27T14:04:34+00:00
Antalya,İbradı,İBRADI/GEMBOS OVASI,18619,2026-09-27T13:49:00.000Z,Çok Bulutlu,12.9,12.9,97,,,,,,,0.05,0.46,0.16,0.46,0.46,0.46,,,12.53,2026-09-27T14:04:34+00:00
Antalya,Kaş,KAŞ/YAYLAPALAMUT MEVKİ,18648,2026-09-27T13:49:00.000Z,Çok Bulutlu,11.9,11.9,78,,,,,,,0,0.38,0,0.38,0.38,0.38,,,9.55,2026-09-27T14:04:34+00:00
Antalya,Alanya,ALANYA/KEŞEFLİ,18837,2026-09-27T13:49:00.000Z,Çok Bulutlu,25.9,26.8,54,227,9.72,,,,,0,0,0,0,0,0,,,19.4,2026-09-27T14:04:34+00:00
Antalya,Alanya,ALANYA/OKURCALAR BELDESİ,18838,2026-09-27T13:49:00.000Z,Çok Bulutlu,25.3,26.5,60,216,12.6,,,,,0,0,0,0,0,0,,,19.77,2026-09-27T14:04:34+00:00
Antalya,Manavgat,MANAVGAT ORMAN SAHASI,18839,2026-09-27T13:49:00.000Z,Çok Bulutlu,15.9,15.9,90,190,23.400000000000002,,,,,0,0,0,0,0,0,,,14.73,2026-09-27T14:04:34+00:00
Antalya,Konyaaltı,AKDENİZ ÜNİVERSİTESİ,18955,2026-09-27T13:48:00.000Z,Çok Bulutlu,21.1,21.1,66,299,7.2,1007.1,1010.6,,,0.02,0.02,0.02,0.02,0.02,0.02,,,16.79,2026-09-27T14:04:34+00:00
Antalya,Finike,FİNİKE/SAKLISU,18996,2026-09-27T13:49:00.000Z,HHY,20.2,20.2,89,308,11.16,,,,,0.2,1.3,0.7,1.3,1.3,1.3,,,18.84,2026-09-27T14:04:34+00:00
Antalya,Korkuteli,KORKUTELİ/BEĞİŞ KÖYÜ,19150,2026-09-27T13:49:00.000Z,HHY,12.3,12.3,82,,,,,,,0.03,2.37,0.46,2.37,2.37,2.37,,,10.34,2026-09-27T14:04:34+00:00
Antalya,Demre,DEMRE/ÇAĞMAN KÖYÜ,19151,2026-09-27T13:49:00.000Z,HHY,15,15,83,,,,,,,0.67,2.79,1.81,2.79,2.79,2.79,,,13.06,2026-09-27T14:04:34+00:00
Antalya,Kemer,KEMER/OVACIK KÖYÜ,19152,2026-09-27T13:49:00.000Z,HHY,12.7,12.7,97,,,,,,,0.68,11.3,2.17,11.3,11.3,11.3,,,12.33,2026-09-27T14:04:34+00:00
Antalya,Gazipaşa,GAZİPAŞA/KARATEPE KÖYÜ,19153,2026-09-27T13:49:00.000Z,Çok Bulutlu,22.1,22.1,73,,,,,,,0,0,0,0,0,0,,,18.63,2026-09-27T14:04:34+00:00
Antalya,Alanya,ALANYA/TOSLAK,19154,2026-09-27T13:49:00.000Z,Çok Bulutlu,24.8,24.8,62,53,3.6,,,,,0,0,0,0,0,0,,,19.61,2026-09-27T14:04:34+00:00
Antalya,Kumluca,ANTALYA KUMLUCA RADAR SAHASI,19156,2026-09-27T13:49:00.000Z,HHY,13.8,13.8,,124,18.36,,,,,0.1,1,0.8,1,1,1,,,,2026-09-27T14:04:34+00:00
Antalya,Kepez,KEPEZ,19374,2026-09-27T13:48:00.000Z,Çok Bulutlu,22.3,22.3,62,256,17.64,,,,,0,0,0,0,0,0,,,17.35,2026-09-27T14:04:34+00:00
Antalya,Korkuteli,KORKUTELİ/BAYAT KÖYÜ,19914,2026-09-27T13:49:00.000Z,HHY,13.1,13.1,84,224,4.680000000000001,,,,,1.3,15.8,3.56,15.8,15.8,15.8,,,11.33,2026-09-27T14:04:34+00:00
Artvin,Hopa,HOPA,17042,2026-09-27T13:49:00.000Z,Çok Bulutlu,21.2,21.2,88,110,4.680000000000001,1011.2,1015.1,56750,,0,0,0,0,0,0,,24.2,19.7,2026-09-27T14:04:34+00:00
Artvin,Merkez,ARTVİN,17045,2026-09-27T13:49:00.000Z,Çok Bulutlu,19.4,19.4,79,326,13.32,942.1,1010.9,27680,,0,0,0,0,0,0,,,16.83,2026-09-27T14:04:34+00:00
Artvin,Yusufeli,YUSUFELİ,18216,2026-09-27T13:49:00.000Z,Çok Bulutlu,28.6,29.1,46,353,10.08,918.1,1004,,,0,0,0,0,0,0,,,20.4,2026-09-27T14:04:34+00:00
Artvin,Şavşat,ŞAVŞAT,18217,2026-09-27T13:48:00.000Z,Çok Bulutlu,25.5,27,66,101,0,883.9,1005.3,,,0,0,0,0,0,0,,,20.83,2026-09-27T14:04:34+00:00
Artvin,Ardanuç,ARDANUÇ,18218,2026-09-27T13:49:00.000Z,Çok Bulutlu,23.9,23.9,66,319,17.64,946.8,1011,,,0,0,0,0,0,0,,,19.36,2026-09-27T14:04:34+00:00
Artvin,Arhavi,ARHAVİ,18554,2026-09-27T13:49:00.000Z,Çok Bulutlu,19.7,19.7,89,169,9.360000000000001,,,,,0,0,0,0,0,0,,,18.35,2026-09-27T14:04:34+00:00
Artvin,Borçka,BORÇKA,18555,2026-09-27T13:49:00.000Z,Çok Bulutlu,22.4,22.4,63,60,16.92,,,,,0,0,0,0,0,0,,,17.58,2026-09-27T14:04:34+00:00
Artvin,Murgul,MURGUL,18556,2026-09-27T13:49:00.000Z,Çok Bulutlu,20.3,20.3,72,48,10.08,,,,,0,0.3,0,0,0,0.3,,,16.81,2026-09-27T14:04:34+00:00
Artvin,Şavşat,ŞAVŞAT/ÇUKUR YAYLASI,18715,2026-09-27T13:49:00.000Z,Çok Bulutlu,17.4,17.4,54,,,,,,,0,0,0,0,0,0,,,11.95,2026-09-27T14:04:34+00:00
Artvin,Yusufeli,YUSUFELİ/DOKUMACILAR KÖYÜ,18716,2026-09-27T13:49:00.000Z,Çok Bulutlu,18.5,18.5,55,,,,,,,0,0,0,0,0,0,,,13.04,2026-09-27T14:04:34+00:00
Artvin,Murgul,MURGUL KARAGÖL,18717,2026-09-27T13:49:00.000Z,Çok Bulutlu,17,17,72,,,,,,,0,0,0,0,0,0,,,13.72,2026-09-27T14:04:34+00:00
Artvin,Arhavi,ARHAVİ/BOYUNCUK KÖYÜ,18931,2026-09-27T13:49:00.000Z,Çok Bulutlu,12.5,12.5,94,0,,,,,,0,0.28,0,0,0,1.85,,,11.81,2026-09-27T14:04:34+00:00
Artvin,Hopa,HOPA/ÇAVUŞLU KÖYÜ,18932,2026-09-27T13:49:00.000Z,Çok Bulutlu,18.7,18.7,86,,,,,,,0,0,0,0,0,0.64,,,17.01,2026-09-27T14:04:34+00:00
Artvin,Kemalpaşa,KEMALPAŞA/KÖPRÜCÜ KÖYÜ,18933,2026-09-27T12:12:00.000Z,Çok Bulutlu,19.6,19.6,97,,,,,,,,0,,0,0,0.48,,,19.24,2026-09-27T14:04:34+00:00
Artvin,Merkez,ARTVİN/YUKARIMADEN KÖYÜ,18970,2026-09-27T13:49:00.000Z,Çok Bulutlu,22,22,55,96,0,847.6,1006.7,,,0,0.05,0,0,0.05,0.05,,,16.12,2026-09-27T14:04:34+00:00
Artvin,Borçka,BORÇKA/CANKURTARAN GEÇİDİ,19046,2026-09-27T13:49:00.000Z,Çok Bulutlu,15.4,15.4,100,,,,,,,0,0,0,0,0,0.73,,,,2026-09-27T14:04:34+00:00
Artvin,Yusufeli,YUSUFELİ/YAMAÇÜSTÜ KÖYÜ,19047,2026-09-27T13:49:00.000Z,Çok Bulutlu,15.8,15.8,77,,,,,,,0,2.86,0,2.86,2.86,2.86,,,13.16,2026-09-27T14:04:34+00:00
Artvin,Yusufeli,YUSUFELİ/YAYLALAR KÖYÜ,19048,2026-09-27T13:49:00.000Z,Çok Bulutlu,20.9,20.9,45,,,,,,,0,0,0,0,0,0,,,13.77,2026-09-27T14:04:34+00:00
Artvin,Yusufeli,YUSUFELİ/ALTIPARMAK KÖYÜ,19049,2026-09-27T13:49:00.000Z,Çok Bulutlu,23.6,23.6,42,,,,,,,0,0,0,0,0,0,,,15.57,2026-09-27T14:04:34+00:00
Artvin,Merkez,ARTVİN/BEŞAĞIL KÖYÜ,19232,2026-09-27T13:49:00.000Z,Çok Bulutlu,18,18,80,,,,,,,0,0,0,0,0,0,,,15.61,2026-09-27T14:04:34+00:00
Artvin,Yusufeli,YUSUFELİ/DEMİRKÖY KÖYÜ,19233,2026-09-27T13:49:00.000Z,Çok Bulutlu,24.2,24.2,62,,,,,,,0,0,0,0,0,0,,,19.07,2026-09-27T14:04:34+00:00
Artvin,Yusufeli,YUSUFELİ/DEMİRKENT,19925,2026-09-27T13:48:00.000Z,Çok Bulutlu,27.3,28.3,55,,,,,,,0,0,0,0,0,0,,,20.79,2026-09-27T14:04:34+00:00
Aydın,Efeler,AYDIN ÇILDIR HAVALİMANI,17227,2026-09-27T13:16:00.000Z,Hafif Sağanak Yağışlı,19.7,19.7,80,229,6.48,1008.3,1011.9,10000,7,,4.4,0,4.2,4.4,4.4,,,17.24,2026-09-27T14:04:34+00:00
Aydın,Kuşadası,KUŞADASI,17232,2026-09-27T13:49:00.000Z,Hafif Sağanak Yağışlı,18.8,18.8,97,346,2.8800000000000003,1009.8,1012.7,8000,8,0,17.96,0,14.25,16.99,18.36,,22.8,18.44,2026-09-27T14:04:34+00:00
Aydın,Didim,DİDİM,17233,2026-09-27T13:49:00.000Z,Çok Bulutlu,21.9,21.9,74,45,11.879999999999999,1006.3,1011.5,,,0,9.2,0,2.8,8.6,10,,,18.57,2026-09-27T14:04:34+00:00
Aydın,Efeler,AYDIN,17234,2026-09-27T13:49:00.000Z,Çok Bulutlu,19.8,19.8,88,102,0,1005.4,1012,19640,,0,3.24,0,2.83,3.24,3.24,,,18.33,2026-09-27T14:04:34+00:00
Aydın,Sultanhisar,SULTANHİSAR,17850,2026-09-27T13:50:00.000Z,Çok Bulutlu,21.7,21.7,81,218,3.9600000000000004,1004.4,1012.9,,,0,2.6,0,2.6,2.6,2.6,,,19.29,2026-09-27T14:04:34+00:00
Aydın,Nazilli,NAZİLLİ,17860,2026-09-27T13:49:00.000Z,Çok Bulutlu,21.3,21.3,72,209,3.6,1001.5,1011.3,19480,,0,0.2,0,0.2,0.2,0.2,,,17.75,2026-09-27T14:04:34+00:00
Aydın,Söke,SÖKE,17881,2026-09-27T13:49:00.000Z,Çok Bulutlu,19.5,19.5,77,292,7.920000000000001,1011.2,1012.6,35180,,0,9,0.2,6.8,9,9.6,,,16.68,2026-09-27T14:04:34+00:00
Aydın,Çine,ÇİNE,18023,2026-09-27T13:49:00.000Z,Çok Bulutlu,20.2,20.2,84,252,1.8,1004.2,1012.4,,,0,6.5,0,5.4,6.5,6.5,,,18.22,2026-09-27T14:04:34+00:00
Aydın,Çine,ÇİNE/KAVŞİT EKİP ORMAN SAHASI,18024,2026-09-27T13:49:00.000Z,Çok Bulutlu,15.9,15.9,94,351,8.64,931.6,1012.8,,,0,11.5,0,9.9,11.5,11.5,,,15.19,2026-09-27T14:04:34+00:00
Aydın,Karacasu,KARACASU,18025,2026-09-27T13:49:00.000Z,Çok Bulutlu,18.1,18.1,87,222,3.9600000000000004,944.4,1010.1,,,0,0.5,0,0.5,0.5,0.5,,,16.54,2026-09-27T14:04:34+00:00
Aydın,İncirliova,İNCİRLİOVA/İNCİR ARŞ.(TAGEM),18026,2026-09-27T13:49:00.000Z,Çok Bulutlu,19.8,19.8,90,148,9,1006.5,1012.4,,,0,5.1,0,2.7,5.1,5.1,,,18.57,2026-09-27T14:04:34+00:00
Aydın,Bozdoğan,BOZDOĞAN,18027,2026-09-27T13:49:00.000Z,Çok Bulutlu,20.5,20.5,78,249,5.760000000000001,995.4,1012.2,,,0,2.4,0,2.4,2.4,2.4,,,17.76,2026-09-27T14:04:34+00:00
Aydın,Buharkent,BUHARKENT,18425,2026-09-27T13:49:00.000Z,Çok Bulutlu,20.8,20.8,61,87,10.44,,,,,0,0,0,0,0,0,,,15.86,2026-09-27T14:04:34+00:00
Aydın,Germencik,GERMENCİK,18426,2026-09-27T13:49:00.000Z,Çok Bulutlu,21.1,21.1,72,298,12.24,,,,,0,7.5,0.1,5.5,7.5,7.5,,,17.56,2026-09-27T14:04:34+00:00
Aydın,Koçarlı,KOÇARLI,18427,2026-09-27T13:49:00.000Z,Çok Bulutlu,20.8,20.8,82,141,4.680000000000001,,,,,0,4.61,0,3.51,4.61,4.61,,,18.55,2026-09-27T14:04:34+00:00
Aydın,Köşk,KÖŞK,18428,2026-09-27T13:49:00.000Z,Çok Bulutlu,20,20,83,266,5.4,,,,,0,3.3,0,3.3,3.3,3.3,,,17.9,2026-09-27T14:04:34+00:00
Aydın,Kuyucak,KUYUCAK,18429,2026-09-27T13:49:00.000Z,Çok Bulutlu,21.2,21.2,76,167,6.12,,,,,0,0.29,0,0.29,0.29,0.29,,,18.17,2026-09-27T14:04:34+00:00
Aydın,Yenipazar,AYDIN/YENİPAZAR,18430,2026-09-27T13:49:00.000Z,Çok Bulutlu,20.2,20.2,86,251,9.360000000000001,,,,,0,2.9,0,2.9,2.9,2.9,,,18.47,2026-09-27T14:04:34+00:00
Aydın,Kuyucak,KUYUCAK/MUSAKOLU KÖYÜ,18596,2026-09-27T13:49:00.000Z,Çok Bulutlu,14.4,14.4,100,,,,,,,0,0.23,0,0.23,0.23,0.23,,,,2026-09-27T14:04:34+00:00
Aydın,Didim,DİDİM/AKBÜK BELDESİ,18808,2026-09-27T13:49:00.000Z,Çok Bulutlu,20.6,20.6,77,,,,,,,0,6.48,0,2.34,6.36,6.63,,,17.73,2026-09-27T14:04:34+00:00
Aydın,Çine,ÇİNE/BAHÇEARASI KÖYÜ,18809,2026-09-27T13:49:00.000Z,Çok Bulutlu,19.2,19.2,78,,,,,,,0,6.71,0,6.09,6.71,6.71,,,16.52,2026-09-27T14:04:34+00:00
Aydın,Söke,SÖKE/KARAKAYA KÖYÜ,18810,2026-09-27T13:49:00.000Z,Çok Bulutlu,19.3,19.3,85,,,,,,,0,3.06,0,1.53,3.06,3.06,,,17.47,2026-09-27T14:04:34+00:00
Aydın,Çine,ÇİNE/HACIPAŞALAR KÖYÜ,18811,2026-09-27T13:49:00.000Z,Çok Bulutlu,14.8,14.8,100,,,,,,,0,5.25,0,4.63,5.25,5.25,,,,2026-09-27T14:04:34+00:00
Aydın,Karpuzlu,KARPUZLU,19124,2026-09-27T13:49:00.000Z,Çok Bulutlu,18.9,18.9,89,247,3.9600000000000004,,,,,0,0,0,0,0,0,,,17.56,2026-09-27T14:04:34+00:00
Aydın,Kuşadası,KUŞADASI/GÜZELÇAMLI,19125,2026-09-27T13:49:00.000Z,Çok Bulutlu,18.4,18.4,,181,3.9600000000000004,,,,,0,0.97,0,0.05,0.94,1.1,,,,2026-09-27T14:04:34+00:00
Balıkesir,Bandırma,BANDIRMA,17114,2026-09-27T13:51:00.000Z,Çok Bulutlu,19.3,19.3,77,27,25.2,1008.6,1016,,,0,0,0,0,0,0,,,16.49,2026-09-27T14:04:34+00:00
Balıkesir,Bandırma,BANDIRMA HAVALİMANI,17115,2026-09-27T13:18:00.000Z,Çok Bulutlu,21.2,21.2,73,347,37.440000000000005,1011.4,1016.2,10000,6,,0,0,0,0,0,,,17.79,2026-09-27T14:04:34+00:00
Balıkesir,Edremit,BALIKESİR KOCA SEYİT HAVALİMANI,17143,2026-09-27T13:25:00.000Z,Çok Bulutlu,23.8,23.8,47,43,34.2,1013.3,1014.8,10000,6,,0,0,0,0,0,,,16.51,2026-09-27T14:04:34+00:00
Balıkesir,Edremit,EDREMİT,17145,2026-09-27T13:49:00.000Z,Çok Bulutlu,23.6,23.6,58,17,12.24,1011.8,1014.2,,,0,0,0,0,0,0,,,17.96,2026-09-27T14:04:34+00:00
Balıkesir,Altıeylül,BALIKESİR HAVALİMANI,17150,2026-09-27T13:18:00.000Z,Hafif Sağanak Yağışlı,21.7,21.7,58,11,29.52,1002.8,1015.2,10000,7,,0.4,0,0.4,0.4,0.4,,,16.27,2026-09-27T14:04:34+00:00
Balıkesir,Balya,BALIKESİR/AKÇALDEDE RADAR SAHASI,17158,2026-09-27T13:49:00.000Z,Çok Bulutlu,16.1,16.1,,1,32.76,942.3,1014.4,10450,,0,0,0,0,0,0,,,,2026-09-27T14:04:34+00:00
Balıkesir,Ayvalık,AYVALIK,17175,2026-09-27T13:50:00.000Z,Çok Bulutlu,23.7,23.7,53,41,10.8,1013.2,1013.7,68760,,0,0.01,0,0,0.01,0.01,,23.2,17.33,2026-09-27T14:04:34+00:00
Balıkesir,Erdek,ERDEK,17635,2026-09-27T13:47:00.000Z,Çok Bulutlu,21.6,21.6,58,18,9.360000000000001,,,,,0,0.02,0,0.02,0.02,0.02,,,16.18,2026-09-27T14:04:34+00:00
Balıkesir,Gönen,BALIKESİR/GÖNEN,17674,2026-09-27T13:49:00.000Z,Çok Bulutlu,21.3,21.3,70,352,7.5600000000000005,1011.4,1015.7,,,0,0,0,0,0,0,,,17.49,2026-09-27T14:04:34+00:00
Balıkesir,Bigadiç,BİGADİÇ,17698,2026-09-27T13:48:00.000Z,Çok Bulutlu,16.1,16.1,87,354,14.76,,,46,,0,0.2,0,0.2,0.2,0.2,,,14.58,2026-09-27T14:04:34+00:00
Balıkesir,Manyas,MANYAS,17699,2026-09-27T13:49:00.000Z,Çok Bulutlu,21.3,21.3,81,11,15.120000000000001,1012.2,1018.1,19690,,0,0,0,0,0,0,,,18.91,2026-09-27T14:04:34+00:00
Balıkesir,Dursunbey,DURSUNBEY,17700,2026-09-27T13:49:00.000Z,Çok Bulutlu,17.5,17.5,78,41,8.64,940,1014.1,75000,,0,0.2,0,0.2,0.2,0.2,,,14.89,2026-09-27T14:04:34+00:00
Balıkesir,Susurluk,SUSURLUK,17705,2026-09-27T13:49:00.000Z,Çok Bulutlu,20.7,20.7,78,32,20.16,,,,,0,0,0,0,0,0,,,17.95,2026-09-27T14:04:34+00:00
Balıkesir,Burhaniye,BURHANİYE,17722,2026-09-27T13:50:00.000Z,Çok Bulutlu,23.8,23.8,56,79,15.120000000000001,1010.8,1013.1,,,0,0,0,0,0,0,,,17.85,2026-09-27T14:04:34+00:00
Balıkesir,Gönen,GÖNEN/ÇİFTEÇEŞMELER KÖYÜ,17988,2026-09-27T13:49:00.000Z,Çok Bulutlu,19,19,96,62,33.84,997.5,1017.6,,,0,0,0,0,0,0,,,18.52,2026-09-27T14:04:34+00:00
Balıkesir,Kepsut,KEPSUT,18082,2026-09-27T13:49:00.000Z,Çok Bulutlu,21.2,21.2,66,22,21.240000000000002,1003.2,1014.5,,,0,0.2,0,0.2,0.2,0.2,,,16.88,2026-09-27T14:04:34+00:00
Balıkesir,Dursunbey,DURSUNBEY/YAYLA ORMAN SAHASI,18431,2026-09-27T13:49:00.000Z,Çok Bulutlu,16.3,16.3,98,269,5.4,919,1014.9,,,0,0,0,0,0,0,,,16.05,2026-09-27T14:04:34+00:00
Balıkesir,İvrindi,İVRİNDİ,18432,2026-09-27T13:49:00.000Z,Çok Bulutlu,19.8,19.8,69,18,23.400000000000002,,,,,0,0,0,0,0,0,,,15.97,2026-09-27T14:04:34+00:00
Balıkesir,Altıeylül,ALTIEYLÜL,18433,2026-09-27T13:49:00.000Z,Çok Bulutlu,22.1,22.1,71,9,24.840000000000003,1001.7,1014.5,,,0,0,0,0,0,0,,,18.37,2026-09-27T14:04:34+00:00
Balıkesir,Savaştepe,SAVAŞTEPE,18434,2026-09-27T13:49:00.000Z,Çok Bulutlu,18.6,18.6,78,43,9.360000000000001,,,,,0,0.25,0,0.25,0.25,0.25,,,15.94,2026-09-27T14:04:34+00:00
Balıkesir,Kepsut,KEPSUT/DALKÖY,18597,2026-09-27T13:49:00.000Z,Çok Bulutlu,14.5,14.5,88,,,,,,,0,0,0,0,0,0,,,13.13,2026-09-27T14:04:34+00:00
Balıkesir,Dursunbey,DURSUNBEY/REŞADİYE MEVKİ,18598,2026-09-27T13:49:00.000Z,Çok Bulutlu,12,12,93,,,,,,,0,0,0,0,0,0,,,11.21,2026-09-27T14:04:34+00:00
Balıkesir,Balya,BALYA/HİSARALAN ORMAN SAHASI,18812,2026-09-27T13:49:00.000Z,Çok Bulutlu,18.1,18.1,78,338,10.44,,,,,0,0,0,0,0,0,,,15.47,2026-09-27T14:04:34+00:00
Balıkesir,Edremit,EDREMİT/KAZ DAĞI MİLLİ PARKI,18813,2026-09-27T13:49:00.000Z,Parçalı Bulutlu,12.9,12.9,91,,,,,,,0,0,0,0,0,0,,,11.88,2026-09-27T14:04:34+00:00
Balıkesir,Balya,BALYA/DÖRTYOL KÖYÜ,18814,2026-09-27T13:49:00.000Z,Çok Bulutlu,17.9,17.9,74,,,,,,,0,0,0,0,0,0,,,14.8,2026-09-27T14:04:34+00:00
Balıkesir,Altıeylül,ALTIEYLÜL/KİRAZPINAR KÖYÜ,18815,2026-09-27T13:49:00.000Z,Çok Bulutlu,17.5,17.5,78,,,,,,,0,0.67,0,0.67,0.67,0.67,,,14.89,2026-09-27T14:04:34+00:00
Balıkesir,Dursunbey,DURSUNBEY/KAVACIK BELDESİ,18816,2026-09-27T13:49:00.000Z,Çok Bulutlu,15.9,15.9,77,,,,,,,0,0.22,0,0.22,0.22,0.22,,,13.25,2026-09-27T14:04:34+00:00
Balıkesir,Bigadiç,BİGADİÇ/GEDİKTEPE,18907,2026-09-27T13:49:00.000Z,Çok Bulutlu,10.1,10.1,97,49,25.2,855.2,1012.5,,,0,0.43,0,0.43,0.43,0.43,,,9.73,2026-09-27T14:04:34+00:00
Balıkesir,Gömeç,GÖMEÇ,19126,2026-09-27T13:49:00.000Z,Çok Bulutlu,23.7,23.7,58,42,29.880000000000003,,,,,0,0,0,0,0,0,,,18.05,2026-09-27T14:04:34+00:00
Balıkesir,Havran,HAVRAN,19127,2026-09-27T13:49:00.000Z,Çok Bulutlu,22.3,22.3,63,46,13.32,,,,,0,0,0,0,0,0,,,17.48,2026-09-27T14:04:34+00:00
Balıkesir,Sındırgı,SINDIRGI,19128,2026-09-27T13:49:00.000Z,Çok Bulutlu,17.8,17.8,,236,3.9600000000000004,,,,,0,1.41,0,1.41,1.41,1.41,,,,2026-09-27T14:04:34+00:00
Balıkesir,Edremit,EDREMİT/ALTINOLUK,19129,2026-09-27T13:49:00.000Z,Parçalı Bulutlu,25.2,25.8,47,36,19.08,,,,,0,0.01,0,0,0.01,0.01,,,17.7,2026-09-27T14:04:34+00:00
Bilecik,Merkez,BİLECİK,17120,2026-09-27T13:49:00.000Z,Çok Bulutlu,18,18,65,21,3.24,953.1,1014.9,20000,7,0,0,0,0,0,0,,,13.82,2026-09-27T14:04:34+00:00
Bilecik,Pazaryeri,PAZARYERİ,17701,2026-09-27T13:49:00.000Z,Çok Bulutlu,15.2,15.2,75,350,8.28,,,,,0,0,0,0,0,0,,,12.36,2026-09-27T14:04:34+00:00
Bilecik,Bozüyük,BOZÜYÜK,17702,2026-09-27T13:49:00.000Z,HHY,14.9,14.9,84,327,9,928.7,1014.2,,,0.2,0.6,0.6,0.6,0.6,0.6,,,13.08,2026-09-27T14:04:34+00:00
Bilecik,Söğüt,SÖĞÜT,17703,2026-09-27T13:50:00.000Z,HHY,14.4,14.4,89,322,4.680000000000001,936,1015.3,,,0.2,0.4,0.4,0.4,0.4,0.4,,,13.14,2026-09-27T14:04:34+00:00
Bilecik,Gölpazarı,GÖLPAZARI,18086,2026-09-27T13:49:00.000Z,Çok Bulutlu,16.8,16.8,77,337,5.04,953.8,1015.7,,,0,0,0,0,0,0,,,14.11,2026-09-27T14:04:34+00:00
Bilecik,Osmaneli,OSMANELİ,18087,2026-09-27T13:49:00.000Z,Çok Bulutlu,22.2,22.2,56,351,5.04,1004.3,1015.5,,,0,0,0,0,0,0,,,16.44,2026-09-27T14:04:34+00:00
Bilecik,İnhisar,İNHİSAR,18380,2026-09-27T13:49:00.000Z,Çok Bulutlu,18,18,78,0,7.920000000000001,,,,,0,0.36,0.19,0.36,0.36,0.36,,,15.37,2026-09-27T14:04:34+00:00
Bilecik,Yenipazar,BİLECİK/YENİPAZAR,18381,2026-09-27T13:49:00.000Z,HHY,15.3,15.3,79,234,7.920000000000001,,,,,0,1.11,0.57,1.11,1.11,1.11,,,12.91,2026-09-27T14:04:34+00:00
Bilecik,Bozüyük,BOZÜYÜK/DODURGA BELDESİ,18828,2026-09-27T13:49:00.000Z,HHY,12.5,12.5,100,,,,,,,0,0.46,0.46,0.46,0.46,0.46,,,,2026-09-27T14:04:34+00:00
Bilecik,Merkez,BİLECİK ŞEYH EDEBALİ ÜNİ.,18913,2026-09-27T13:46:00.000Z,Çok Bulutlu,18.8,18.8,68,25,3.9600000000000004,951.6,1019.3,,,0,0,0,0,0,0,,,14.92,2026-09-27T14:04:34+00:00
Bilecik,Pazaryeri,PAZARYERİ/BOZCAARMUT KÖYÜ,18925,2026-09-27T13:49:00.000Z,Çok Bulutlu,12.6,12.6,97,319,0.7200000000000001,892.2,1015.1,,,0,0.05,0,0.05,0.05,0.05,,,12.23,2026-09-27T14:04:34+00:00
Bilecik,Merkez,BİLECİK/ABADİYE KÖYÜ,19140,2026-09-27T13:49:00.000Z,Çok Bulutlu,18,18,80,,,,,,,0,0,0,0,0,0,,,15.61,2026-09-27T14:04:34+00:00
Bilecik,Söğüt,SÖĞÜT/KÜRE KÖYÜ,19141,2026-09-27T13:49:00.000Z,Çok Bulutlu,18.4,18.4,73,,,,,,,0.02,0.06,0.06,0.06,0.06,0.06,,,15.15,2026-09-27T14:04:34+00:00
Bilecik,Gölpazarı,GÖLPAZARI/KARAAĞAÇ KÖYÜ,19142,2026-09-27T13:50:00.000Z,Çok Bulutlu,19.8,19.8,72,,,,,,,0.01,0.01,0.01,0.01,0.01,0.01,,,16.34,2026-09-27T14:04:34+00:00
Bingöl,Merkez,BİNGÖL,17203,2026-09-27T13:49:00.000Z,Az Bulutlu,29,29,19,209,11.879999999999999,884.2,1005.2,20000,2,0,0,0,0,0,0,,,14.95,2026-09-27T14:04:34+00:00
Bingöl,Solhan,SOLHAN,17776,2026-09-27T13:49:00.000Z,Çok Bulutlu,27.4,27.4,21,174,12.6,861.6,1005,56920,,0,0,0,0,0,0,,,14.38,2026-09-27T14:04:34+00:00
Bingöl,Genç,GENÇ,17808,2026-09-27T13:49:00.000Z,Parçalı Bulutlu,31.7,31.7,20,273,15.48,899.6,,,,0,0,0,0,0,0,,,17.06,2026-09-27T14:04:34+00:00
Bingöl,Kiğı,KİĞI,18176,2026-09-27T13:49:00.000Z,Çok Bulutlu,25.1,25.1,31,201,7.2,849.8,1006.7,,,0,0,0,0,0,0,,,14.86,2026-09-27T14:04:34+00:00
Bingöl,Karlıova,KARLIOVA,18177,2026-09-27T13:49:00.000Z,Parçalı Bulutlu,24,24,37,7,9.360000000000001,817.5,1006.1,75000,,0,0,0,0,0,0,,,15.07,2026-09-27T14:04:34+00:00
Bingöl,Adaklı,ADAKLI,18348,2026-09-27T13:49:00.000Z,Çok Bulutlu,27.8,27.8,26,151,11.16,,,,,0,0,0,0,0,0,,,15.84,2026-09-27T14:04:34+00:00
Bingöl,Yayladere,YAYLADERE,18349,2026-09-27T13:49:00.000Z,Çok Bulutlu,24.6,24.6,27,195,15.48,,,,,0,0,0,0,0,0,,,13.71,2026-09-27T14:04:34+00:00
Bingöl,Yedisu,YEDİSU,18350,2026-09-27T13:49:00.000Z,Parçalı Bulutlu,26.3,26.3,29,185,17.64,,,,,0,0,0,0,0,0,,,15.37,2026-09-27T14:04:34+00:00
Bingöl,Genç,GENÇ/BAYIRLI KÖYÜ,18763,2026-09-27T13:49:00.000Z,Çok Bulutlu,23.8,23.8,36,,,,,,,0,0.05,0,0.05,0.05,0.05,,,14.74,2026-09-27T14:04:34+00:00
Bingöl,Karlıova,KARLIOVA/KAYNAK KÖYÜ,18764,2026-09-27T13:49:00.000Z,Parçalı Bulutlu,22.4,22.4,32,,,,,,,0,0,0,0,0,0,,,12.97,2026-09-27T14:04:34+00:00
Bingöl,Merkez,BİNGÖL/GAYT BARAJI,18953,2026-09-27T13:49:00.000Z,Çok Bulutlu,25,25,26,157,22.68,,,,,0,0,0,0,0,0,,,13.8,2026-09-27T14:04:34+00:00
Bingöl,Merkez,BİNGÖL/GÜLBAHAR BARAJI,18954,2026-09-27T13:49:00.000Z,Çok Bulutlu,27.5,27.5,19,225,12.24,,,,,0,0,0,0,0,0,,,13.94,2026-09-27T14:04:34+00:00
Bingöl,Merkez,BİNGÖL/ALATEPE KÖYÜ,19081,2026-09-27T13:49:00.000Z,Parçalı Bulutlu,26,26,26,,,,,,,0,0,0,0,0,0,,,14.53,2026-09-27T14:04:34+00:00
Bingöl,Merkez,BİNGÖL/YOLÇATI KÖYÜ,19082,2026-09-27T13:49:00.000Z,Çok Bulutlu,25,25,25,,,,,,,0,0,0,0,0,0,,,13.59,2026-09-27T14:04:34+00:00
Bingöl,Merkez,BİNGÖL/SANCAK KÖYÜ,19259,2026-09-27T13:49:00.000Z,Çok Bulutlu,25.3,25.3,30,,,,,,,0,0.06,0,0.06,0.06,0.06,,,14.82,2026-09-27T14:04:34+00:00
Bingöl,Merkez,BİNGÖL/HESAREK KAYAK MERKEZİ,19917,2026-09-27T13:49:00.000Z,Çok Bulutlu,22.4,22.4,25,151,4.32,,,,,0,0,0,0,0,0,,,11.72,2026-09-27T14:04:34+00:00
Bitlis,Tatvan,TATVAN,17205,2026-09-27T13:49:00.000Z,Açık,22.1,22.1,41,129,1.8,834.3,1008.6,22680,,0,0,0,0,0,0,,,14.18,2026-09-27T14:04:34+00:00
Bitlis,Merkez,BİTLİS,17208,2026-09-27T13:49:00.000Z,Parçalı Bulutlu,24.8,24.8,21,200,15.120000000000001,821.6,1004.7,20000,4,0,0,0,0,0,0,,,12.59,2026-09-27T14:04:34+00:00
Bitlis,Ahlat,AHLAT,17810,2026-09-27T13:49:00.000Z,Açık,21.8,21.8,46,301,1.4400000000000002,828.6,1009.1,,,0,0,0,0,0,0,,,14.67,2026-09-27T14:04:34+00:00
Bitlis,Adilcevaz,ADİLCEVAZ,18576,2026-09-27T13:49:00.000Z,Açık,23.5,23.5,51,273,3.9600000000000004,,,,,0,0,0,0,0,0,,,16.86,2026-09-27T14:04:34+00:00
Bitlis,Hizan,HİZAN,18578,2026-09-27T13:49:00.000Z,Parçalı Bulutlu,27.4,27.4,30,241,7.5600000000000005,,,,,0,0,0,0,0,0,,,16.41,2026-09-27T14:04:34+00:00
Bitlis,Mutki,MUTKİ,18579,2026-09-27T13:49:00.000Z,Açık,27.2,27.2,19,188,5.760000000000001,,,,,0,0,0,0,0,0,,,13.74,2026-09-27T14:04:34+00:00
Bitlis,Tatvan,TATVAN/YELKENLİ BELDESİ,19091,2026-09-27T13:49:00.000Z,Açık,24.6,24.6,33,,,,,,,0,0,0,0,0,0,,,14.84,2026-09-27T14:04:34+00:00
Bitlis,Ahlat,AHLAT/BURCUKAYA KÖYÜ,19092,2026-09-27T13:49:00.000Z,Az Bulutlu,23.8,23.8,30,,,,,,,0,0,0,0,0,0,,,13.69,2026-09-27T14:04:34+00:00
Bitlis,Adilcevaz,ADİLCEVAZ/ÇANAKYAYLA KÖYÜ,19266,2026-09-27T13:49:00.000Z,Açık,20.8,20.8,33,,,,,,,0,0,0,0,0,0,,,11.9,2026-09-27T14:04:34+00:00
Bolu,Merkez,BOLU,17070,2026-09-27T13:49:00.000Z,Çok Bulutlu,17,17,72,228,6.12,929.6,1013.8,,,0,0,0,0,0,0,,,13.72,2026-09-27T14:04:34+00:00
Bolu,Merkez,BOLU DAĞI,17637,2026-09-27T13:49:00.000Z,Çok Bulutlu,14.5,14.5,95,51,14.04,,,20910,,0,0.2,0,0,0.2,0.2,,,13.91,2026-09-27T14:04:34+00:00
Bolu,Gerede,GEREDE,17642,2026-09-27T13:49:00.000Z,Çok Bulutlu,13.7,13.7,74,21,20.88,873.9,1013.9,7890,,0,0,0,0,0,0,,,10.84,2026-09-27T14:04:34+00:00
Bolu,Seben,SEBEN,17693,2026-09-27T13:49:00.000Z,Çok Bulutlu,18.3,18.3,60,19,3.6,,,,,0,0,0,0,0,0,,,13.48,2026-09-27T14:04:34+00:00
Bolu,Kıbrıscık,KIBRISCIK,17694,2026-09-27T13:49:00.000Z,Çok Bulutlu,18.9,18.9,,138,15.840000000000002,879.8,1010.6,48100,,0,0,0,0,0,0,,,,2026-09-27T14:04:34+00:00
Bolu,Mudurnu,MUDURNU,18158,2026-09-27T13:49:00.000Z,Çok Bulutlu,17.3,17.3,70,45,5.760000000000001,926.5,1015.6,,,0,0,0,0,0,0,,,13.76,2026-09-27T14:04:34+00:00
Bolu,Merkez,BOLU/BATI KARADENİZ ORMAN ARŞ.,18239,2026-09-27T13:49:00.000Z,Çok Bulutlu,12.8,12.8,75,340,7.2,867,1015,,,0,0,0,0,0,0,,,10.09,2026-09-27T14:04:34+00:00
Bolu,Göynük,GÖYNÜK,18246,2026-09-27T13:44:00.000Z,Çok Bulutlu,17,17,72,159,5.04,,,,,0,0,0,0,0,0,,,13.72,2026-09-27T14:04:34+00:00
Bolu,Mengen,MENGEN,18247,2026-09-27T13:49:00.000Z,Çok Bulutlu,19.4,19.4,61,339,7.5600000000000005,,,,,0,0,0,0,0,0,,,14.6,2026-09-27T14:04:34+00:00
Bolu,Yeniçağa,YENİÇAĞA,18248,2026-09-27T13:49:00.000Z,Çok Bulutlu,16.3,16.3,77,356,14.76,,,,,0,0,0,0,0,0,,,13.63,2026-09-27T14:04:34+00:00
Bolu,Gerede,GEREDE/SAMAT KÖYÜ,18693,2026-09-27T13:49:00.000Z,Çok Bulutlu,13.9,13.9,100,,,,,,,0.08,0.08,0.08,0.08,0.08,0.08,,,,2026-09-27T14:04:34+00:00
Bolu,Dörtdivan,DÖRTDİVAN/ÇETİKÖREN KÖYÜ,18694,2026-09-27T13:49:00.000Z,Çok Bulutlu,14.2,14.2,78,,,,,,,0,0,0,0,0,0,,,11.74,2026-09-27T14:04:34+00:00
Bolu,Mudurnu,MUDURNU/ABANT GÖLÜ,18695,2026-09-27T13:49:00.000Z,Çok Bulutlu,10.3,10.3,89,,,,,,,0,0.11,0,0.11,0.11,0.11,,,9.11,2026-09-27T14:04:34+00:00
Bolu,Göynük,GÖYNÜK/HİMMETOĞLU KÖYÜ,19011,2026-09-27T13:49:00.000Z,Çok Bulutlu,18.4,18.4,69,,,,,,,0,0,0,0,0,0,,,14.67,2026-09-27T14:04:34+00:00
Bolu,Merkez,BOLU/ÇELE ORMAN SAHASI,19012,2026-09-27T13:49:00.000Z,Çok Bulutlu,16.2,16.2,85,192,3.9600000000000004,,,,,0,0,0,0,0,0,,,14.45,2026-09-27T14:04:34+00:00
Bolu,Merkez,BOLU/BALTALI KÖYÜ,19013,2026-09-27T13:49:00.000Z,Çok Bulutlu,13.3,13.3,93,,,,,,,0,0,0,0,0,0,,,12.5,2026-09-27T14:04:34+00:00
Bolu,Dörtdivan,DÖRTDİVAN,19208,2026-09-27T13:49:00.000Z,Çok Bulutlu,14.5,14.5,80,5,17.64,,,,,0,0,0,0,0,0,,,12.25,2026-09-27T14:04:34+00:00
Bolu,Merkez,BOLU/YEDİGÖLLER MİLLİ PARKI,19209,2026-09-27T13:49:00.000Z,Çok Bulutlu,17.9,17.9,68,,,,,,,0,0,0,0,0,0,,,14.08,2026-09-27T14:04:34+00:00
Burdur,Merkez,BURDUR,17238,2026-09-27T13:49:00.000Z,Hafif Sağanak Yağışlı,14.4,14.4,80,203,5.04,904.4,1009.7,12000,7,0.5,6.1,2,6.1,6.1,6.1,,,12.15,2026-09-27T14:04:34+00:00
Burdur,Gölhisar,GÖLHİSAR,17891,2026-09-27T13:49:00.000Z,Yağmurlu,15.4,15.4,84,228,2.8800000000000003,902.6,1012.8,14780,,0.05,1.65,0.05,1.65,1.65,1.65,,,13.56,2026-09-27T14:04:34+00:00
Burdur,Tefenni,TEFENNİ,17892,2026-09-27T13:49:00.000Z,Çok Bulutlu,12.8,12.8,93,72,6.48,882.8,1008,,,0.07,2.98,0.14,2.98,2.98,2.98,,,12.0,2026-09-27T14:04:34+00:00
Burdur,Bucak,BUCAK/SEYDİKÖY,17894,2026-09-27T13:49:00.000Z,HHY,13.9,13.9,100,200,15.840000000000002,913.8,1011.1,,,0.93,5.21,4.83,5.21,5.21,5.21,,,,2026-09-27T14:04:34+00:00
Burdur,Bucak,BUCAK/KARACAÖREN,18111,2026-09-27T13:48:00.000Z,HHY,17.9,17.9,,117,1.8,969.3,1012.3,,,4.4,16.3,14.5,16.3,16.3,16.3,,,,2026-09-27T14:04:34+00:00
Burdur,Ağlasun,AĞLASUN,18112,2026-09-27T13:49:00.000Z,HHY,13.1,13.1,90,213,7.2,884.9,1009.7,,,0.6,1.5,0.8,1.5,1.5,1.5,,,11.97,2026-09-27T14:04:34+00:00
Burdur,Yeşilova,YEŞİLOVA,18113,2026-09-27T13:48:00.000Z,HHY,12.7,12.7,94,66,7.920000000000001,878.2,1010.2,,,0.1,3,0.4,3,3,3,,,12.01,2026-09-27T14:04:34+00:00
Burdur,Altınyayla,BURDUR/ALTINYAYLA,18308,2026-09-27T13:49:00.000Z,HHY,12.3,12.3,87,29,14.04,,,,,0.17,2.79,0.23,2.79,2.79,2.79,,,10.87,2026-09-27T14:04:34+00:00
Burdur,Çavdır,ÇAVDIR,18309,2026-09-27T13:49:00.000Z,Çok Bulutlu,14.2,14.2,70,44,10.8,,,,,0,1.44,0.1,1.44,1.44,1.44,,,10.88,2026-09-27T14:04:34+00:00
Burdur,Çavdır,ÇAVDIR/SÖĞÜT BELDESİ,18310,2026-09-27T13:49:00.000Z,Çok Bulutlu,12.5,12.5,100,127,14.76,,,,,0,2.82,0,2.82,2.82,2.82,,,,2026-09-27T14:04:34+00:00
Burdur,Çeltikçi,ÇELTİKÇİ,18311,2026-09-27T13:49:00.000Z,HHY,14,14,90,357,3.6,,,,,0.59,1.84,1.34,1.84,1.84,1.84,,,12.86,2026-09-27T14:04:34+00:00
Burdur,Karamanlı,KARAMANLI,18312,2026-09-27T13:49:00.000Z,Çok Bulutlu,12.1,12.1,87,40,8.64,,,,,0.07,3.48,0.1,3.48,3.48,3.48,,,10.67,2026-09-27T14:04:34+00:00
Burdur,Kemer,BURDUR/KEMER,18313,2026-09-27T13:49:00.000Z,HHY,12.6,12.6,88,118,7.5600000000000005,,,,,0.02,8.34,1.18,8.34,8.34,8.34,,,11.27,2026-09-27T14:04:34+00:00
Burdur,Merkez,MEHMET AKİF ERSOY ÜNİVERSİTESİ,18314,2026-09-27T13:49:00.000Z,HHY,12,12,95,222,12.96,,,,,0.1,3.7,1.6,3.7,3.7,3.7,,,11.42,2026-09-27T14:04:34+00:00
Burdur,Gölhisar,GÖLHİSAR/ELMALIYURT MEVKİ,18620,2026-09-27T13:49:00.000Z,Çok Bulutlu,10.6,10.6,100,,,,,,,0,3.64,0,3.59,3.64,3.64,,,,2026-09-27T14:04:34+00:00
Burdur,Merkez,BURDUR/ERİKLİ MEVKİ,18621,2026-09-27T13:49:00.000Z,HHY,9.9,9.9,100,,,,,,,0.12,7.55,3.12,7.55,7.55,7.55,,,,2026-09-27T14:04:34+00:00
Burdur,Merkez,BURDUR/YAYLABELİ KÖYÜ,18622,2026-09-27T13:49:00.000Z,HHY,11.6,11.6,100,,,,,,,0.57,8.32,4.38,8.32,8.32,8.32,,,,2026-09-27T14:04:34+00:00
Burdur,Tefenni,TEFENNİ/BELKAYA KÖYÜ,18623,2026-09-27T13:49:00.000Z,Çok Bulutlu,12.3,12.3,100,,,,,,,0,2.97,0.07,2.97,2.97,2.97,,,,2026-09-27T14:04:34+00:00
Burdur,Bucak,BUCAK/KIZILKAYA BELDESİ,18841,2026-09-27T13:49:00.000Z,HHY,14.7,14.7,81,,,,,,,0.45,2.63,0.98,2.63,2.63,2.63,,,12.55,2026-09-27T14:04:34+00:00
Burdur,Bucak,BUCAK/PAMUCAK ORMAN SAHASI,18842,2026-09-27T13:49:00.000Z,Çok Bulutlu,15.7,15.7,82,278,14.76,,,,,0,0.2,0.2,0.2,0.2,0.2,,,13.63,2026-09-27T14:04:34+00:00
Burdur,Yeşilova,YEŞİLOVA/BAYINDIR KÖYÜ,18843,2026-09-27T13:49:00.000Z,HHY,13.2,13.2,90,,,,,,,0.14,4.51,1.37,4.51,4.51,4.51,,,12.07,2026-09-27T14:04:34+00:00
Burdur,Merkez,BURDUR GÖLÜ,18995,2026-09-27T13:49:00.000Z,Hafif Yağmurlu,14.7,14.7,88,254,6.84,915.8,1011.8,4520,,0.41,8.03,3.87,8.03,8.03,8.03,,,13.33,2026-09-27T14:04:34+00:00
Burdur,Yeşilova,YEŞİLOVA/HARMANLI KÖYÜ,19157,2026-09-27T13:49:00.000Z,Çok Bulutlu,12.1,12.1,91,,,,,,,0,2.59,0,2.59,2.59,2.59,,,11.09,2026-09-27T14:04:34+00:00
Burdur,Ağlasun,AĞLASUN/YUMRUTAŞ KÖYÜ,19158,2026-09-27T13:49:00.000Z,HHY,13.5,13.5,84,,,,,,,0.7,1.63,1.32,1.61,1.63,1.63,,,11.72,2026-09-27T14:04:34+00:00
Bursa,Osmangazi,BURSA,17116,2026-09-27T13:49:00.000Z,Çok Bulutlu,22.1,22.1,57,33,18,1003.1,1014.8,20000,6,0,0,0,0,0,0,,,16.49,2026-09-27T14:04:34+00:00
Bursa,Yenişehir,BURSA YENİŞEHİR HAVALİMANI,17118,2026-09-27T13:19:00.000Z,Çok Bulutlu,21.4,21.4,53,355,8.28,988.7,1016,10000,7,,0,0,0,0,0,,,15.32,2026-09-27T14:04:34+00:00
Bursa,İznik,İZNİK,17661,2026-09-27T13:49:00.000Z,Çok Bulutlu,21.6,21.6,54,358,12.24,1003.1,1013.6,,,0,0,0,0,0,0,,,15.63,2026-09-27T14:04:34+00:00
Bursa,Gemlik,GEMLİK,17663,2026-09-27T13:49:00.000Z,Çok Bulutlu,22.8,22.8,52,122,9,1002.9,1012.8,,,0,0,0,0,0,0,,,16.4,2026-09-27T14:04:34+00:00
Bursa,Karacabey,KARACABEY,17673,2026-09-27T13:49:00.000Z,Çok Bulutlu,21.8,21.8,63,15,23.040000000000003,,,,,0,0,0,0,0,0,,,17.03,2026-09-27T14:04:34+00:00
Bursa,Mustafakemalpaşa,MUSTAFAKEMALPAŞA,17675,2026-09-27T13:49:00.000Z,Çok Bulutlu,21.6,21.6,83,30,12.96,1012.7,1016.8,,,0,0,0,0,0,0,,,19.45,2026-09-27T14:04:34+00:00
Bursa,Osmangazi,ULUDAĞ,17676,2026-09-27T13:49:00.000Z,Çok Bulutlu,6.5,6.5,92,44,7.920000000000001,812.6,1015.8,,,0,0,0,0,0,0,,,5.66,2026-09-27T14:04:34+00:00
Bursa,Keles,KELES,17695,2026-09-27T13:49:00.000Z,Çok Bulutlu,16.6,16.6,66,45,7.2,895.3,1013.2,59120,,0,0,0,0,0,0,,,12.65,2026-09-27T14:04:34+00:00
Bursa,İnegöl,İNEGÖL,17984,2026-09-27T13:49:00.000Z,Çok Bulutlu,20,20,70,0,0,981.6,1015.4,,,0,0,0,0,0,0,,,16.28,2026-09-27T14:04:34+00:00
Bursa,Orhaneli,ORHANELİ,18083,2026-09-27T13:49:00.000Z,Çok Bulutlu,19.6,19.6,62,271,9.72,953.7,1013.4,,,0,0,0,0,0,0,,,14.9,2026-09-27T14:04:34+00:00
Bursa,Büyükorhan,BÜYÜKORHAN,18382,2026-09-27T13:49:00.000Z,Çok Bulutlu,17.3,17.3,67,304,21.6,,,,,0,0,0,0,0,0,,,13.41,2026-09-27T14:04:34+00:00
Bursa,Harmancık,HARMANCIK,18383,2026-09-27T13:49:00.000Z,Çok Bulutlu,20.7,20.7,52,354,6.12,,,,,0,0,0,0,0,0,,,14.57,2026-09-27T14:04:34+00:00
Bursa,Kestel,KESTEL,18384,2026-09-27T13:49:00.000Z,Çok Bulutlu,21.5,21.5,55,54,12.96,,,,,0,0,0,0,0,0,,,15.68,2026-09-27T14:04:34+00:00
Bursa,Mudanya,MUDANYA,18385,2026-09-27T13:49:00.000Z,Çok Bulutlu,22.6,22.6,73,21,21.240000000000002,,,,,0,0,0,0,0,0.18,,,19.1,2026-09-27T14:04:34+00:00
Bursa,Nilüfer,NİLÜFER,18386,2026-09-27T13:49:00.000Z,Çok Bulutlu,22.9,22.9,60,25,16.2,,,,,0,0,0,0,0,0,,,17.62,2026-09-27T14:04:34+00:00
Bursa,Orhangazi,ORHANGAZİ,18387,2026-09-27T13:49:00.000Z,Çok Bulutlu,22.4,22.4,60,13,11.520000000000001,,,,,0,0,0,0,0,0,,,17.17,2026-09-27T14:04:34+00:00
Bursa,Osmangazi,OSMANGAZİ/GÜNDOĞDU,18741,2026-09-27T13:49:00.000Z,Çok Bulutlu,19.3,19.3,76,,,,,,,0,0,0,0,0,0,,,16.37,2026-09-27T14:04:34+00:00
Bursa,Yenişehir,YENİŞEHİR/ALAYLI KÖYÜ,18743,2026-09-27T13:49:00.000Z,Çok Bulutlu,18.2,18.2,70,,,,,,,0,0,0,0,0,0,,,14.6,2026-09-27T14:04:34+00:00
Bursa,Gürsu,GÜRSU,18745,2026-09-27T13:49:00.000Z,Çok Bulutlu,22.6,22.6,67,,,,,,,0,0,0,0,0,0,,,18.3,2026-09-27T14:04:34+00:00
Bursa,Yıldırım,YILDIRIM,18746,2026-09-27T13:49:00.000Z,Çok Bulutlu,22.9,22.9,63,,,,,,,0,0,0,0,0,0,,,18.03,2026-09-27T14:04:34+00:00
Bursa,İznik,İZNİK/BURSA RADAR SAHASI,18755,2026-09-27T13:49:00.000Z,Çok Bulutlu,10.5,10.5,97,356,0,878.8,1016.5,,,0,0,0,0,0,0,,,10.13,2026-09-27T14:04:34+00:00
Bursa,Osmangazi,OSMANGAZİ/SARIALAN,18756,2026-09-27T13:49:00.000Z,Çok Bulutlu,8.9,8.9,100,,,,,,,0,0,0,0,0,0,,,,2026-09-27T14:04:34+00:00
Bursa,Karacabey,KARACABEY/BAYRAMDERE GÖLETİ,18829,2026-09-27T13:49:00.000Z,Çok Bulutlu,17.7,17.7,93,,,,,,,0,0,0,0,0,0,,,16.86,2026-09-27T14:04:34+00:00
Bursa,Mustafakemalpaşa,MUSTAFAKEMALPAŞA/ ESKİKIZILELMA KÖYÜ,18830,2026-09-27T13:49:00.000Z,Çok Bulutlu,17.7,17.7,78,,,,,,,0,0,0,0,0,0,,,15.08,2026-09-27T14:04:34+00:00
Bursa,Mustafakemalpaşa,MUSTAFAKEMALPAŞA/GÜRGENDAĞ ORMAN SAHASI,18831,2026-09-27T13:49:00.000Z,Çok Bulutlu,16.7,16.7,94,320,14.04,,,,,0,0,0,0,0,0,,,15.98,2026-09-27T14:04:34+00:00
Bursa,Osmangazi,ULUDAĞ TELEFERİK,19915,2026-09-27T13:49:00.000Z,Çok Bulutlu,9.8,9.8,82,95,8.28,821.4,1013.6,,,0,0.07,0,0.02,0.07,0.1,,,7.93,2026-09-27T14:04:34+00:00
Çanakkale,Gökçeada,ÇANAKKALE GÖKÇEADA HAVALİMANI,17109,2026-09-27T13:28:00.000Z,Parçalı Bulutlu,23.7,23.7,61,4,15.48,1015.2,1018,13000,,,0,0,0,0,0,,,18.48,2026-09-27T14:04:34+00:00
Çanakkale,Gökçeada,GÖKÇEADA,17110,2026-09-27T13:49:00.000Z,Az Bulutlu,23.1,23.1,53,3,18,1007.8,1017.1,,,0,0,0,0,0,0,,,16.8,2026-09-27T14:04:34+00:00
Çanakkale,Bozcaada,BOZCAADA,17111,2026-09-27T13:49:00.000Z,Parçalı Bulutlu,21.4,21.4,60,22,38.16,1012.5,1016,,,0,0,0,0,0,0,,,16.27,2026-09-27T14:04:34+00:00
Çanakkale,Merkez,ÇANAKKALE,17112,2026-09-27T13:49:00.000Z,Parçalı Bulutlu,23.2,23.2,53,55,11.879999999999999,1015.5,1016.2,,,0,0,0,0,0,0,,22.6,16.89,2026-09-27T14:04:34+00:00
Çanakkale,Merkez,ÇANAKKALE HAVALİMANI,17113,2026-09-27T13:17:00.000Z,Çok Bulutlu,23,23,54,30,37.080000000000005,1015.8,1016.7,10000,6,,0,0,0,0,0,,,16.86,2026-09-27T14:04:34+00:00
Çanakkale,Biga,BİGA/KEMER KÖYÜ,17614,2026-09-27T13:49:00.000Z,Çok Bulutlu,20.2,20.2,69,28,33.480000000000004,1011,1017.6,,,0,0,0,0,0,0,,,16.34,2026-09-27T14:04:34+00:00
Çanakkale,Ezine,EZİNE,17671,2026-09-27T13:49:00.000Z,Çok Bulutlu,22.8,22.8,56,42,31.319999999999997,,,75000,,0,0,0,0,0,0,,,16.97,2026-09-27T14:04:34+00:00
Çanakkale,Gelibolu,GELİBOLU,17773,2026-09-27T13:49:00.000Z,Çok Bulutlu,21.8,21.8,60,24,43.92,1011.5,1017.5,,,0,0,0,0,0,0,,,16.63,2026-09-27T14:04:34+00:00
Çanakkale,Biga,BİGA,18084,2026-09-27T13:49:00.000Z,Çok Bulutlu,20.8,20.8,72,1,18,1014,1018,,,0,0,0,0,0,0,,,17.28,2026-09-27T14:04:34+00:00
Çanakkale,Yenice,ÇANAKKALE/YENİCE,18085,2026-09-27T13:49:00.000Z,Çok Bulutlu,20.3,20.3,67,360,14.04,986.8,1015.2,75000,,0,0,0,0,0,0,,,16.18,2026-09-27T14:04:34+00:00
Çanakkale,Ayvacık,ÇANAKKALE/AYVACIK,18435,2026-09-27T13:49:00.000Z,Çok Bulutlu,20.4,20.4,64,47,18.720000000000002,,,,,0,0,0,0,0,0,,,15.89,2026-09-27T14:04:34+00:00
Çanakkale,Bayramiç,BAYRAMİÇ,18436,2026-09-27T13:49:00.000Z,Çok Bulutlu,22,22,60,33,29.52,,,,,0,0,0,0,0,0,,,16.81,2026-09-27T14:04:34+00:00
Çanakkale,Çan,ÇAN,18437,2026-09-27T13:49:00.000Z,Parçalı Bulutlu,20.8,20.8,67,28,16.92,,,,,0,1.43,0,1.43,1.43,1.43,,,16.64,2026-09-27T14:04:34+00:00
Çanakkale,Lapseki,LAPSEKİ,18438,2026-09-27T13:49:00.000Z,Çok Bulutlu,21.7,21.7,72,70,16.92,,,,,0,0,0,0,0,0,,,18.13,2026-09-27T14:04:34+00:00
Çanakkale,Eceabat,ECEABAT MİLLİ PARKI,18580,2026-09-27T13:49:00.000Z,Çok Bulutlu,23.6,23.6,51,28,29.16,,,,,0,0,0,0,0,0,,,16.94,2026-09-27T14:04:34+00:00
Çanakkale,Bayramiç,BAYRAMİÇ/KARAKÖY KÖYÜ,18817,2026-09-27T13:49:00.000Z,Çok Bulutlu,19.5,19.5,71,,,,,,,0,0.1,0,0,0.1,0.1,,,15.94,2026-09-27T14:04:34+00:00
Çanakkale,Merkez,ÇANAKKALE/KİRAZLI BELDESİ,18818,2026-09-27T13:49:00.000Z,Çok Bulutlu,19.5,19.5,68,,,,,,,0,0,0,0,0,0,,,15.57,2026-09-27T14:04:34+00:00
Çanakkale,Ezine,EZİNE/ÇAMLICA KÖYÜ ORMAN SAHASI,18819,2026-09-27T13:49:00.000Z,Çok Bulutlu,19.3,19.3,63,5,14.4,,,,,0,0,0,0,0,0,,,14.76,2026-09-27T14:04:34+00:00
Çanakkale,Merkez,AYVACIK/BEHRAM,19130,2026-09-27T13:49:00.000Z,Çok Bulutlu,23.5,23.5,59,59,43.56,,,,,0,0,0,0,0,0,,,18.01,2026-09-27T14:04:34+00:00
Çanakkale,Merkez,YENİCE/TABANKÖY,19131,2026-09-27T13:49:00.000Z,Çok Bulutlu,15.6,15.6,89,,,,,,,0,0,0,0,0,0,,,14.32,2026-09-27T14:04:34+00:00
Çanakkale,Merkez,YENİCE/AŞAĞIÇAVUŞ KÖYÜ,19132,2026-09-27T13:49:00.000Z,Çok Bulutlu,20.5,20.5,70,,,,,,,0,0,0,0,0,0,,,16.75,2026-09-27T14:04:34+00:00
Çankırı,Merkez,ÇANKIRI,17080,2026-09-27T13:49:00.000Z,Çok Bulutlu,24,24,56,0,7.5600000000000005,925.5,1010,67590,,0,0,0,0,0,0,,,18.03,2026-09-27T14:04:34+00:00
Çankırı,Kurşunlu,KURŞUNLU,17643,2026-09-27T13:49:00.000Z,Parçalı Bulutlu,18.8,18.8,55,347,8.64,889.3,1008.3,,,0,0,0,0,0,0,,,13.31,2026-09-27T14:04:34+00:00
Çankırı,Çerkeş,ÇERKEŞ,17646,2026-09-27T13:49:00.000Z,Çok Bulutlu,18.2,18.2,59,9,6.48,887.1,1012.4,,,0,0,0,0,0,0,,,13.27,2026-09-27T14:04:34+00:00
Çankırı,Yapraklı,YAPRAKLI,17647,2026-09-27T13:49:00.000Z,Çok Bulutlu,18.9,18.9,48,197,2.8800000000000003,872,1010.2,75000,,0,0,0,0,0,0,,,12.49,2026-09-27T14:04:34+00:00
Çankırı,Ilgaz,ILGAZ,17648,2026-09-27T13:49:00.000Z,Çok Bulutlu,21.8,21.8,50,140,13.68,912.7,1011.5,,,0,0,0,0,0,0,,,15.25,2026-09-27T14:04:34+00:00
Çankırı,Şabanözü,ŞABANÖZÜ,17665,2026-09-27T13:49:00.000Z,Az Bulutlu,21.7,21.7,35,147,8.64,893.4,1010.2,,,0,0,0,0,0,0,,,12.92,2026-09-27T14:04:34+00:00
Çankırı,Kızılırmak,KIZILIRMAK,18079,2026-09-27T13:49:00.000Z,Parçalı Bulutlu,23.3,23.3,46,40,6.12,946.3,1011.3,,,0,0,0,0,0,0,,,15.94,2026-09-27T14:04:34+00:00
Çankırı,Eldivan,ELDİVAN BELEDİYE,18080,2026-09-27T13:49:00.000Z,Çok Bulutlu,21.7,21.7,47,120,6.84,908.9,1011.3,,,0,0,0,0,0,0,,,14.73,2026-09-27T14:04:34+00:00
Çankırı,Atkaracalar,ATKARACALAR,18249,2026-09-27T13:49:00.000Z,Çok Bulutlu,16.6,16.6,64,352,25.56,,,,,0,0,0,0,0,0,,,12.42,2026-09-27T14:04:34+00:00
Çankırı,Bayramören,BAYRAMÖREN,18251,2026-09-27T13:49:00.000Z,Pus,14.6,14.6,73,33,14.4,,,8110,,0,0,0,0,0,0,,,11.58,2026-09-27T14:04:34+00:00
Çankırı,Korgun,KORGUN,18252,2026-09-27T13:49:00.000Z,Çok Bulutlu,21.2,21.2,48,20,22.32,,,,,0,0,0,0,0,0,,,14.45,2026-09-27T14:04:34+00:00
Çankırı,Orta,ORTA,18253,2026-09-27T13:49:00.000Z,Parçalı Bulutlu,17.3,17.3,71,9,13.68,,,,,0,0,0,0,0,0,,,13.88,2026-09-27T14:04:34+00:00
Çankırı,Bayramören,BAYRAMÖREN/KAVAKKÖY KÖYÜ,18696,2026-09-27T13:49:00.000Z,Çok Bulutlu,16.4,16.4,91,,,,,,,0,0,0,0,0,0,,,15.34,2026-09-27T14:04:34+00:00
Çankırı,Merkez,ÇANKIRI/PEHLİVANLI KÖYÜ,18697,2026-09-27T13:49:00.000Z,Çok Bulutlu,19.8,19.8,72,,,,,,,0,0,0,0,0,0,,,16.34,2026-09-27T14:04:34+00:00
Çankırı,Orta,ORTA/KAYIÖREN KÖYÜ,18698,2026-09-27T13:49:00.000Z,Parçalı Bulutlu,15,15,78,,,,,,,0,0,0,0,0,0,,,12.51,2026-09-27T14:04:34+00:00
Çankırı,Merkez,ÇANKIRI/TÜNEY KÖYÜ,19014,2026-09-27T13:49:00.000Z,Çok Bulutlu,22.7,22.7,53,,,,,,,0,0,0,0,0,0,,,16.45,2026-09-27T14:04:34+00:00
Çankırı,Yapraklı,YAPRAKLI/MÜSELLİM KÖYÜ,19015,2026-09-27T13:49:00.000Z,Parçalı Bulutlu,18.3,18.3,64,,,,,,,0,0,0,0,0,0,,,13.97,2026-09-27T14:04:34+00:00
Çankırı,Çerkeş,ÇERKEŞ/GÖYNÜKÇUKURU KÖYÜ,19016,2026-09-27T13:49:00.000Z,Parçalı Bulutlu,16.7,16.7,77,,,,,,,0,0,0,0,0,0,,,14.01,2026-09-27T14:04:34+00:00
Çankırı,Çerkeş,ÇERKEŞ/KARACAHÖYÜK KÖYÜ,19210,2026-09-27T13:49:00.000Z,Çok Bulutlu,19.6,19.6,74,,,,,,,0,0,0,0,0,0,,,16.4,2026-09-27T14:04:34+00:00
Çankırı,Kurşunlu,KURŞUNLU/DUMANLI KÖYÜ,19211,2026-09-27T13:49:00.000Z,Az Bulutlu,15.9,15.9,91,,,,,,,0,0,0,0,0,0,,,14.85,2026-09-27T14:04:34+00:00
Çankırı,Ilgaz,ILGAZ DAĞI,19991,2026-09-27T13:49:00.000Z,Çok Bulutlu,9.6,9.6,100,322,11.879999999999999,,,,,0,0,0,0,0,0,,,,2026-09-27T14:04:34+00:00
Çorum,Merkez,ÇORUM,17084,2026-09-27T13:49:00.000Z,Çok Bulutlu,16.8,16.8,97,67,8.64,925.3,1013,41300,,0,0.8,0,0.8,0.8,0.8,,,16.44,2026-09-27T14:04:34+00:00
Çorum,Osmancık,OSMANCIK,17652,2026-09-27T13:50:00.000Z,Çok Bulutlu,21.7,21.7,56,270,1.8,964.8,1012.8,58450,,0,0,0,0,0,0,,,15.99,2026-09-27T14:04:34+00:00
Çorum,Alaca,ALACA,18124,2026-09-27T13:49:00.000Z,Çok Bulutlu,16.4,16.4,80,31,9.360000000000001,907.9,1013.6,,,0,0.5,0,0.5,0.5,0.5,,,14.07,2026-09-27T14:04:34+00:00
Çorum,Mecitözü,MECİTÖZÜ,18125,2026-09-27T13:49:00.000Z,Parçalı Bulutlu,15.5,15.5,80,34,14.04,915.4,1013.2,,,0,0,0,0,0,0,,,13.21,2026-09-27T14:04:34+00:00
Çorum,Oğuzlar,OĞUZLAR,18126,2026-09-27T13:49:00.000Z,Çok Bulutlu,19.5,19.5,63,36,11.16,934.4,1011.6,,,0,0,0,0,0,0,,,14.94,2026-09-27T14:04:34+00:00
Çorum,Sungurlu,SUNGURLU,18127,2026-09-27T13:49:00.000Z,Çok Bulutlu,20.3,20.3,64,46,3.9600000000000004,924.8,1011.3,,,0,0,0,0,0,0,,,15.8,2026-09-27T14:04:34+00:00
Çorum,İskilip,İSKİLİP,18128,2026-09-27T13:49:00.000Z,Çok Bulutlu,20.1,20.1,60,300,16.56,930.5,1012,,,0,0,0,0,0,0,,,15.1,2026-09-27T14:04:34+00:00
Çorum,Ortaköy,ÇORUM/ORTAKÖY,18129,2026-09-27T13:49:00.000Z,Çok Bulutlu,17.2,17.2,72,338,10.08,923.3,1013.4,,,0,0,0,0,0,0,,,13.91,2026-09-27T14:04:34+00:00
Çorum,Boğazkale,BOĞAZKALE,18508,2026-09-27T13:49:00.000Z,Çok Bulutlu,19.1,19.1,70,47,10.44,,,,,0,0,0,0,0,0,,,15.44,2026-09-27T14:04:34+00:00
Çorum,Dodurga,DODURGA,18509,2026-09-27T13:49:00.000Z,Çok Bulutlu,17,17,72,65,18,,,,,0,0,0,0,0,0,,,13.72,2026-09-27T14:04:34+00:00
Çorum,Kargı,KARGI,18510,2026-09-27T13:49:00.000Z,Çok Bulutlu,20.9,20.9,66,124,16.92,,,,,0,0,0,0,0,0,,,16.6,2026-09-27T14:04:34+00:00
Çorum,Laçin,LAÇİN,18511,2026-09-27T13:49:00.000Z,Çok Bulutlu,17.9,17.9,66,2,3.24,,,,,0,0,0,0,0,0,,,13.85,2026-09-27T14:04:34+00:00
Çorum,Uğurludağ,UĞURLUDAĞ,18512,2026-09-27T13:49:00.000Z,Çok Bulutlu,18.8,18.8,68,120,22.32,,,,,0,0,0,0,0,0,,,14.92,2026-09-27T14:04:34+00:00
Çorum,Kargı,KARGI/AKKAYA YAYLASI,18700,2026-09-27T13:49:00.000Z,Çok Bulutlu,10.8,10.8,100,,,,,,,0,0,0,0,0,0,,,,2026-09-27T14:04:34+00:00
Çorum,Merkez,ÇORUM/KONAKLI BELDESİ,18701,2026-09-27T13:49:00.000Z,Parçalı Bulutlu,15.4,15.4,92,,,,,,,0,0,0,0,0,0,,,14.47,2026-09-27T14:04:34+00:00
Çorum,Merkez,ÇORUM/BÜYÜKGÜLÜCEK KÖYÜ,18702,2026-09-27T13:49:00.000Z,Çok Bulutlu,14.7,14.7,95,,,,,,,0,0.29,0,0.29,0.29,0.29,,,14.11,2026-09-27T14:04:34+00:00
Çorum,Alaca,ALACA/KARNIKARA KÖYÜ,18703,2026-09-27T13:49:00.000Z,Parçalı Bulutlu,16.5,16.5,84,,,,,,,0,0,0,0,0,0,,,14.63,2026-09-27T14:04:34+00:00
Çorum,Bayat,BAYAT,18710,2026-09-27T13:49:00.000Z,Çok Bulutlu,21.9,21.9,64,,,,,,,0,0,0,0,0,0,,,17.26,2026-09-27T14:04:34+00:00
Çorum,Osmancık,OSMANCIK/TEPEYOLALTI KÖYÜ,19027,2026-09-27T13:49:00.000Z,Çok Bulutlu,17.8,17.8,66,,,,,,,0,0,0,0,0,0,,,13.75,2026-09-27T14:04:34+00:00
Çorum,Osmancık,OSMANCIK/ÖBEKTAŞ KÖYÜ,19028,2026-09-27T13:49:00.000Z,Çok Bulutlu,16.6,16.6,68,,,,,,,0,0,0,0,0,0,,,12.88,2026-09-27T14:04:34+00:00
Çorum,Merkez,ÇORUM/AHMEDİYE KÖYÜ,19029,2026-09-27T13:49:00.000Z,Çok Bulutlu,12.9,12.9,85,,,,,,,0,0,0,0,0,0,,,11.24,2026-09-27T14:04:34+00:00
Çorum,Mecitözü,MECİTÖZÜ/EMİRBAĞI KÖYÜ,19219,2026-09-27T13:10:00.000Z,Parçalı Bulutlu,18.2,18.2,75,19,17.64,,,,,,0,0,0,0,0,,,15.2,2026-09-27T14:04:34+00:00
Çorum,Mecitözü,MECİTÖZÜ/BOĞAZKAYA KÖYÜ,19220,2026-09-27T13:49:00.000Z,Çok Bulutlu,17.8,17.8,78,21,18.720000000000002,,,,,0,0,0,0,0,0,,,15.18,2026-09-27T14:04:34+00:00
Denizli,Pamukkale,DENİZLİ,17237,2026-09-27T13:49:00.000Z,Çok Bulutlu,19.3,19.3,73,279,6.12,963.4,1011.8,20000,7,0,0.24,0,0.24,0.24,0.24,,,16.0,2026-09-27T14:04:34+00:00
Denizli,Çardak,DENİZLİ ÇARDAK HAVALİMANI,17257,2026-09-27T13:14:00.000Z,Hafif Sağanak Yağışlı,13.2,13.2,90,188,7.5600000000000005,916.7,1014.5,10000,7,,6,1,6,6,6,,,12.07,2026-09-27T14:04:34+00:00
Denizli,Güney,GÜNEY,17824,2026-09-27T13:49:00.000Z,Çok Bulutlu,14.9,14.9,87,327,2.52,921.6,1014.4,,,0,2.45,0.16,2.45,2.45,2.45,,,13.41,2026-09-27T14:04:34+00:00
Denizli,Çivril,ÇİVRİL,17825,2026-09-27T13:49:00.000Z,Hafif Yağmurlu,13.8,13.8,94,92,9.360000000000001,919.6,1011.8,15580,,0,4.61,0.92,4.61,4.61,4.61,,,13.1,2026-09-27T14:04:34+00:00
Denizli,Pamukkale,PAMUKKALE/AKKÖY,17867,2026-09-27T13:49:00.000Z,Çok Bulutlu,19.4,19.4,93,213,1.08,,,,,0,1,0,1,1,1,,,18.55,2026-09-27T14:04:34+00:00
Denizli,Acıpayam,ACIPAYAM,17890,2026-09-27T13:49:00.000Z,Çok Bulutlu,15.9,15.9,97,334,2.52,910,1015.6,46360,,0,0,0,0,0,0,,,15.53,2026-09-27T14:04:34+00:00
Denizli,Tavas,TAVAS,18065,2026-09-27T13:49:00.000Z,Çok Bulutlu,15.9,15.9,67,87,12.96,908.8,1008.5,,,0,0.9,0,0.9,0.9,0.9,,,12.12,2026-09-27T14:04:34+00:00
Denizli,Çameli,ÇAMELİ,18066,2026-09-27T13:49:00.000Z,Çok Bulutlu,14.3,14.3,75,75,7.920000000000001,871.1,1009.4,,,0,0.5,0,0.5,0.5,0.5,,,11.51,2026-09-27T14:04:34+00:00
Denizli,Çal,ÇAL,18067,2026-09-27T13:49:00.000Z,Çok Bulutlu,14.3,14.3,90,175,3.9600000000000004,918.7,1010.3,,,0,2.1,0,2.1,2.1,2.1,,,13.16,2026-09-27T14:04:34+00:00
Denizli,Sarayköy,SARAYKÖY,18068,2026-09-27T13:49:00.000Z,Çok Bulutlu,20,20,65,52,9.360000000000001,991.8,1014,,,0,0.1,0,0.1,0.1,0.1,,,15.65,2026-09-27T14:04:34+00:00
Denizli,Babadağ,BABADAĞ,18294,2026-09-27T13:49:00.000Z,Çok Bulutlu,14.9,14.9,83,60,2.8800000000000003,,,,,0,0.78,0,0.78,0.78,0.78,,,12.97,2026-09-27T14:04:34+00:00
Denizli,Baklan,BAKLAN,18295,2026-09-27T13:49:00.000Z,HHY,12.3,12.3,100,268,4.680000000000001,,,,,0.19,7.03,0.4,7.03,7.03,7.03,,,,2026-09-27T14:04:34+00:00
Denizli,Bekilli,BEKİLLİ,18296,2026-09-27T13:49:00.000Z,Çok Bulutlu,14.2,14.2,84,94,6.84,,,,,0,2.08,0,2.08,2.08,2.08,,,12.4,2026-09-27T14:04:34+00:00
Denizli,Beyağaç,BEYAĞAÇ,18297,2026-09-27T13:49:00.000Z,Çok Bulutlu,16,16,100,221,9.72,,,,,0,3.37,0,3.37,3.37,3.37,,,,2026-09-27T14:04:34+00:00
Denizli,Bozkurt,DENİZLİ/BOZKURT,18298,2026-09-27T13:49:00.000Z,Çok Bulutlu,11.7,11.7,87,240,5.04,,,,,0,2.58,0.12,2.58,2.58,2.58,,,10.28,2026-09-27T14:04:34+00:00
Denizli,Buldan,BULDAN,18299,2026-09-27T13:49:00.000Z,Çok Bulutlu,17.2,17.2,67,273,8.28,,,,,0,0,0,0,0,0,,,13.32,2026-09-27T14:04:34+00:00
Denizli,Honaz,HONAZ,18300,2026-09-27T13:48:00.000Z,Çok Bulutlu,17.9,17.9,0,288,0.36000000000000004,,,,,0,1.5,0,1.5,1.5,1.5,,,,2026-09-27T14:04:34+00:00
Denizli,Kale,DENİZLİ/KALE,18301,2026-09-27T13:48:00.000Z,Çok Bulutlu,13.3,13.3,93,303,16.56,,,,,0,1.35,0,1.35,1.35,1.35,,,12.5,2026-09-27T14:04:34+00:00
Denizli,Serinhisar,SERİNHİSAR,18302,2026-09-27T13:49:00.000Z,Çok Bulutlu,15.6,15.6,63,318,20.16,,,,,0,0,0,0,0,0,,,11.39,2026-09-27T14:04:34+00:00
Denizli,Tavas,DENİZLİ KAYAK MERKEZİ,18303,2026-09-27T13:49:00.000Z,Çok Bulutlu,9.1,9.1,94,50,6.12,,,,,0,1.93,0,1.69,1.93,1.93,,,8.43,2026-09-27T14:04:34+00:00
Denizli,Çameli,ÇAMELİ/KİRAZLIYAYLA KÖYÜ,18632,2026-09-27T13:49:00.000Z,Çok Bulutlu,15.8,15.8,100,,,,,,,0,0.25,0,0.25,0.25,0.25,,,,2026-09-27T14:04:34+00:00
Denizli,Kale,KALE/KIRKÖY KÖYÜ,18633,2026-09-27T13:49:00.000Z,HHY,12.6,12.6,100,,,,,,,0,1.94,0.47,1.94,1.94,1.94,,,,2026-09-27T14:04:34+00:00
Denizli,Tavas,TAVAS/NİKFER BELDESİ,18634,2026-09-27T13:49:00.000Z,Çok Bulutlu,16.3,16.3,100,,,,,,,0,1.81,0,1.44,1.81,1.81,,,,2026-09-27T14:04:34+00:00
Denizli,Pamukkale,PAMUKKALE/HONAZ DAĞI MİLLİ PARKI,18635,2026-09-27T13:49:00.000Z,Çok Bulutlu,11.5,11.5,100,,,,,,,0,1.26,0,1.26,1.26,1.26,,,,2026-09-27T14:04:34+00:00
Denizli,Honaz,HONAZ/AKBAŞ KÖYÜ,18636,2026-09-27T13:49:00.000Z,Çok Bulutlu,11.9,11.9,100,,,,,,,0,5.64,0,5.64,5.64,5.64,,,,2026-09-27T14:04:34+00:00
Denizli,Çivril,ÇİVRİL/KAVAKALANI KÖYÜ,18637,2026-09-27T13:49:00.000Z,HHY,11.9,11.9,,,,,,,,0.65,5.93,2.16,5.93,5.93,5.93,,,,2026-09-27T14:04:34+00:00
Denizli,Pamukkale,PAMUKKALE/GÜZELPINAR KÖYÜ,18638,2026-09-27T13:49:00.000Z,Çok Bulutlu,12.1,12.1,100,,,,,,,0,2.3,0,2.3,2.3,2.3,,,,2026-09-27T14:04:34+00:00
Denizli,Kale,KALE/KARAYAYLA KÖYÜ,18639,2026-09-27T13:49:00.000Z,Çok Bulutlu,12.5,12.5,100,,,,,,,0,1.19,0,1.19,1.19,1.19,,,,2026-09-27T14:04:34+00:00
Denizli,Honaz,HONAZ/KAKLIK BELDESİ,18754,2026-09-27T13:49:00.000Z,Çok Bulutlu,15.3,15.3,100,,,,,,,0,3.01,0.11,3.01,3.01,3.01,,,,2026-09-27T14:04:34+00:00
Denizli,Çivril,ÇİVRİL/KIRALAN BELDESİ,18852,2026-09-27T13:49:00.000Z,HHY,14,14,81,339,6.84,,,,,0.27,4.41,0.92,4.41,4.41,4.41,,,11.88,2026-09-27T14:04:34+00:00
Denizli,Buldan,BULDAN/KARAKÖY KÖYÜ,18853,2026-09-27T13:49:00.000Z,Çok Bulutlu,12.7,12.7,100,,,,,,,0,1.15,0.12,1.15,1.15,1.15,,,,2026-09-27T14:04:34+00:00
Denizli,Acıpayam,ACIPAYAM/ALCI ORMAN SAHASI,18854,2026-09-27T13:49:00.000Z,Çok Bulutlu,15.6,15.6,97,128,3.6,,,,,0,0.82,0,0.76,0.82,0.82,,,15.23,2026-09-27T14:04:34+00:00
Denizli,Sarayköy,SARAYKÖY/TIRKAZ,19167,2026-09-27T13:49:00.000Z,Çok Bulutlu,16.9,16.9,76,,,,,,,0,0.2,0,0.2,0.2,0.2,,,14.09,2026-09-27T14:04:34+00:00
Denizli,Güney,GÜNEY/ADIGÜZELLER KÖYÜ,19168,2026-09-27T13:49:00.000Z,Çok Bulutlu,16.7,16.7,92,,,,,,,0,2.01,0,2.01,2.01,2.01,,,15.75,2026-09-27T14:04:34+00:00
Denizli,Buldan,BULDAN/KADIKÖY KÖYÜ,19169,2026-09-27T13:49:00.000Z,Çok Bulutlu,13.8,13.8,96,,,,,,,0,0.45,0.13,0.45,0.45,0.45,,,13.32,2026-09-27T14:04:34+00:00
Denizli,Pamukkale,PAMUKKALE/BAĞBAŞI,19170,2026-09-27T13:49:00.000Z,Çok Bulutlu,10.5,10.5,80,281,11.16,,,,,0,0,0,0,0,0,,,8.41,2026-09-27T14:04:34+00:00
Denizli,Çardak,ÇARDAK,19281,2026-09-27T13:15:00.000Z,HHY,13.2,13.2,89,184,6.48,,,,,,4.38,0.38,4.38,4.38,4.38,,,11.96,2026-09-27T14:04:34+00:00
Denizli,Merkezefendi,MERKEZEFENDİ,19359,2026-09-27T13:48:00.000Z,Çok Bulutlu,16.8,16.8,74,332,8.64,,,33690,,0,0.23,0,0.23,0.23,0.23,,,13.76,2026-09-27T14:04:34+00:00
Diyarbakır,Bağlar,DİYARBAKIR HAVALİMANI,17280,2026-09-27T13:24:00.000Z,Az Bulutlu,34.3,34.3,20,232,27.36,932.6,1009.9,10000,2,,0,0,0,0,0,,,18.83,2026-09-27T14:04:34+00:00
Diyarbakır,Bağlar,DİYARBAKIR BÖLGE,17281,2026-09-27T13:49:00.000Z,Açık,33.8,33.8,27,208,3.6,931.1,1004.7,,,0,0,0,0,0,0,,,20.47,2026-09-27T14:04:34+00:00
Diyarbakır,Sur,SUR/ÜNAL ERKAN HELİPORT,17283,2026-09-27T13:49:00.000Z,Açık,34.2,34.2,22,169,14.76,928.7,1004.4,44360,,0,0,0,0,0,0,,,19.36,2026-09-27T14:04:34+00:00
Diyarbakır,Ergani,ERGANİ,17847,2026-09-27T13:49:00.000Z,Çok Bulutlu,31.1,31.1,24,236,3.9600000000000004,903.4,1008.2,,,0,0,0,0,0,0,,,17.73,2026-09-27T14:04:34+00:00
Diyarbakır,Çermik,ÇERMİK,17874,2026-09-27T13:49:00.000Z,Parçalı Bulutlu,32.5,32.5,24,210,6.12,929.5,1004.9,,,0,0,0,0,0,0,,,18.73,2026-09-27T14:04:34+00:00
Diyarbakır,Lice,LİCE,18163,2026-09-27T13:49:00.000Z,Açık,31.9,31.9,21,181,9.360000000000001,903,1004.3,,,0,0,0,0,0,0,,,17.48,2026-09-27T14:04:34+00:00
Diyarbakır,Silvan,SİLVAN,18164,2026-09-27T13:49:00.000Z,Açık,34.6,34.6,20,172,10.8,917.2,1003.1,,,0,0,0,0,0,0,,,19.03,2026-09-27T14:04:34+00:00
Diyarbakır,Bismil,BİSMİL,18165,2026-09-27T13:48:00.000Z,Açık,33.4,33.4,22,198,5.4,944.4,1005.5,,,0,0,0,0,0,0,,,18.81,2026-09-27T14:04:34+00:00
Diyarbakır,Yenişehir,YENİŞEHİR/EŞREF BİTLİS HELİPORT,18166,2026-09-27T13:49:00.000Z,Açık,33.2,33.2,25,176,14.04,932.2,1005.9,,,0,0,0,0,0,0,,,19.5,2026-09-27T14:04:34+00:00
Diyarbakır,Çınar,ÇINAR,18321,2026-09-27T13:49:00.000Z,Az Bulutlu,33.8,33.8,28,179,13.32,,,,,0,0,0,0,0,0,,,20.73,2026-09-27T14:04:34+00:00
Diyarbakır,Çüngüş,ÇÜNGÜŞ,18322,2026-09-27T13:49:00.000Z,Açık,30.3,30.3,31,269,15.840000000000002,,,,,0,0,0,0,0,0,,,18.82,2026-09-27T14:04:34+00:00
Diyarbakır,Dicle,DİCLE,18323,2026-09-27T13:49:00.000Z,Parçalı Bulutlu,31.3,31.3,23,122,8.64,,,,,0,0,0,0,0,0,,,17.61,2026-09-27T14:04:34+00:00
Diyarbakır,Eğil,EĞİL,18324,2026-09-27T13:49:00.000Z,Parçalı Bulutlu,31.6,31.6,24,97,3.24,,,,,0,0,0,0,0,0,,,18.09,2026-09-27T14:04:34+00:00
Diyarbakır,Hani,HANİ,18325,2026-09-27T13:49:00.000Z,Açık,31.8,31.8,25,134,9.72,,,,,0,0,0,0,0,0,,,18.49,2026-09-27T14:04:34+00:00
Diyarbakır,Hazro,HAZRO,18326,2026-09-27T13:49:00.000Z,Açık,31.3,31.3,19,179,18.36,,,,,0,0,0,0,0,0,,,16.5,2026-09-27T14:04:34+00:00
Diyarbakır,Kayapınar,KAYAPINAR/DEVEGEÇİDİ,18327,2026-09-27T13:49:00.000Z,Çok Bulutlu,31.9,31.9,31,262,11.520000000000001,,,,,0,0,0,0,0,0,,,20.04,2026-09-27T14:04:34+00:00
Diyarbakır,Kocaköy,KOCAKÖY,18328,2026-09-27T13:49:00.000Z,Açık,31.7,31.7,22,156,14.76,,,,,0,0,0,0,0,0,,,17.62,2026-09-27T14:04:34+00:00
Diyarbakır,Kulp,KULP,18329,2026-09-27T13:49:00.000Z,Parçalı Bulutlu,30.9,30.9,20,182,22.32,,,,,0,0,0,0,0,0,,,16.51,2026-09-27T14:04:34+00:00
Diyarbakır,Sur,SUR/BEYBULAK KÖYÜ,18781,2026-09-27T13:49:00.000Z,Açık,33.6,33.6,26,,,,,,,0,0.05,0,0.05,0.05,0.05,,,20.06,2026-09-27T14:04:34+00:00
Diyarbakır,Çınar,ÇINAR/KARAÇEVRE KÖYÜ,18782,2026-09-27T13:49:00.000Z,Parçalı Bulutlu,30.8,30.8,31,,,,,,,0,0,0,0,0,0,,,19.2,2026-09-27T14:04:34+00:00
Diyarbakır,Kayapınar,KAYAPINAR/KARAYAKUP KÖYÜ,18783,2026-09-27T13:49:00.000Z,Az Bulutlu,32,32,23,,,,,,,0,0,0,0,0,0,,,18.11,2026-09-27T14:04:34+00:00
Diyarbakır,Bismil,BİSMİL/YUKARISALAT BELDESİ,19098,2026-09-27T13:49:00.000Z,Açık,34.7,34.7,20,,,,,,,0,0,0,0,0,0,,,19.1,2026-09-27T14:04:34+00:00
Diyarbakır,Çermik,ÇERMİK/SARIBALTA KÖYÜ,19099,2026-09-27T13:49:00.000Z,Az Bulutlu,32.5,32.5,25,,,,,,,0,0,0,0,0,0,,,19.0,2026-09-27T14:04:34+00:00
Diyarbakır,Bağlar,BAĞLAR/KIRKKOYUN KÖYÜ,19268,2026-09-27T13:49:00.000Z,Açık,30.4,30.4,28,,,,,,,0,0,0,0,0,0,,,18.21,2026-09-27T14:04:34+00:00
Diyarbakır,Yenişehir,DİYARBAKIR/YENİŞEHİR,19916,2026-09-27T13:49:00.000Z,Az Bulutlu,33.3,33.3,20,200,15.120000000000001,925.2,1003.1,37140,,0,0,0,0,0,0,,,18.15,2026-09-27T14:04:34+00:00
Edirne,Merkez,EDİRNE,17050,2026-09-27T13:49:00.000Z,Çok Bulutlu,23.5,23.5,35,20,21.240000000000002,1013.4,1019.4,20000,5,0,0,0,0,0,0,,,14.34,2026-09-27T14:04:34+00:00
Edirne,Uzunköprü,UZUNKÖPRÜ,17608,2026-09-27T13:49:00.000Z,Çok Bulutlu,22,22,61,5,30.6,1017.3,1022.7,75000,,0,1.2,0,0,1.2,1.2,,,16.94,2026-09-27T14:04:34+00:00
Edirne,İpsala,İPSALA,17632,2026-09-27T13:49:00.000Z,Çok Bulutlu,22.9,22.9,46,352,40.68000000000001,1008.9,1018.5,22530,,0,0,0,0,0,0,,,15.6,2026-09-27T14:04:34+00:00
Edirne,Lalapaşa,LALAPAŞA,18096,2026-09-27T13:49:00.000Z,Parçalı Bulutlu,22.9,22.9,43,12,36.36,998.5,1019.7,,,0,0,0,0,0,0,,,15.14,2026-09-27T14:04:34+00:00
Edirne,Enez,ENEZ,18097,2026-09-27T13:49:00.000Z,Parçalı Bulutlu,23.4,23.4,43,24,35.64,1011.2,1018.8,,,0,0,0,0,0,1.2,,,15.56,2026-09-27T14:04:34+00:00
Edirne,Havsa,HAVSA,18098,2026-09-27T13:49:00.000Z,Çok Bulutlu,21.7,21.7,43,358,33.12,1003.9,1018.4,,,0,0.2,0,0,0.2,0.2,,,14.15,2026-09-27T14:04:34+00:00
Edirne,Keşan,KEŞAN,18393,2026-09-27T13:49:00.000Z,Çok Bulutlu,22.2,22.2,52,34,22.32,,,,,0,0,0,0,0,0,,,15.88,2026-09-27T14:04:34+00:00
Edirne,Meriç,MERİÇ,18394,2026-09-27T13:49:00.000Z,Çok Bulutlu,23.1,23.1,44,7,25.92,,,,,0,0.82,0,0,0.82,0.82,,,15.46,2026-09-27T14:04:34+00:00
Edirne,Süloğlu,SÜLOĞLU,18395,2026-09-27T13:49:00.000Z,Çok Bulutlu,22,22,39,4,42.480000000000004,,,,,0,0,0,0,0,0,,,13.79,2026-09-27T14:04:34+00:00
Edirne,İpsala,İPSALA/HACI KÖYÜ,18790,2026-09-27T13:49:00.000Z,Çok Bulutlu,22.1,22.1,44,,,,,,,0,0,0,0,0,0,,,14.63,2026-09-27T14:04:34+00:00
Edirne,Lalapaşa,LALAPAŞA/ÖMEROBA KÖYÜ,18791,2026-09-27T13:49:00.000Z,Parçalı Bulutlu,20.2,20.2,38,,,,,,,0,0,0,0,0,0,,,12.19,2026-09-27T14:04:34+00:00
Edirne,Lalapaşa,LALAPAŞA/HAMZEBEYLİ KÖYÜ,19106,2026-09-27T13:49:00.000Z,Açık,21.2,21.2,41,34,25.2,,,,,0,0.03,0,0.03,0.03,0.03,,,13.44,2026-09-27T14:04:34+00:00
Edirne,Merkez,EDİRNE/KEMAL KÖYÜ,19107,2026-09-27T13:49:00.000Z,Az Bulutlu,23.8,23.8,37,6,39.96,,,,,0,0,0,0,0,0,,,14.91,2026-09-27T14:04:34+00:00
Edirne,Keşan,KEŞAN/MECİDİYE KÖYÜ,19108,2026-09-27T13:49:00.000Z,Çok Bulutlu,22.7,22.7,53,,,,,,,0,0.04,0,0.04,0.04,0.42,,,16.45,2026-09-27T14:04:34+00:00
Elazığ,Merkez,ELAZIĞ BÖLGE,17201,2026-09-27T13:46:00.000Z,Parçalı Bulutlu,30.7,30.7,19,166,13.32,898.7,1004.5,47190,,0,0,0,0,0,0,,,16.09,2026-09-27T14:04:34+00:00
Elazığ,Merkez,ELAZIĞ HAVALİMANI,17202,2026-09-27T13:00:00.000Z,Çok Bulutlu,31.5,31.5,21,113,10.44,909.9,1011.3,10000,6,,0,0,0,0,0,,,17.21,2026-09-27T14:04:34+00:00
Elazığ,Ağın,AĞIN,17766,2026-09-27T13:49:00.000Z,Çok Bulutlu,30.4,30.4,25,236,3.6,905.7,1002.6,,,0,0,0,0,0,0,,,17.49,2026-09-27T14:04:34+00:00
Elazığ,Karakoçan,KARAKOÇAN,17774,2026-09-27T13:49:00.000Z,Çok Bulutlu,29.8,29.8,19,,5.760000000000001,887.5,1004.5,,,0,0,0,0,0,0,,,15.49,2026-09-27T14:04:34+00:00
Elazığ,Keban,KEBAN,17804,2026-09-27T13:49:00.000Z,Çok Bulutlu,30.7,30.7,25,235,3.24,915,1002.7,,,0,0,0,0,0,0,,,17.7,2026-09-27T14:04:34+00:00
Elazığ,Palu,PALU,17806,2026-09-27T13:43:00.000Z,Parçalı Bulutlu,31.5,31.5,17,123,12.24,909.3,1002.8,75000,,0,0,0,0,0,0,,,16.02,2026-09-27T14:04:34+00:00
Elazığ,Baskil,BASKİL,17843,2026-09-27T13:49:00.000Z,Parçalı Bulutlu,27.2,27.2,29,232,7.2,867.5,1002.1,75000,,0,0,0,0,0,0,,,16.05,2026-09-27T14:04:34+00:00
Elazığ,Sivrice,SİVRİCE,17844,2026-09-27T13:49:00.000Z,Az Bulutlu,27,27,30,199,3.24,873.2,1004.9,75000,,0,0,0,0,0,0,,,16.1,2026-09-27T14:04:34+00:00
Elazığ,Maden,MADEN,17846,2026-09-27T13:49:00.000Z,Parçalı Bulutlu,30.4,30.4,24,39,18.36,892.2,1003.2,,,0,0,0,0,0,0,,,17.23,2026-09-27T14:04:34+00:00
Elazığ,Kovancılar,KOVANCILAR,18178,2026-09-27T13:49:00.000Z,Çok Bulutlu,30.3,30.3,28,153,22.32,893.2,1002.9,,,0,0,0,0,0,0,,,18.14,2026-09-27T14:04:34+00:00
Elazığ,Sivrice,SİVRİCE/GÖZELİ,18190,2026-09-27T13:49:00.000Z,Az Bulutlu,26.3,26.3,25,129,3.9600000000000004,859,1003.9,,,0,0,0,0,0,0,,,14.53,2026-09-27T14:04:34+00:00
Elazığ,Merkez,ELAZIĞ/HARPUT,18191,2026-09-27T13:49:00.000Z,Parçalı Bulutlu,25.9,25.9,26,2,7.920000000000001,849.3,1003.5,,,0,0,0,0,0,0,,,14.46,2026-09-27T14:04:34+00:00
Elazığ,Kovancılar,KOVANCILAR/YARIMCA,18192,2026-09-27T13:48:00.000Z,Çok Bulutlu,31.5,31.5,20,125,12.24,909.8,1005,,,0,0,0,0,0,0,,,16.92,2026-09-27T14:04:34+00:00
Elazığ,Arıcak,ARICAK,18351,2026-09-27T13:49:00.000Z,Açık,30.4,30.4,16,156,9,,,,,0,0,0,0,0,0,,,15.0,2026-09-27T14:04:34+00:00
Elazığ,Sivrice,SİVRİCE/HAZARBABA DAĞI,18589,2026-09-27T11:56:00.000Z,Az Bulutlu,20,20,40,107,16.56,,,,,,0,,0,0,0,,,12.32,2026-09-27T14:04:34+00:00
Elazığ,Arıcak,ARICAK/ERİMLİ MEVKİ,18765,2026-09-27T13:49:00.000Z,Parçalı Bulutlu,31.6,31.6,23,,,,,,,0,0.05,0,0,0,0.05,,,17.82,2026-09-27T14:04:34+00:00
Elazığ,Merkez,ELAZIĞ/ÇÖTELİ KÖYÜ,18766,2026-09-27T13:49:00.000Z,Çok Bulutlu,29,29,29,,,,,,,0,0,0,0,0,0,,,17.39,2026-09-27T14:04:34+00:00
Elazığ,Baskil,BASKİL/KUŞSARAYI,18943,2026-09-27T13:47:00.000Z,Parçalı Bulutlu,29.2,29.2,39,304,4.32,,,,,0,0.15,0,0,0.05,0.15,,,19.61,2026-09-27T14:04:34+00:00
Elazığ,Karakoçan,KARAKOÇAN/ÖZLÜCE BARAJI,18952,2026-09-27T13:49:00.000Z,Çok Bulutlu,29.6,29.6,22,3,3.6,,,,,0,0,0,0,0,0,,,16.16,2026-09-27T14:04:34+00:00
Elazığ,Merkez,ELAZIĞ/YURTBAŞI,19083,2026-09-27T13:49:00.000Z,Parçalı Bulutlu,31.1,31.1,24,141,10.44,904.9,1004.1,,,0,0,0,0,0,0,,,17.73,2026-09-27T14:04:34+00:00
Elazığ,Baskil,BASKİL/AŞAĞIKULUŞAĞI BELDESİ,19084,2026-09-27T13:49:00.000Z,Çok Bulutlu,28.6,28.6,29,189,9.360000000000001,,,,,0,0,0,0,0,0,,,17.09,2026-09-27T14:04:34+00:00
Elazığ,Alacakaya,ALACAKAYA,19260,2026-09-27T13:49:00.000Z,Parçalı Bulutlu,,,,112,5.04,,,,,0,0.4,0,0.2,0.4,0.4,,,,2026-09-27T14:04:34+00:00
Elazığ,Kovancılar,KOVANCILAR/KOLLUCA KÖYÜ,19261,2026-09-27T13:49:00.000Z,Parçalı Bulutlu,31.2,31.2,32,,,,,,,0,0,0,0,0,0,,,19.73,2026-09-27T14:04:34+00:00
Elazığ,Merkez,ELAZIĞ/YOLÇATI KÖYÜ,19262,2026-09-27T13:49:00.000Z,Parçalı Bulutlu,27.9,27.9,37,,,,,,,0,0,0,0,0,0,,,18.18,2026-09-27T14:04:34+00:00
Elazığ,Merkez,FIRAT ÜNİVERSİTESİ,19926,2026-09-27T13:49:00.000Z,Çok Bulutlu,28.1,28.1,32,141,5.4,,,,,0,0,0,0,0,0,,,17.35,2026-09-27T14:04:34+00:00
Erzincan,Merkez,ERZİNCAN HAVALİMANI,17092,2026-09-27T13:21:00.000Z,Çok Bulutlu,26.6,26.6,39,317,0,883,1013.6,10000,6,,0,0,0,0,0,,,17.51,2026-09-27T14:04:34+00:00
Erzincan,Merkez,ERZİNCAN,17094,2026-09-27T13:49:00.000Z,Çok Bulutlu,27.1,27.1,35,0,0,876.1,1005.6,37180,,0,0,0,0,0,0,,,17.17,2026-09-27T14:04:34+00:00
Erzincan,Tercan,TERCAN,17718,2026-09-27T13:37:00.000Z,Çok Bulutlu,27.8,27.8,24,175,6.12,855.6,1007.1,,,0,0,0,0,0,0,,,15.38,2026-09-27T14:04:34+00:00
Erzincan,Refahiye,REFAHİYE,18199,2026-09-27T13:49:00.000Z,Çok Bulutlu,22.2,22.2,44,340,5.04,840.4,1010.6,,,0,0,0,0,0,0,,,14.71,2026-09-27T14:04:34+00:00
Erzincan,Kemah,KEMAH,18200,2026-09-27T13:48:00.000Z,Çok Bulutlu,29.3,29.3,31,104,3.24,890.4,1005.8,,,0,0,0,0,0,0,,,18.06,2026-09-27T14:04:34+00:00
Erzincan,Çayırlı,ÇAYIRLI,18360,2026-09-27T13:49:00.000Z,Çok Bulutlu,23.9,23.9,46,170,5.04,,,,,0,0,0,0,0,0,,,16.44,2026-09-27T14:04:34+00:00
Erzincan,İliç,İLİÇ,18361,2026-09-27T13:49:00.000Z,Parçalı Bulutlu,29.3,29.3,30,168,15.120000000000001,,,,,0,0.05,0,0,0.05,0.05,,,17.84,2026-09-27T14:04:34+00:00
Erzincan,Kemaliye,KEMALİYE,18362,2026-09-27T13:49:00.000Z,Çok Bulutlu,29.9,29.9,30,107,5.760000000000001,,,,,0,0.22,0,0,0.05,0.28,,,18.29,2026-09-27T14:04:34+00:00
Erzincan,Otlukbeli,OTLUKBELİ,18363,2026-09-27T13:49:00.000Z,Çok Bulutlu,23,23,40,84,6.48,,,,,0,0,0,0,0,0,,,14.76,2026-09-27T14:04:34+00:00
Erzincan,Üzümlü,ÜZÜMLÜ,18364,2026-09-27T13:48:00.000Z,Çok Bulutlu,26.1,26.3,43,308,3.6,,,,,0,0,0,0,0,0,,,17.79,2026-09-27T14:04:34+00:00
Erzincan,Refahiye,REFAHİYE/KAYI KÖYÜ,18987,2026-09-27T13:49:00.000Z,Çok Bulutlu,22.9,22.9,53,,,,,,,0,0,0,0,0,0,,,16.63,2026-09-27T14:04:34+00:00
Erzincan,Merkez,ERZİNCAN/DEREYURT KÖYÜ,18998,2026-09-27T13:49:00.000Z,Çok Bulutlu,25.7,25.7,33,2,0.7200000000000001,,,75000,,0,0,0,0,0,0,,,15.7,2026-09-27T14:04:34+00:00
Erzincan,Tercan,TERCAN/KARGIN BELDESİ,19070,2026-09-27T13:49:00.000Z,Çok Bulutlu,27,27,31,,,,,,,0,0,0,0,0,0,,,16.31,2026-09-27T14:04:34+00:00
Erzincan,Merkez,ERZİNCAN/SAKALTUTAN GEÇİDİ,19071,2026-09-27T13:49:00.000Z,Parçalı Bulutlu,19.2,19.2,47,,,,,,,0,0,0,0,0,0,,,12.62,2026-09-27T14:04:34+00:00
Erzincan,Kemah,KEMAH/DEDEOĞLU KÖYÜ,19075,2026-09-27T13:49:00.000Z,Parçalı Bulutlu,24.9,24.9,34,,,,,,,0,0,0,0,0,0,,,15.26,2026-09-27T14:04:34+00:00
Erzincan,Refahiye,REFAHİYE/YURTBAŞI KÖYÜ,19252,2026-09-27T13:49:00.000Z,Çok Bulutlu,21.1,21.1,45,,,,,,,0,0,0,0,0,0,,,13.94,2026-09-27T14:04:34+00:00
Erzurum,Yakutiye,ERZURUM BÖLGE,17095,2026-09-27T13:49:00.000Z,Çok Bulutlu,20.6,20.6,42,71,2.16,814.3,1007.6,44040,,0,0.1,0,0.1,0.1,0.1,,,13.1,2026-09-27T14:04:34+00:00
Erzurum,Yakutiye,ERZURUM HAVALİMANI,17096,2026-09-27T13:22:00.000Z,Çok Bulutlu,21.1,21.1,43,57,21.240000000000002,824.3,1019.2,10000,7,,1.4,0,1.4,1.4,1.4,,,13.65,2026-09-27T14:04:34+00:00
Erzurum,Uzundere,UZUNDERE,17660,2026-09-27T13:49:00.000Z,Çok Bulutlu,25.3,25.3,39,341,4.32,884.1,1008,,,0,0,0,0,0,0,,,16.46,2026-09-27T14:04:34+00:00
Erzurum,İspir,İSPİR,17666,2026-09-27T13:49:00.000Z,Çok Bulutlu,22.5,22.5,54,80,1.8,876.6,1007.6,,,0,0,0,0,0,0,,,16.42,2026-09-27T14:04:34+00:00
Erzurum,Tortum,TORTUM,17688,2026-09-27T13:49:00.000Z,Çok Bulutlu,24.1,24.1,31,152,7.2,841.9,1007.1,,,0,0,0,0,0,0,,,14.1,2026-09-27T14:04:34+00:00
Erzurum,Horasan,HORASAN,17690,2026-09-27T13:49:00.000Z,Çok Bulutlu,25.9,25.9,29,96,3.6,844.6,,36040,,0,0,0,0,0,0,,,15.07,2026-09-27T14:04:34+00:00
Erzurum,Pasinler,PASİNLER/TOPRAK SU ARŞ. (TAGEM),18201,2026-09-27T13:49:00.000Z,Çok Bulutlu,21.4,21.4,35,22,6.48,827.8,1008,,,0,0,0,0,0,0,,,12.69,2026-09-27T14:04:34+00:00
Erzurum,Narman,NARMAN,18202,2026-09-27T13:49:00.000Z,Parçalı Bulutlu,20.9,20.9,45,199,2.8800000000000003,834.2,1006.5,,,0,0,0,0,0,0,,,13.77,2026-09-27T14:04:34+00:00
Erzurum,Çat,ÇAT,18203,2026-09-27T13:49:00.000Z,Çok Bulutlu,23.7,23.7,27,196,15.120000000000001,808.4,1003.8,,,0,0,0,0,0,0,,,13.05,2026-09-27T14:04:34+00:00
Erzurum,Karayazı,KARAYAZI,18204,2026-09-27T13:48:00.000Z,Az Bulutlu,20.8,20.8,30,181,19.44,777.9,1003.8,,,0,0,0,0,0,0,,,11.42,2026-09-27T14:04:34+00:00
Erzurum,Aşkale,AŞKALE,18205,2026-09-27T13:49:00.000Z,Çok Bulutlu,22.4,22.4,43,82,15.48,829.4,1006.5,,,0,0,0,0,0,0,,,14.73,2026-09-27T14:04:34+00:00
Erzurum,Karaçoban,KARAÇOBAN,18365,2026-09-27T13:49:00.000Z,Parçalı Bulutlu,27,27,30,202,11.16,,,,,0,0,0,0,0,0,,,16.1,2026-09-27T14:04:34+00:00
Erzurum,Köprüköy,KÖPRÜKÖY,18366,2026-09-27T13:49:00.000Z,Parçalı Bulutlu,23.2,23.2,38,18,19.44,,,,,0,0,0,0,0,0,,,14.6,2026-09-27T14:04:34+00:00
Erzurum,Olur,OLUR,18367,2026-09-27T13:49:00.000Z,Çok Bulutlu,22.3,22.3,59,256,7.5600000000000005,,,,,0,0,0,0,0,0,,,16.94,2026-09-27T14:04:34+00:00
Erzurum,Pazaryolu,PAZARYOLU,18368,2026-09-27T13:49:00.000Z,HHY,20.4,20.4,53,97,25.92,,,,,0.26,0.26,0.26,0.26,0.26,0.26,,,14.45,2026-09-27T14:04:34+00:00
Erzurum,Şenkaya,ŞENKAYA,18369,2026-09-27T13:49:00.000Z,HHY,17.1,17.1,67,308,12.96,,,,,0,0.5,0.5,0.5,0.5,0.5,,,13.23,2026-09-27T14:04:34+00:00
Erzurum,Tekman,TEKMAN,18370,2026-09-27T13:49:00.000Z,Çok Bulutlu,22.6,22.6,33,200,19.8,,,,,0,0,0,0,0,0,,,13.3,2026-09-27T14:04:34+00:00
Erzurum,İspir,ÇAYIRÖZÜ KÖYÜ,18906,2026-09-27T13:49:00.000Z,Çok Bulutlu,17.9,17.9,46,66,8.64,,,,,0,0,0,0,0,0,,,11.39,2026-09-27T14:04:34+00:00
Erzurum,Palandöken,PALANDÖKEN/KONAKLI KÖYÜ,18960,2026-09-27T13:48:00.000Z,Çok Bulutlu,19.8,19.8,38,204,2.16,,,,,0,0,0,0,0,0,,,11.87,2026-09-27T14:04:34+00:00
Erzurum,Tekman,TEKMAN/HACIÖMER KÖYÜ,19072,2026-09-27T13:49:00.000Z,Parçalı Bulutlu,24,24,33,,,,,,,0,0,0,0,0,0,,,14.38,2026-09-27T14:04:34+00:00
Erzurum,İspir,İSPİR/ÇAMLIKAYA BELDESİ,19073,2026-09-27T13:49:00.000Z,HHY,23.1,23.1,56,,,,,,,0.51,0.72,0.72,0.72,0.72,0.72,,,17.23,2026-09-27T14:04:34+00:00
Erzurum,Aşkale,AŞKALE/OVACIK KÖYÜ,19074,2026-09-27T13:49:00.000Z,Çok Bulutlu,22.2,22.2,,,,,,,,0,0.06,0,0,0.06,0.06,,,,2026-09-27T14:04:34+00:00
Erzurum,İspir,İSPİR/ULUTAŞ,19253,2026-09-27T13:49:00.000Z,Çok Bulutlu,14.2,14.2,58,,,,,,,0.04,0.04,0.04,0.04,0.04,0.04,,,9.58,2026-09-27T14:04:34+00:00
Erzurum,Köprüköy,KÖPRÜKÖY/YILANLI KÖYÜ,19254,2026-09-27T13:49:00.000Z,Parçalı Bulutlu,22.3,22.3,30,,,,,,,0,0,0,0,0,0,,,12.55,2026-09-27T14:04:34+00:00
Erzurum,Aziziye,AZİZİYE/KUZGUN KÖYÜ,19255,2026-09-27T13:36:00.000Z,Çok Bulutlu,20.9,20.9,41,,,,,,,0,0,0,0,0,0,,,13.2,2026-09-27T14:04:34+00:00
Erzurum,Palandöken,DOĞU ANADOLU GÖZLEMEVİ,19919,2026-09-27T13:49:00.000Z,Çok Bulutlu,10.9,10.9,48,148,34.2,699.6,1007.1,43370,,0,0,0,0,0,0,,,5.68,2026-09-27T14:04:34+00:00
Eskişehir,Tepebaşı,ANADOLU ÜNİVERSİTESİ,17121,2026-09-27T13:49:00.000Z,Çok Bulutlu,15.5,15.5,79,312,21.240000000000002,924.3,1013.3,,,0,0,0,0,0,0,,,13.1,2026-09-27T14:04:34+00:00
Eskişehir,Tepebaşı,ESKİŞEHİR HASAN POLATKAN HAVALİMANI,17123,2026-09-27T13:22:00.000Z,Çok Bulutlu,15.3,15.3,76,310,17.28,924.6,1016.5,10000,7,,0.2,0,0.2,0.2,0.2,,,12.57,2026-09-27T14:04:34+00:00
Eskişehir,Tepebaşı,ESKİŞEHİR HAVALİMANI,17124,2026-09-27T13:17:00.000Z,Hafif Sağanak Yağışlı,16.7,16.7,70,287,1.8,925.1,1016,10000,7,,0,0,0,0,0,,,13.21,2026-09-27T14:04:34+00:00
Eskişehir,Sivrihisar,SİVRİHİSAR HAVALİMANI,17125,2026-09-27T13:14:00.000Z,Çok Bulutlu,20.3,20.3,38,353,18.36,902.7,1014.1,3000,,,0,0,0,0,0,,,12.27,2026-09-27T14:04:34+00:00
Eskişehir,Odunpazarı,ESKİŞEHİR BÖLGE,17126,2026-09-27T13:49:00.000Z,Çok Bulutlu,15.4,15.4,81,321,3.24,923.1,1013.7,31270,,0.09,0.09,0.09,0.09,0.09,0.09,,,13.23,2026-09-27T14:04:34+00:00
Eskişehir,Çifteler,ÇİFTELER,17723,2026-09-27T13:49:00.000Z,Çok Bulutlu,18.4,18.4,56,0,19.8,913.4,1014.3,32620,,0,0,0,0,0,0,,,13.08,2026-09-27T14:04:34+00:00
Eskişehir,Mahmudiye,MAHMUDİYE TİGEM,17899,2026-09-27T13:46:00.000Z,Çok Bulutlu,18,18,54,310,18,913.1,1012.6,,,0,0,0,0,0,0,,,12.48,2026-09-27T14:04:34+00:00
Eskişehir,Sivrihisar,SİVRİHİSAR,17973,2026-09-27T13:49:00.000Z,Çok Bulutlu,19.4,19.4,44,327,11.16,893.2,1010.3,,,0,0,0,0,0,0,,,12.38,2026-09-27T14:04:34+00:00
Eskişehir,Alpu,ALPU,18088,2026-09-27T13:49:00.000Z,Çok Bulutlu,17.8,17.8,66,300,10.44,926.3,1013.3,,,0,0,0,0,0,0,,,13.75,2026-09-27T14:04:34+00:00
Eskişehir,Mihalıçcık,MİHALIÇÇIK/ÇATACIK,18089,2026-09-27T13:49:00.000Z,Çok Bulutlu,10.6,10.6,90,42,13.32,841,1012.9,,,0,0,0,0,0,0,,,9.51,2026-09-27T14:04:34+00:00
Eskişehir,Günyüzü,GÜNYÜZÜ,18090,2026-09-27T13:49:00.000Z,Çok Bulutlu,22.4,22.4,42,319,10.08,914.8,1009.9,,,0,0,0,0,0,0,,,14.58,2026-09-27T14:04:34+00:00
Eskişehir,Sarıcakaya,SARICAKAYA,18091,2026-09-27T13:48:00.000Z,Çok Bulutlu,19.8,19.8,64,0,7.920000000000001,985.2,1013.8,,,0,0,0,0,0,0,,,15.34,2026-09-27T14:04:34+00:00
Eskişehir,Mihalıçcık,MİHALIÇÇIK,18092,2026-09-27T13:49:00.000Z,Çok Bulutlu,14.7,14.7,66,348,18.720000000000002,860.5,1011.7,,,0,0,0,0,0,0,,,10.9,2026-09-27T14:04:34+00:00
Eskişehir,Beylikova,BEYLİKOVA,18388,2026-09-27T13:49:00.000Z,Çok Bulutlu,20.5,20.5,50,316,18,,,,,0,0,0,0,0,0,,,14.13,2026-09-27T14:04:34+00:00
Eskişehir,Han,HAN,18389,2026-09-27T13:49:00.000Z,Çok Bulutlu,14.6,14.6,68,340,23.400000000000002,,,,,0,0,0,0,0,0,,,11.03,2026-09-27T14:04:34+00:00
Eskişehir,Seyitgazi,SEYİTGAZİ,18390,2026-09-27T13:49:00.000Z,Çok Bulutlu,15.7,15.7,71,340,15.48,,,,,0,0,0,0,0,0.07,,,12.39,2026-09-27T14:04:34+00:00
Eskişehir,Alpu,ALPU/ALAPINAR KÖYÜ,18590,2026-09-27T13:49:00.000Z,Çok Bulutlu,12.7,12.7,100,,,,,,,0,0.4,0,0.4,0.4,0.4,,,,2026-09-27T14:04:34+00:00
Eskişehir,Tepebaşı,TEPEBAŞI/BOZDAĞ MEVKİ,18602,2026-09-27T13:49:00.000Z,Çok Bulutlu,11.1,11.1,100,,,,,,,0,0,0,0,0,0,,,,2026-09-27T14:04:34+00:00
Eskişehir,Odunpazarı,ODUNPAZARI/KANLIPINAR KÖYÜ,18739,2026-09-27T13:49:00.000Z,Çok Bulutlu,16,16,76,309,21.6,,,,,0,0,0,0,0,0,,,13.23,2026-09-27T14:04:34+00:00
Eskişehir,Sivrihisar,SİVRİHİSAR/KARACAKAYA KÖYÜ,18740,2026-09-27T13:49:00.000Z,Çok Bulutlu,17.2,17.2,66,,,,,,,0,0,0,0,0,0,,,13.2,2026-09-27T14:04:34+00:00
Eskişehir,Seyitgazi,SEYİTGAZİ/KIRKA BELDESİ,18832,2026-09-27T13:49:00.000Z,Çok Bulutlu,14.5,14.5,92,340,25.56,,,,,0,0,0,0,0,0,,,13.57,2026-09-27T14:04:34+00:00
Eskişehir,Mihalıçcık,MİHALIÇÇIK/KIZILTEPE ORMAN SAHASI,18833,2026-09-27T13:49:00.000Z,Çok Bulutlu,12.5,12.5,100,276,21.240000000000002,,,,,0,0,0,0,0,0,,,,2026-09-27T14:04:34+00:00
Eskişehir,Tepebaşı,TEPEBAŞI/ÇANAKKIRAN KÖYÜ,18834,2026-09-27T13:49:00.000Z,Çok Bulutlu,12.6,12.6,100,,,,,,,0.15,0.26,0.15,0.26,0.26,0.26,,,,2026-09-27T14:04:34+00:00
Eskişehir,Sivrihisar,SİVRİHİSAR/KAYMAZ BELDESİ,18900,2026-09-27T13:48:00.000Z,Çok Bulutlu,16.8,16.8,60,329,25.56,892.9,1011.9,,,0,0.1,0,0,0.1,0.1,,,12.13,2026-09-27T14:04:34+00:00
Eskişehir,Odunpazarı,ODUNPAZARI/KİREÇKÖYÜ,18946,2026-09-27T13:49:00.000Z,Çok Bulutlu,16.1,16.1,69,327,21.6,909.3,1011.7,,,0,0,0,0,0,0,,,12.53,2026-09-27T14:04:34+00:00
Eskişehir,İnönü,İNÖNÜ/THK TESİSLERİ,19143,2026-09-27T13:49:00.000Z,HHY,14,14,86,251,7.5600000000000005,,,,,0.14,0.46,0.44,0.46,0.46,0.46,,,12.42,2026-09-27T14:04:34+00:00
Eskişehir,Sivrihisar,SİVRİHİSAR/OĞLAKÇI KÖYÜ,19144,2026-09-27T13:32:00.000Z,Çok Bulutlu,22.8,22.8,39,,,,,,,,0,0,0,0,0,,,14.44,2026-09-27T14:04:34+00:00
Eskişehir,Seyitgazi,SEYİTGAZİ/İDRİSYAYLA KÖYÜ,19145,2026-09-27T13:42:00.000Z,Çok Bulutlu,10.4,10.4,80,,,,,,,0,0.11,0,0.11,0.11,0.11,,,8.31,2026-09-27T14:04:34+00:00
Eskişehir,Seyitgazi,SEYİTGAZİ/YENİKENT KÖYÜ,19146,2026-09-27T13:49:00.000Z,Çok Bulutlu,16.5,16.5,96,,,,,,,0,0,0,0,0,0,,,16.02,2026-09-27T14:04:34+00:00
Eskişehir,Günyüzü,Eskişehir / GÜNYÜZÜ/KAYAKENT MEVKİ,19147,2026-09-27T13:49:00.000Z,Çok Bulutlu,14.5,14.5,61,,,,,,,0,0,0,0,0,0,,,10.18,2026-09-27T14:04:34+00:00
Eskişehir,Mihalgazi,MİHALGAZİ,19372,2026-09-27T13:49:00.000Z,Çok Bulutlu,19.2,19.2,74,247,9,984.9,1012.3,,,0,0,0,0,0,0,,,16.03,2026-09-27T14:04:34+00:00
Eskişehir,Odunpazarı,ODUNPAZARI/TÜRKMENDAĞI,19904,2026-09-27T13:48:00.000Z,Çok Bulutlu,11.5,11.5,88,301,9.360000000000001,,,,,0,0.28,0,0.28,0.28,0.28,,,10.19,2026-09-27T14:04:34+00:00
Gaziantep,Oğuzeli,GAZİANTEP HAVALİMANI,17260,2026-09-27T13:11:00.000Z,Az Bulutlu,29.1,29.1,39,222,23.040000000000003,932.8,1011.7,10000,1,,0,0,0,0,0,,,19.53,2026-09-27T14:04:34+00:00
Gaziantep,İslahiye,İSLAHİYE,17965,2026-09-27T13:49:00.000Z,Parçalı Bulutlu,29,29,35,259,11.520000000000001,955.7,1007.8,,,0,0,0,0,0,0,,,18.66,2026-09-27T14:04:34+00:00
Gaziantep,Karkamış,KARKAMIŞ,18150,2026-09-27T13:49:00.000Z,Açık,31.8,32.6,40,281,12.96,967.2,1008.8,,,0,0,0,0,0,0,,,21.91,2026-09-27T14:04:34+00:00
Gaziantep,Nurdağı,NURDAĞI,18151,2026-09-27T13:49:00.000Z,Az Bulutlu,26.8,27.9,57,290,25.2,953,1007.1,,,0,0,0,0,0,0,,,20.66,2026-09-27T14:04:34+00:00
Gaziantep,Araban,ARABAN,18152,2026-09-27T13:49:00.000Z,Parçalı Bulutlu,32,32,30,210,9.360000000000001,947.8,1005.9,,,0,0,0,0,0,0,,,19.88,2026-09-27T14:04:34+00:00
Gaziantep,Nizip,NİZİP,18153,2026-09-27T13:49:00.000Z,Açık,30.9,31.3,40,209,23.400000000000002,942.7,1005.7,,,0,0,0,0,0,0,,,21.18,2026-09-27T14:04:34+00:00
Gaziantep,Şahinbey,ŞAHİNBEY,18271,2026-09-27T13:49:00.000Z,Açık,26,26.9,54,207,16.2,,,,,0,0,0,0,0,0,,,19.49,2026-09-27T14:04:34+00:00
Gaziantep,Şehitkamil,ŞEHİTKAMİL,18272,2026-09-27T13:49:00.000Z,Parçalı Bulutlu,27.5,27.4,41,233,12.24,,,,,0,0,0,0,0,0,,,18.6,2026-09-27T14:04:34+00:00
Gaziantep,Yavuzeli,YAVUZELİ,18273,2026-09-27T13:49:00.000Z,Az Bulutlu,32.3,32.3,29,201,15.120000000000001,,,,,0,0,0,0,0,0,,,19.86,2026-09-27T14:04:34+00:00
Gaziantep,Oğuzeli,OĞUZELİ/KOVANLI KÖYÜ,18864,2026-09-27T13:49:00.000Z,Açık,28.2,28.9,49,,,,,,,0,0,0,0,0,0,,,20.58,2026-09-27T14:04:34+00:00
Gaziantep,İslahiye,İSLAHİYE/ALACA KÖYÜ,18865,2026-09-27T13:49:00.000Z,Parçalı Bulutlu,23.3,23.3,66,,,,,,,0,0,0,0,0,0,,,18.81,2026-09-27T14:04:34+00:00
Gaziantep,Nizip,NİZİP/ULUYATIR,19175,2026-09-27T13:49:00.000Z,Açık,30.6,31.8,46,,,,,,,0,0,0,0,0,0,,,22.08,2026-09-27T14:04:34+00:00
Gaziantep,Şehitkamil,ŞEHİTKAMİL/GAZİANTEP SOFT TEPE RADAR SAHASI,19176,2026-09-27T13:49:00.000Z,Parçalı Bulutlu,21.9,21.9,70,0,35.64,,,,,0,0,0,0,0,0,,,18.05,2026-09-27T14:04:34+00:00
Giresun,Merkez,GİRESUN,17034,2026-09-27T13:49:00.000Z,Çok Bulutlu,20.2,20.2,85,320,8.28,1011.2,1015.7,20000,7,0,0,0,0,0,0,,22.5,18.34,2026-09-27T14:04:34+00:00
Giresun,Şebinkarahisar,ŞEBİNKARAHİSAR,17682,2026-09-27T13:49:00.000Z,Çok Bulutlu,19.6,19.6,62,156,5.04,861.6,1008.4,51330,,0,0.2,0,0.2,0.2,0.2,,,14.9,2026-09-27T14:04:34+00:00
Giresun,Dereli,DERELİ/KÜMBET YAYLASI,17686,2026-09-27T13:49:00.000Z,Çok Bulutlu,11.2,11.2,100,9,4.32,827.2,1012.3,,,0,0.1,0,0,0,0.3,,,,2026-09-27T14:04:34+00:00
Giresun,Çamoluk,ÇAMOLUK,18220,2026-09-27T13:49:00.000Z,Çok Bulutlu,24.3,24.3,55,268,7.920000000000001,892,1004.4,,,0,0.8,0,0.8,0.8,0.8,,,18.15,2026-09-27T14:04:34+00:00
Giresun,Doğankent,DOĞANKENT,18221,2026-09-27T13:49:00.000Z,Çok Bulutlu,18.9,18.9,86,334,6.12,991.9,,,,0,0.3,0,0.3,0.3,0.3,,,17.2,2026-09-27T14:04:34+00:00
Giresun,Dereli,DERELİ/YAVUZKEMAL,18222,2026-09-27T13:49:00.000Z,Çok Bulutlu,11.3,11.3,91,186,3.9600000000000004,828.9,1012.3,,,0.2,0.2,0.2,0.2,0.2,0.3,,,10.3,2026-09-27T14:04:34+00:00
Giresun,Çanakçı,ÇANAKÇI,18223,2026-09-27T13:49:00.000Z,Çok Bulutlu,19.7,19.7,93,42,5.04,998.8,1016.2,,,0,0.6,0,0.6,0.6,1,,,18.84,2026-09-27T14:04:34+00:00
Giresun,Tirebolu,TİREBOLU,18225,2026-09-27T13:49:00.000Z,Çok Bulutlu,19.7,19.7,100,221,2.52,1014.7,1015.3,,,0,1.2,0,0.6,0.9,1.3,,,,2026-09-27T14:04:34+00:00
Giresun,Bulancak,BULANCAK,18558,2026-09-27T13:49:00.000Z,Çok Bulutlu,17.4,17.4,98,279,5.760000000000001,,,,,0,1.69,0,1.41,1.69,1.98,,,17.15,2026-09-27T14:04:34+00:00
Giresun,Eynesil,EYNESİL/ÖREN BELDESİ,18559,2026-09-27T13:49:00.000Z,HHY,15.4,15.4,90,29,2.52,,,,,0.08,3.78,0.45,3.78,3.78,4.14,,,14.24,2026-09-27T14:04:34+00:00
Giresun,Görele,GÖRELE/KUŞÇULU KÖYÜ,18560,2026-09-27T13:49:00.000Z,Çok Bulutlu,17.8,17.8,100,356,4.32,,,,,0,0.48,0,0.48,0.48,2.64,,,,2026-09-27T14:04:34+00:00
Giresun,Güce,GÜCE,18561,2026-09-27T13:49:00.000Z,Çok Bulutlu,17.3,17.3,99,45,1.8,,,,,0.18,2.62,0.18,2.62,2.62,3.59,,,17.17,2026-09-27T14:04:34+00:00
Giresun,Keşap,KEŞAP/YİVDİNCİK KÖYÜ,18562,2026-09-27T13:49:00.000Z,HHY,15.7,15.7,99,250,3.9600000000000004,,,,,0.4,3.42,1.01,3.42,3.42,4.28,,,15.56,2026-09-27T14:04:34+00:00
Giresun,Yağlıdere,YAĞLIDERE,18563,2026-09-27T13:49:00.000Z,HHY,19,19,83,21,6.12,,,,,0.08,3.02,0.42,3.02,3.02,3.51,,,16.93,2026-09-27T14:04:34+00:00
Giresun,Dereli,DERELİ/TAMDERE KÖYÜ,18720,2026-09-27T13:49:00.000Z,Çok Bulutlu,11.1,11.1,100,,,,,,,0,0,0,0,0,0,,,,2026-09-27T14:04:34+00:00
Giresun,Bulancak,BULANCAK/SERPİN YAYLASI,18721,2026-09-27T13:49:00.000Z,Çok Bulutlu,10.7,10.7,100,,,,,,,0,0,0,0,0,0.05,,,,2026-09-27T14:04:34+00:00
Giresun,Alucra,ALUCRA/ÇAKRAK KÖYÜ,18722,2026-09-27T13:49:00.000Z,Çok Bulutlu,10.8,10.8,90,,,,,,,0,0,0,0,0,0,,,9.71,2026-09-27T14:04:34+00:00
Giresun,Görele,GÖRELE/SİS DAĞI,18730,2026-09-27T13:49:00.000Z,Çok Bulutlu,15.1,15.1,37,,,,,,,0,0,0,0,0,0,,,7.98,2026-09-27T14:04:34+00:00
Giresun,Dereli,Giresun / DERELİ/KÜMBET KAYAK MERKEZİ,18921,2026-09-27T13:49:00.000Z,Çok Bulutlu,11,11,100,277,1.8,,,,,0,0,0,0,0,0,,,,2026-09-27T14:04:34+00:00
Giresun,Yağlıdere,YAĞLIDERE/SINIRKÖY KÖYÜ,19053,2026-09-27T13:49:00.000Z,Çok Bulutlu,14.1,14.1,100,,,,,,,0,0,0,0,0,0.12,,,,2026-09-27T14:04:34+00:00
Giresun,Merkez,GİRESUN/İNİŞDİBİ KÖYÜ,19054,2026-09-27T13:49:00.000Z,HHY,13.6,13.6,100,,,,,,,0.1,0.91,0.45,0.91,0.91,2.04,,,,2026-09-27T14:04:34+00:00
Giresun,Alucra,ALUCRA/GÜRBULAK KÖYÜ,19055,2026-09-27T13:49:00.000Z,Çok Bulutlu,22.3,22.3,45,,,,,,,0,0,0,0,0,0,,,14.95,2026-09-27T14:04:34+00:00
Giresun,Espiye,ESPİYE,19237,2026-09-27T13:49:00.000Z,Çok Bulutlu,21.5,21.5,89,205,3.24,,,,,0,0.4,0.01,0.31,0.4,0.4,,,20.12,2026-09-27T14:04:34+00:00
Giresun,Espiye,ESPİYE/AVLUCA,19238,2026-09-27T13:49:00.000Z,Çok Bulutlu,16.6,16.6,100,,,,,,,0,1.38,0,1.38,1.38,1.7,,,,2026-09-27T14:04:34+00:00
Giresun,Bulancak,BULANCAK/KOVANLIK,19239,2026-09-27T13:49:00.000Z,Çok Bulutlu,13.6,13.6,91,18,7.2,,,,,0.1,0.7,0.2,0.7,0.7,1.8,,,12.57,2026-09-27T14:04:34+00:00
Giresun,Şebinkarahisar,ŞEBİNKARAHİSAR/GÜRPINAR KÖYÜ,19240,2026-09-27T13:49:00.000Z,Çok Bulutlu,20.9,20.9,72,,,,,,,0,0,0,0,0,0,,,17.37,2026-09-27T14:04:34+00:00
Gümüşhane,Merkez,GÜMÜŞHANE,17088,2026-09-27T13:49:00.000Z,HHY,21.8,21.8,48,306,9.360000000000001,877.7,1008.7,56350,,0,0.3,0.3,0.3,0.3,0.3,,,14.96,2026-09-27T14:04:34+00:00
Gümüşhane,Torul,Gümüşhane / ZİGANA KAYAK MERKEZİ,17696,2026-09-27T13:49:00.000Z,Çok Bulutlu,11.3,11.3,99,337,20.88,795.7,1006.5,,,0,0,0,0,0,0,,,11.14,2026-09-27T14:04:34+00:00
Gümüşhane,Kürtün,KÜRTÜN,18226,2026-09-27T13:49:00.000Z,Çok Bulutlu,16.3,16.3,99,178,3.24,938.2,1022.5,,,0,0,0,0,0,0,,,16.17,2026-09-27T14:04:34+00:00
Gümüşhane,Torul,TORUL,18227,2026-09-27T13:49:00.000Z,Çok Bulutlu,17.3,17.3,99,47,21.240000000000002,901.2,1011.9,,,0,0,0,0,0,0,,,17.17,2026-09-27T14:04:34+00:00
Gümüşhane,Kelkit,KELKİT,18228,2026-09-27T13:48:00.000Z,Çok Bulutlu,25,26,53,252,13.32,847.7,1002.9,,,0,0,0,0,0,0,,,18.46,2026-09-27T14:04:34+00:00
Gümüşhane,Köse,KÖSE,18564,2026-09-27T13:49:00.000Z,Çok Bulutlu,24.6,24.6,27,1,2.52,,,,,0,0,0,0,0,0,,,13.71,2026-09-27T14:04:34+00:00
Gümüşhane,Şiran,ŞİRAN,18565,2026-09-27T13:49:00.000Z,Çok Bulutlu,22.9,22.9,57,292,0,,,,,0.06,0.06,0.06,0.06,0.06,0.06,,,17.2,2026-09-27T14:04:34+00:00
Gümüşhane,Merkez,GÜMÜŞHANE/SARGINKAYA KÖYÜ,18723,2026-09-27T13:49:00.000Z,Çok Bulutlu,22.8,22.8,49,,,,,,,0,0,0,0,0,0,,,15.96,2026-09-27T14:04:34+00:00
Gümüşhane,Kürtün,KÜRTÜN/ELCİĞEZ KÖYÜ,18724,2026-09-27T13:49:00.000Z,Çok Bulutlu,14.8,14.8,72,,,,,,,0,0,0,0,0,0,,,11.66,2026-09-27T14:04:34+00:00
Gümüşhane,Kürtün,KÜRTÜN/BEYTARLA KÖYÜ,18725,2026-09-27T13:48:00.000Z,Çok Bulutlu,17.4,17.4,63,,,,,,,0,0,0,0,0,0,,,13.03,2026-09-27T14:04:34+00:00
Gümüşhane,Merkez,GÜMÜŞHANE/AŞAĞIYUVALI KÖYÜ,18726,2026-09-27T13:49:00.000Z,Çok Bulutlu,13.9,13.9,76,,,,,,,0,0,0,0,0,0,,,11.24,2026-09-27T14:04:34+00:00
Gümüşhane,Kürtün,KÜRTÜN/ARPACIK KÖYÜ,18727,2026-09-27T13:49:00.000Z,Çok Bulutlu,15.4,15.4,83,,,,,,,0,0,0,0,0,0,,,13.45,2026-09-27T14:04:34+00:00
Gümüşhane,Merkez,GÜMÜŞHANE/OLUCAK KARAYAYLA,18728,2026-09-27T13:48:00.000Z,Çok Bulutlu,16.1,16.1,54,,,,,,,0,0,0,0,0,0,,,10.81,2026-09-27T14:04:34+00:00
Gümüşhane,Kelkit,KELKİT/KARACAÖREN KÖYÜ,18729,2026-09-27T13:49:00.000Z,Çok Bulutlu,22.1,22.1,37,,,,,,,0,0,0,0,0,0,,,13.56,2026-09-27T14:04:34+00:00
Gümüşhane,Merkez,GÜMÜŞHANE/SÜLEYMANİYE KAYAK MERKEZİ,18920,2026-09-27T13:49:00.000Z,HHY,21.4,21.4,51,69,21.240000000000002,,,,,0,0.3,0.3,0.3,0.3,0.3,,,15.04,2026-09-27T14:04:34+00:00
Gümüşhane,Merkez,GÜMÜŞHANE/SUNGURBEYLİ KÖYÜ,19056,2026-09-27T13:49:00.000Z,Çok Bulutlu,22.7,22.7,38,,,,,,,0,0,0,0,0,0,,,14.2,2026-09-27T14:04:34+00:00
Gümüşhane,Kelkit,KELKİT/GÜLTEPE KÖYÜ,19057,2026-09-27T13:49:00.000Z,Çok Bulutlu,19.8,19.8,55,,,,,,,0,0,0,0,0,0,,,14.19,2026-09-27T14:04:34+00:00
Gümüşhane,Kelkit,KELKİT/ÇAMUR KÖYÜ,19241,2026-09-27T13:49:00.000Z,Çok Bulutlu,22.6,22.6,40,,,,,,,0,0,0,0,0,0,,,14.43,2026-09-27T14:04:34+00:00
Gümüşhane,Torul,TORUL/GÜLAÇAR KÖYÜ,19242,2026-09-27T13:49:00.000Z,Çok Bulutlu,22.1,22.1,65,,,,,,,0,0,0,0,0,0,,,17.57,2026-09-27T14:04:34+00:00
Hakkari,Merkez,HAKKARİ,17285,2026-09-27T13:49:00.000Z,Parçalı Bulutlu,26.6,26.6,22,211,2.8800000000000003,827.6,1005.7,44740,,0,0,0,0,0,0,,,14.07,2026-09-27T14:04:34+00:00
Hakkari,Yüksekova,HAKKARİ YÜKSEKOVA SELAHADDİN EYYUBİ HAVALİMANI,17815,2026-09-27T13:26:00.000Z,Az Bulutlu,,,,,,,,10000,2,,0,0,0,0,0,,,,2026-09-27T14:04:34+00:00
Hakkari,Yüksekova,YÜKSEKOVA,17920,2026-09-27T13:46:00.000Z,Parçalı Bulutlu,25.2,25.2,22,244,15.48,814,1007,75000,,0,0,0,0,0,0,,,13.09,2026-09-27T14:04:34+00:00
Hakkari,Şemdinli,ŞEMDİNLİ,18234,2026-09-27T13:49:00.000Z,Parçalı Bulutlu,29.5,29.5,21,348,3.6,867.8,1007,,,0,0,0,0,0,0,,,15.83,2026-09-27T14:04:34+00:00
Hakkari,Merkez,HAKKARİ/DURANKAYA BELDESİ,18771,2026-09-27T13:49:00.000Z,Parçalı Bulutlu,25.2,25.2,30,,,,,,,0,0,0,0,0,0,,,14.74,2026-09-27T14:04:34+00:00
Hakkari,Merkez,HAKKARİ KAYAK MERKEZİ,19909,2026-09-27T13:48:00.000Z,Parçalı Bulutlu,18.7,18.7,32,228,12.6,,,,,0,0,0,0,0,0,,,10.13,2026-09-27T14:04:34+00:00
Hatay,İskenderun,İSKENDERUN,17370,2026-09-27T13:54:00.000Z,Çok Bulutlu,27.7,29.2,59,246,11.520000000000001,1010.7,1011.2,20000,5,0,0,0,0,0,0,,28.7,21.77,2026-09-27T14:04:34+00:00
Hatay,Antakya,HATAY HAVALİMANI,17371,2026-09-27T13:25:00.000Z,Parçalı Bulutlu,29.1,29.5,44,222,34.92,1000.1,1009.8,10000,4,,0,0,0,0,0,,,20.46,2026-09-27T14:04:34+00:00
Hatay,Antakya,ANTAKYA,17372,2026-09-27T13:53:00.000Z,Az Bulutlu,27.3,28.3,55,204,12.24,992.8,1010.6,,,0,0,0,0,0,0,,,20.79,2026-09-27T14:04:34+00:00
Hatay,Reyhanlı,REYHANLI TİGEM,17645,2026-09-27T13:54:00.000Z,Açık,29,30.5,54,279,25.92,998.8,1009.7,,,0,0,0,0,0,0,,,22.11,2026-09-27T14:04:34+00:00
Hatay,Dörtyol,DÖRTYOL,17962,2026-09-27T13:54:00.000Z,Çok Bulutlu,27,28.3,59,188,6.48,1008,1011.3,,,0,1.8,0,0.8,1.4,3.4,,,21.15,2026-09-27T14:04:34+00:00
Hatay,Samandağ,SAMANDAĞ,17986,2026-09-27T13:54:00.000Z,Parçalı Bulutlu,26.7,28.1,62,223,10.08,1006.6,1011.6,,,0,2.6,0,0,2.6,2.6,,,21.33,2026-09-27T14:04:34+00:00
Hatay,Belen,BELEN,18057,2026-09-27T13:54:00.000Z,Parçalı Bulutlu,23,23,38,330,18,941.6,1010.8,,,0,0,0,0,0,0,,,14.44,2026-09-27T14:04:34+00:00
Hatay,Altınözü,ALTINÖZÜ,18058,2026-09-27T13:54:00.000Z,Az Bulutlu,24.8,24.8,64,250,21.240000000000002,971.4,1010.8,,,0,0,0,0,0,0,,,19.9,2026-09-27T14:04:34+00:00
Hatay,Erzin,ERZİN,18274,2026-09-27T13:54:00.000Z,Çok Bulutlu,26.1,28,71,212,14.04,,,,,0,0,0,0,0,0,,,22.11,2026-09-27T14:04:34+00:00
Hatay,Hassa,HASSA,18275,2026-09-27T13:54:00.000Z,Az Bulutlu,28.5,29.5,51,241,17.64,,,20000,,0,0,0,0,0,0,,,21.18,2026-09-27T14:04:34+00:00
Hatay,Kırıkhan,KIRIKHAN,18276,2026-09-27T13:54:00.000Z,Az Bulutlu,28.9,29.7,48,323,12.6,,,,,0,0,0,0,0,0,,,21.01,2026-09-27T14:04:34+00:00
Hatay,Kumlu,KUMLU,18277,2026-09-27T13:54:00.000Z,Az Bulutlu,28,29.8,61,230,23.040000000000003,,,,,0,0,0,0,0,0,,,22.36,2026-09-27T14:04:34+00:00
Hatay,Yayladağı,YAYLADAĞI,18278,2026-09-27T13:54:00.000Z,Parçalı Bulutlu,24.2,24.2,73,273,4.32,,,,,0,0,0,0,0,0,,,20.61,2026-09-27T14:04:34+00:00
Hatay,Arsuz,ARSUZ,18858,2026-09-27T13:54:00.000Z,Parçalı Bulutlu,27.9,29.6,60,231,11.879999999999999,,,,,0,0.34,0,0.15,0.34,0.68,,,22.11,2026-09-27T14:04:34+00:00
Hatay,Defne,DEFNE,19363,2026-09-27T13:54:00.000Z,Parçalı Bulutlu,27.8,30.3,68,212,19.44,,,,,0,0,0,0,0,0,,,23.25,2026-09-27T14:04:34+00:00
Hatay,Payas,PAYAS,19378,2026-09-27T13:54:00.000Z,Çok Bulutlu,22.5,22.5,53,225,9,,,,,0,0,0,0,0,0,,,16.28,2026-09-27T14:04:34+00:00
Isparta,Merkez,ISPARTA,17240,2026-09-27T13:54:00.000Z,Hafif Sağanak Yağışlı,15.9,15.9,83,278,14.4,900.6,1010.1,10000,7,0.5,2.1,1.7,2.1,2.1,2.1,,,13.93,2026-09-27T14:04:34+00:00
Isparta,Gönen,ISPARTA SÜLEYMAN DEMİREL HAVALİMANI,17241,2026-09-27T13:27:00.000Z,Gökgürültülü Sağanak Yağışlı,14.5,14.5,92,232,7.920000000000001,915.8,1015.4,6000,7,,6.8,2,6.8,6.8,6.8,,,13.57,2026-09-27T14:04:34+00:00
Isparta,Senirkent,SENİRKENT,17826,2026-09-27T13:54:00.000Z,HHY,13.5,13.5,92,289,9,904.1,1009.9,,,1,3.1,2.9,3.1,3.1,3.1,,,12.59,2026-09-27T14:04:34+00:00
Isparta,Yalvaç,YALVAÇ,17828,2026-09-27T13:54:00.000Z,Hafif Yağmurlu,15.9,15.9,79,33,5.4,890,1009.2,9430,,2,3.4,3.4,3.4,3.4,3.4,,,13.48,2026-09-27T14:04:34+00:00
Isparta,Şarkikaraağaç,ŞARKİKARAĞAÇ,17863,2026-09-27T13:54:00.000Z,HHY,16.2,16.2,83,44,7.2,882.9,1008.5,,,0.2,1.8,1.6,1.8,1.8,1.8,,,14.22,2026-09-27T14:04:34+00:00
Isparta,Uluborlu,ULUBORLU,17864,2026-09-27T13:54:00.000Z,HHY,14.5,14.5,90,185,10.8,898.2,1010.6,,,2,6.8,6.6,6.8,6.8,6.8,,,13.35,2026-09-27T14:04:34+00:00
Isparta,Aksu,AKSU/ANAMAS,17865,2026-09-27T13:54:00.000Z,HHY,13.8,13.8,92,221,4.680000000000001,,,,,1,2.2,1,2.2,2.2,2.2,,,12.88,2026-09-27T14:04:34+00:00
Isparta,Eğirdir,EĞİRDİR,17882,2026-09-27T13:54:00.000Z,Hafif Yağmurlu,16.9,16.9,87,143,0.7200000000000001,908.5,1010.3,7090,,1.6,5.8,5.8,5.8,5.8,5.8,,,15.37,2026-09-27T14:04:34+00:00
Isparta,Atabey,ATABEY,17885,2026-09-27T13:54:00.000Z,HHY,12.9,12.9,91,304,15.840000000000002,,,,,1,5.1,5,5.1,5.1,5.1,,,11.88,2026-09-27T14:04:34+00:00
Isparta,Merkez,ISPARTA/DAVRAZ KAYAK MERKEZİ,17888,2026-09-27T13:54:00.000Z,HHY,8,8,100,343,8.64,803.9,1010.9,,,1.6,7.8,7,7.8,7.8,7.8,,,,2026-09-27T14:04:34+00:00
Isparta,Sütçüler,SÜTÇÜLER,17893,2026-09-27T13:54:00.000Z,HHY,16.1,16.1,91,243,4.32,899.5,1007.6,,,1.6,2.8,2.6,2.8,2.8,2.8,,,15.04,2026-09-27T14:04:34+00:00
Isparta,Gelendost,GELENDOST,18114,2026-09-27T13:54:00.000Z,HHY,15.5,15.5,85,232,10.44,898.6,1009.5,,,0,0.7,0.3,0.4,0.7,0.7,,,13.77,2026-09-27T14:04:34+00:00
Isparta,Yenişarbademli,YENİŞARBADEMLİ,18115,2026-09-27T13:54:00.000Z,Çok Bulutlu,15.2,15.2,77,249,2.8800000000000003,881.5,1009.3,,,0,2.8,0,2.8,2.8,2.8,,,12.59,2026-09-27T14:04:34+00:00
Isparta,Gönen,ISPARTA/GÖNEN,18315,2026-09-27T13:54:00.000Z,HHY,14.5,14.5,79,274,10.44,,,,,0.86,1.84,1.39,1.84,1.84,1.84,,,12.14,2026-09-27T14:04:34+00:00
Isparta,Keçiborlu,KEÇİBORLU,18316,2026-09-27T13:54:00.000Z,HHY,13.4,13.4,90,303,27.36,,,,,1.13,14.93,8.09,14.93,14.93,14.93,,,12.27,2026-09-27T14:04:34+00:00
Isparta,Sütçüler,SÜTÇÜLER/BEYDİLİ KÖYÜ,18608,2026-09-27T13:54:00.000Z,Çok Bulutlu,13.7,13.7,83,,,,,,,0,0,0,0,0,0,,,11.8,2026-09-27T14:04:34+00:00
Isparta,Eğirdir,EĞİRDİR/SARIİDRİS BELDESİ,18616,2026-09-27T13:54:00.000Z,HHY,12.8,12.8,94,,,,,,,0,0.54,0.54,0.54,0.54,0.54,,,12.11,2026-09-27T14:04:34+00:00
Isparta,Yalvaç,YALVAÇ/AKDAĞ MEVKİ,18624,2026-09-27T13:54:00.000Z,HHY,13.5,13.5,90,,,,,,,0.5,0.64,0.5,0.5,0.64,0.64,,,12.37,2026-09-27T14:04:34+00:00
Isparta,Sütçüler,SÜTÇÜLER/KASIMLAR BELDESİ,18844,2026-09-27T13:54:00.000Z,HHY,14.5,14.5,90,,,,,,,0.41,3.33,0.91,3.33,3.33,3.33,,,13.35,2026-09-27T14:04:34+00:00
Isparta,Sütçüler,SÜTÇÜLER / AYVALIIPINAR BELDESİ,18845,2026-09-27T13:54:00.000Z,HHY,13.5,13.5,91,,,,,,,1.76,5.86,2.65,5.86,5.86,5.86,,,12.48,2026-09-27T14:04:34+00:00
Isparta,Yalvaç,YALVAÇ/YARIKKAYA KÖYÜ,18846,2026-09-27T13:54:00.000Z,HHY,13.4,13.4,73,,,,,,,0.49,1.28,0.75,0.75,1.28,1.28,,,10.45,2026-09-27T14:04:34+00:00
Isparta,Yalvaç,YALVAÇ/ÇETİNCE,19100,2026-09-27T13:54:00.000Z,HHY,13.9,13.9,84,,,,,,,0.41,2.48,2.48,2.48,2.48,2.48,,,12.11,2026-09-27T14:04:34+00:00
Isparta,Yenişarbademli,YENİŞARBADEMLİ/DEDEGÖL TEPESİ,19105,2026-09-27T13:54:00.000Z,Çok Bulutlu,11.1,11.1,75,,,,,,,0,1.73,0,1.73,1.73,1.73,,,8.48,2026-09-27T14:04:34+00:00
Isparta,Merkez,ISPARTA/GÖLCÜK MİLLİ PARKI,19155,2026-09-27T13:54:00.000Z,Çok Bulutlu,11.3,11.3,84,232,9.360000000000001,,,,,0,0,0,0,0,0,,,9.58,2026-09-27T14:04:34+00:00
Isparta,Şarkikaraağaç,ŞARKİKARAAĞAÇ/SARIKAYA KÖYÜ,19159,2026-09-27T13:54:00.000Z,Çok Bulutlu,15.8,15.8,,,,,,,,0,0.58,0.04,0.58,0.58,0.58,,,,2026-09-27T14:04:34+00:00
Isparta,Merkez,EĞİRDİR/BARLA,19160,2026-09-27T13:54:00.000Z,HHY,16.3,16.3,82,64,4.680000000000001,,,,,1.12,1.41,1.12,1.41,1.41,1.41,,,14.21,2026-09-27T14:04:34+00:00
Isparta,Şarkikaraağaç,ŞARKİKARAAĞAÇ/KIZILDAĞ MİLLİ PARKI,19905,2026-09-27T13:53:00.000Z,HHY,12.7,12.7,82,138,6.12,854.4,1008,,,0,1.22,0.93,1.22,1.22,1.22,,,10.73,2026-09-27T14:04:34+00:00
Mersin,Anamur,ANAMUR,17320,2026-09-27T13:54:00.000Z,Çok Bulutlu,28.6,28.7,42,245,12.6,1010,1010.2,53960,,0,0,0,0,0,0,,28.5,19.68,2026-09-27T14:04:34+00:00
Mersin,Silifke,SİLİFKE,17330,2026-09-27T13:54:00.000Z,Açık,28.3,29,49,264,2.52,1008.8,1009.9,,,0,0,0,0,0,0,,,20.67,2026-09-27T14:04:34+00:00
Mersin,Yenişehir,MERSİN,17340,2026-09-27T13:54:00.000Z,Parçalı Bulutlu,28.2,30.5,64,210,7.2,1009.6,1010.4,20000,4,0,0,0,0,0,0,,29,23.0,2026-09-27T14:04:34+00:00
Mersin,Tarsus,ÇUKUROVA ULUSLARARASI HAVALİMANI,17345,2026-09-27T13:50:00.000Z,Parçalı Bulutlu,28.1,29.8,59,210,22.224,1009.4,1010.7,10000,3,,,,,,,,,22.13,2026-09-27T14:04:34+00:00
Mersin,Mut,MUT,17956,2026-09-27T13:54:00.000Z,Az Bulutlu,27.4,27.6,45,137,20.52,970.3,1008.5,,,0,0,0,0,0,0,,,19.22,2026-09-27T14:04:34+00:00
Mersin,Erdemli,ERDEMLİ,17958,2026-09-27T13:54:00.000Z,Açık,27.2,28.6,60,201,7.5600000000000005,1009.1,1009.9,,,0,0,0,0,0,0,,,21.48,2026-09-27T14:04:34+00:00
Mersin,Tarsus,TARSUS,17978,2026-09-27T13:54:00.000Z,Az Bulutlu,27.5,29.2,62,200,12.6,1007.1,1008.5,,,0,0,0,0,0,0,,,22.06,2026-09-27T14:04:34+00:00
Mersin,Gülnar,GÜLNAR,18059,2026-09-27T13:54:00.000Z,Çok Bulutlu,19.9,19.9,83,178,8.64,900.2,1011,,,0,0,0,0,0,0,,,17.81,2026-09-27T14:04:34+00:00
Mersin,Çamlıyayla,ÇAMLIYAYLA/MEYVECİLİK ARŞ. (TAGEM),18060,2026-09-27T13:54:00.000Z,Parçalı Bulutlu,19.6,19.6,80,99,5.04,888,1009.1,,,0,0,0,0,0,0,,,17.15,2026-09-27T14:04:34+00:00
Mersin,Aydıncık,MERSİN/AYDINCIK,18061,2026-09-27T13:54:00.000Z,Parçalı Bulutlu,27.6,28.5,53,226,15.120000000000001,1004.7,1004.9,,,0,0,0,0,0,0,,,20.73,2026-09-27T14:04:34+00:00
Mersin,Silifke,SİLİFKE/UZUNCABURÇ,18062,2026-09-27T13:53:00.000Z,Parçalı Bulutlu,18,18,76,191,10.08,941.4,,,,0,0,0,0,0,0,,,15.13,2026-09-27T14:04:34+00:00
Mersin,Tarsus,TARSUS/ARDIÇLI,18206,2026-09-27T13:54:00.000Z,Parçalı Bulutlu,22.6,22.6,,180,6.12,,,,,0,0,0,0,0,0,,,,2026-09-27T14:04:34+00:00
Mersin,Bozyazı,BOZYAZI,18284,2026-09-27T13:54:00.000Z,Parçalı Bulutlu,27.3,28.1,52,225,17.64,,,,,0,0,0,0,0,0,,,20.3,2026-09-27T14:04:34+00:00
Mersin,Erdemli,ERDEMLİ/TÖMÜK,18285,2026-09-27T13:54:00.000Z,Açık,27.1,32.9,96,175,12.96,,,,,0,0.08,0,0,0,0.08,,,26.6,2026-09-27T14:04:34+00:00
Mersin,Toroslar,TOROSLAR/ARSLANKÖY,18287,2026-09-27T13:54:00.000Z,Parçalı Bulutlu,18.3,18.3,86,139,6.48,855.6,1009.6,,,0,0,0,0,0,0,,,16.62,2026-09-27T14:04:34+00:00
Mersin,Toroslar,TOROSLAR/KIZILBAĞ,18288,2026-09-27T13:54:00.000Z,Çok Bulutlu,20.7,20.7,67,199,12.6,,,,,0,0,0,0,0,0,,,16.55,2026-09-27T14:04:34+00:00
Mersin,Gülnar,GÜLNAR/KONUR MEVKİ,18650,2026-09-27T13:54:00.000Z,Parçalı Bulutlu,18.1,18.1,64,,,,,,,0,0.38,0,0,0.22,0.86,,,13.79,2026-09-27T14:04:34+00:00
Mersin,Erdemli,ERDEMLİ/YAĞDA KÖYÜ,18651,2026-09-27T13:54:00.000Z,Çok Bulutlu,18.3,18.3,78,,,,,,,0,0,0,0,0,0,,,15.66,2026-09-27T14:04:34+00:00
Mersin,Silifke,SİLİFKE/GÜNDÜZLER KÖYÜ,18652,2026-09-27T13:54:00.000Z,Az Bulutlu,17.5,17.5,72,,,,,,,0,0.38,0,0,0.32,0.61,,,14.19,2026-09-27T14:04:34+00:00
Mersin,Mut,MUT/TOZLU YAYLASI,18653,2026-09-27T13:54:00.000Z,Parçalı Bulutlu,15.4,15.4,66,,,,,,,0,0,0,0,0,0.11,,,11.55,2026-09-27T14:04:34+00:00
Mersin,Mut,MUT/KIZILALAN MEVKİ,18655,2026-09-27T13:54:00.000Z,Parçalı Bulutlu,16.2,16.2,100,,,,,,,0,0.51,0,0,0.34,0.83,,,,2026-09-27T14:04:34+00:00
Mersin,Silifke,SİLİFKE/AKDERE ORMAN SAHASI,18870,2026-09-27T13:54:00.000Z,Açık,26.3,27.8,64,242,15.120000000000001,,,,,0,0,0,0,0,0,,,21.27,2026-09-27T14:04:34+00:00
Mersin,Mut,MUT/ÇORTAK KÖYÜ,18871,2026-09-27T13:54:00.000Z,Parçalı Bulutlu,26.8,27.2,47,,,,,,,0,0,0,0,0,0,,,19.05,2026-09-27T14:04:34+00:00
Mersin,Mezitli,MEZİTLİ/ÇEVLİK KÖYÜ,18989,2026-09-27T13:53:00.000Z,Parçalı Bulutlu,26.6,28.3,66,,,,,,,0,0,0,0,0,0,,,21.84,2026-09-27T14:04:34+00:00
Mersin,Toroslar,TOROSLAR/DALAKDERESİ,18992,2026-09-27T13:51:00.000Z,Parçalı Bulutlu,23.7,23.7,80,,,,,,,0,0,0,0,0,0,,,21.08,2026-09-27T14:04:34+00:00
Mersin,Toroslar,TOROSLAR/GÖZNE,18993,2026-09-27T11:02:00.000Z,Çok Bulutlu,22.7,22.7,63,,,,,,,,0.68,,0.49,0.68,0.68,,,17.85,2026-09-27T14:04:34+00:00
Mersin,Toroslar,TOROSLAR/YAVCA,18994,2026-09-27T13:54:00.000Z,Parçalı Bulutlu,20.3,20.3,77,,,,,,,0,0,0,0,0,0,,,17.44,2026-09-27T14:04:34+00:00
Mersin,Mezitli,MEZİTLİ,19180,2026-09-27T13:42:00.000Z,Az Bulutlu,26.9,30,79,201,10.44,,,,,0,0,0,0,0,0,,,24.01,2026-09-27T14:04:34+00:00
Mersin,Mut,MUT/SERTAVUL GEÇİDİ,19181,2026-09-27T13:54:00.000Z,Parçalı Bulutlu,16.5,16.5,83,,,,,,,0,0,0,0,0,0,,,14.51,2026-09-27T14:04:34+00:00
Mersin,Akdeniz,AKDENİZ/YANPAR KÖYÜ,19182,2026-09-27T13:50:00.000Z,Açık,27.9,31.7,77,,,,,,,0,0,0,0,0,0,,,24.68,2026-09-27T14:04:34+00:00
İstanbul,Çatalca,ÇATALCA RADAR SAHASI,17047,2026-09-27T13:54:00.000Z,HHY,15,15,99,37,30.240000000000002,973.8,1018.1,,,1,2.6,2.6,2.6,2.6,4.2,,,14.86,2026-09-27T14:04:34+00:00
İstanbul,Arnavutköy,İSTANBUL HAVALİMANI,17058,2026-09-27T13:28:00.000Z,Çok Bulutlu,18.8,18.8,86,357,33.12,1006.1,1017.7,10000,7,,3,0,3,3,10.4,,,17.1,2026-09-27T14:04:34+00:00
İstanbul,Sarıyer,SARIYER/KUMKÖY-KİLYOS,17059,2026-09-27T13:54:00.000Z,Çok Bulutlu,21.7,21.7,69,9,28.8,1012,1016.5,10780,,0,0,0,0,0,0,,22,17.73,2026-09-27T14:04:34+00:00
İstanbul,Bakırköy,İSTANBUL ATATÜRK HAVALİMANI,17060,2026-09-27T13:40:00.000Z,Çok Bulutlu,21.3,21.3,70,359,24.48,1013.6,1016.8,10000,6,0,0.2,0,0.2,0.2,0.2,,,17.49,2026-09-27T14:04:34+00:00
İstanbul,Sarıyer,SARIYER,17061,2026-09-27T13:54:00.000Z,Çok Bulutlu,20.8,20.8,83,46,28.44,1009.7,1016.6,57370,,0,0,0,0,0,0,,,18.68,2026-09-27T14:04:34+00:00
İstanbul,Kadıköy,KADIKÖY GÖZTEPE RIHTIM,17062,2026-09-27T13:54:00.000Z,Çok Bulutlu,22.8,22.8,68,354,15.120000000000001,1014.9,1015.5,55750,,0,0,0,0,0,0,,,18.62,2026-09-27T14:04:34+00:00
İstanbul,Pendik,İSTANBUL SABİHA GÖKÇEN HAVALİMANI,17063,2026-09-27T13:30:00.000Z,Parçalı Bulutlu,21.8,21.8,62,30,20.16,1005.8,1016.6,10000,4,,0.2,0,0,0.2,5.4,,,16.9,2026-09-27T14:04:34+00:00
İstanbul,Kartal,İSTANBUL BÖLGE,17064,2026-09-27T13:54:00.000Z,Çok Bulutlu,22.8,22.8,50,321,2.52,1013.1,1015.2,10000,5,0,0,0,0,0,0,,,16.11,2026-09-27T14:04:34+00:00
İstanbul,Sancaktepe,SAMANDIRA HAVALİMANI,17065,2026-09-27T13:54:00.000Z,Çok Bulutlu,21.1,21.1,70,41,24.840000000000003,1001.5,1015.9,5540,,0,0,0,0,0,0,,,17.3,2026-09-27T14:04:34+00:00
İstanbul,Fatih,FATİH/İST.DEN.BİL.ENS.,17603,2026-09-27T13:54:00.000Z,Çok Bulutlu,22.2,22.2,69,323,6.12,,,,,0,0,0,0,0,0,,,18.2,2026-09-27T14:04:34+00:00
İstanbul,Şile,ŞİLE,17610,2026-09-27T13:54:00.000Z,Çok Bulutlu,20.9,20.9,75,356,4.32,1006.2,1015.9,,,0,0,0,0,0,0,,,17.76,2026-09-27T14:04:34+00:00
İstanbul,Bakırköy,FLORYA,17636,2026-09-27T13:54:00.000Z,Çok Bulutlu,21.7,21.7,74,341,6.84,1011.7,,,,0,0,0,0,0,0,,,18.39,2026-09-27T14:04:34+00:00
İstanbul,Kadıköy,KADIKÖY/GÖZTEPE,17813,2026-09-27T13:55:00.000Z,Çok Bulutlu,21.7,21.7,67,62,3.24,1011.7,1016.5,,,0,0.4,0,0.4,0.4,0.4,,,17.47,2026-09-27T14:04:34+00:00
İstanbul,Güngören,GÜNGÖREN/DAVUTPAŞA MARMARA,17814,2026-09-27T13:55:00.000Z,Çok Bulutlu,20.8,20.8,77,30,8.64,1009.2,,,,0,0.3,0,0.3,0.3,0.3,,,17.92,2026-09-27T14:04:34+00:00
İstanbul,Büyükçekmece,BÜYÜKÇEKMECE,18099,2026-09-27T13:54:00.000Z,Çok Bulutlu,20.3,20.3,82,359,15.48,1015.9,1018.3,,,0,2.2,0,2.2,2.2,2.8,,,18.07,2026-09-27T14:04:34+00:00
İstanbul,Tuzla,TUZLA,18100,2026-09-27T13:54:00.000Z,Çok Bulutlu,22.3,22.3,64,70,8.28,1014.9,1015.3,,,0,0,0,0,0,1.1,,,17.62,2026-09-27T14:04:34+00:00
İstanbul,Eyüp,EYÜPSULTAN,18101,2026-09-27T13:54:00.000Z,Çok Bulutlu,21,21,80,354,19.8,1012.1,1018.4,,,0,0,0,0,0,0.1,,,18.49,2026-09-27T14:04:34+00:00
İstanbul,Beykoz,BEYKOZ,18396,2026-09-27T13:54:00.000Z,Çok Bulutlu,22.1,22.1,65,15,8.64,,,,,0,0,0,0,0,0.48,,,17.57,2026-09-27T14:04:34+00:00
İstanbul,Çekmeköy,ÇEKMEKÖY/ÖMERLİ,18397,2026-09-27T13:54:00.000Z,Parçalı Bulutlu,21.2,21.2,64,341,11.879999999999999,1007.3,1016.7,,,0,0,0,0,0,0.75,,,16.62,2026-09-27T14:04:34+00:00
İstanbul,Sancaktepe,SANCAKTEPE,18399,2026-09-27T13:54:00.000Z,Çok Bulutlu,21.2,21.2,56,5,15.48,,,,,0,0.08,0,0,0.08,0.3,,,15.55,2026-09-27T14:04:34+00:00
İstanbul,Silivri,SİLİVRİ,18400,2026-09-27T13:54:00.000Z,Çok Bulutlu,17.5,17.5,80,25,27.720000000000002,,,,,0.1,0.7,0.2,0.7,0.7,1,,,15.13,2026-09-27T14:04:34+00:00
İstanbul,Şişli,ŞİŞLİ,18401,2026-09-27T13:54:00.000Z,Çok Bulutlu,22.2,22.2,76,327,9,,,,,0,0,0,0,0,0.05,,,19.12,2026-09-27T14:04:34+00:00
İstanbul,Arnavutköy,ARNAVUTKÖY,18402,2026-09-27T13:54:00.000Z,Çok Bulutlu,19.4,19.4,84,15,20.52,,,,,0,4.54,0,4.54,4.54,14.78,,,17.44,2026-09-27T14:04:34+00:00
İstanbul,Ümraniye,ÜMRANİYE,18403,2026-09-27T13:54:00.000Z,Çok Bulutlu,20.4,20.4,75,33,7.5600000000000005,,,,,0,0.63,0,0.3,0.63,1.8,,,17.28,2026-09-27T14:04:34+00:00
İstanbul,Üsküdar,ÜSKÜDAR,18404,2026-09-27T13:54:00.000Z,Çok Bulutlu,20.9,20.9,68,354,23.040000000000003,,,,,0,0,0,0,0,0,,,16.86,2026-09-27T14:04:34+00:00
İstanbul,Beykoz,BEYKOZ/ANADOLU FENERİ,18421,2026-09-27T13:54:00.000Z,Çok Bulutlu,21.8,21.8,78,45,24.12,,,12250,,0,0,0,0,0,0,,,19.0,2026-09-27T14:04:34+00:00
İstanbul,Arnavutköy,ARNAVUTKÖY/TERKOS BARAJI,18734,2026-09-27T13:54:00.000Z,HHY,18.4,18.4,97,,,,,,,1.1,1.15,1.1,1.1,1.15,8.62,,,18.04,2026-09-27T14:04:34+00:00
İstanbul,Şile,ŞİLE/İSAKÖY,18735,2026-09-27T13:54:00.000Z,Çok Bulutlu,20.9,20.9,82,,,,,,,0,0,0,0,0,0.98,,,18.65,2026-09-27T14:04:34+00:00
İstanbul,Pendik,PENDİK/ÖMERLİ BARAJI,18736,2026-09-27T13:54:00.000Z,Çok Bulutlu,21.1,21.1,80,,,,,,,0,0,0,0,0,0,,,18.59,2026-09-27T14:04:34+00:00
İstanbul,Şile,ŞİLE/DARLIK KÖYÜ,18792,2026-09-27T13:56:00.000Z,Çok Bulutlu,17.7,17.7,59,,,,,,,0,0,0,0,0,0.84,,,12.82,2026-09-27T14:04:34+00:00
İstanbul,Silivri,SİLİVRİ ORMAN SAHASI,18793,2026-09-27T13:54:00.000Z,Çok Bulutlu,17.1,17.1,100,29,16.2,,,,,0,8.84,0.09,8.49,8.84,8.84,,,,2026-09-27T14:04:34+00:00
İstanbul,Sarıyer,SARIYER/İTÜ MASLAK YERLEŞKESİ,18980,2026-09-27T13:53:00.000Z,Çok Bulutlu,21.3,21.3,69,355,5.760000000000001,1006.9,1015.7,48970,,0,0,0,0,0,0.4,,,17.36,2026-09-27T14:04:34+00:00
İstanbul,Beylikdüzü,BEYLİKDÜZÜ,19110,2026-09-27T13:54:00.000Z,Çok Bulutlu,19.5,19.5,79,66,29.52,,,,,0,0,0,0,0,0,,,16.93,2026-09-27T14:04:34+00:00
İstanbul,Çatalca,ÇATALCA,19111,2026-09-27T13:53:00.000Z,Çok Bulutlu,20.7,20.7,87,28,26.64,,,,,0,0.2,0,0.2,0.2,0.6,,,19.08,2026-09-27T14:04:34+00:00
İstanbul,Kartal,KARTAL/AYDOS DAĞI,19112,2026-09-27T13:54:00.000Z,Çok Bulutlu,19.7,19.7,75,34,35.28,,,,,0,0,0,0,0,0.1,,,16.62,2026-09-27T14:04:34+00:00
İstanbul,Sarıyer,SARIYER/YAVUZ SULTAN SELİM KÖPRÜSÜ,19365,2026-09-27T13:54:00.000Z,Çok Bulutlu,21.3,21.3,85,12,29.880000000000003,,,,,0,0,0,0,0,0,,,19.41,2026-09-27T14:04:34+00:00
İzmir,Dikili,DİKİLİ,17180,2026-09-27T13:54:00.000Z,Çok Bulutlu,20.3,20.3,70,101,12.6,1013.2,1013.5,53240,,0,0,0,0,0,0,,21.5,16.56,2026-09-27T14:04:34+00:00
İzmir,Çiğli,ÇİĞLİ HAVALİMANI,17218,2026-09-27T13:40:00.000Z,Çok Bulutlu,18.5,18.5,88,341,11.520000000000001,1013.4,1014,10000,7,0.2,4.2,0.2,3.8,4.2,4.2,,,17.05,2026-09-27T14:04:34+00:00
İzmir,Gaziemir,İZMİR ADNAN MENDERES HAVALİMANI,17219,2026-09-27T13:40:00.000Z,Çok Bulutlu,18.8,18.8,82,338,30.96,999.6,1012.9,10000,7,0,2.2,0,1.2,2.2,2.2,,,16.62,2026-09-27T14:04:34+00:00
İzmir,Konak,İZMİR BÖLGE,17220,2026-09-27T13:54:00.000Z,Çok Bulutlu,18.8,18.8,95,237,8.28,1010.3,1013,20000,7,0.12,2.27,0.6,2.08,2.27,2.27,,24.1,18.19,2026-09-27T14:04:34+00:00
İzmir,Çeşme,ÇEŞME,17221,2026-09-27T13:54:00.000Z,HHY,18.2,18.2,89,59,14.04,1011.9,1012.5,28590,,0.16,12.09,1.57,12.02,12.09,12.09,,21.8,16.88,2026-09-27T14:04:34+00:00
İzmir,Çiğli,İZMİR KAKLIÇ HAVALİMANI,17225,2026-09-27T13:25:00.000Z,Çok Bulutlu,18.1,18.1,91,337,20.52,1013.4,1013.9,2100,,,4.2,0,4,4.2,4.2,,,17.02,2026-09-27T14:04:34+00:00
İzmir,Selçuk,SELÇUK EFES HAVALİMANI,17226,2026-09-27T13:27:00.000Z,Hafif Sağanak Yağışlı,19.3,19.3,88,251,25.92,1012,1012.5,10000,7,,4.8,0,3.2,3.8,4.8,,,17.84,2026-09-27T14:04:34+00:00
İzmir,Bergama,BERGAMA,17742,2026-09-27T13:54:00.000Z,Hafif Yağmurlu,19.2,19.2,82,13,1.8,1008.3,1014.5,34330,,0,0,0,0,0,0,,,17.01,2026-09-27T14:04:34+00:00
İzmir,Kemalpaşa,KEMALPAŞA,17749,2026-09-27T13:54:00.000Z,HHY,17.2,17.2,94,122,3.9600000000000004,989.2,1013.4,,,0.4,1.8,0.6,1.2,1.8,2.2,,,16.48,2026-09-27T14:04:34+00:00
İzmir,Foça,FOÇA TOPRAK SU,17782,2026-09-27T13:54:00.000Z,HHY,18.3,18.3,81,45,18.36,,,,,0.2,5.8,1.2,5.8,5.8,5.8,,,16.02,2026-09-27T14:04:34+00:00
İzmir,Aliağa,ALİAĞA,17787,2026-09-27T13:54:00.000Z,Hafif Yağmurlu,18.8,18.8,87,46,6.12,1010.5,1013.7,20700,,0.2,5.2,0.8,5.2,5.2,5.2,,,17.22,2026-09-27T14:04:34+00:00
İzmir,Menemen,MENEMEN,17789,2026-09-27T13:54:00.000Z,Çok Bulutlu,18.5,18.5,100,87,3.9600000000000004,1012,1013.2,,,0,0,0,0,0,0,,,,2026-09-27T14:04:34+00:00
İzmir,Seferihisar,SEFERİHİSAR,17820,2026-09-27T13:54:00.000Z,Çok Bulutlu,19.3,19.3,93,318,12.6,1009.9,1012.8,,,0,3,0,2.4,3,3,,,18.45,2026-09-27T14:04:34+00:00
İzmir,Gaziemir,İZMİR GAZİEMİR HAVALİMANI,17821,2026-09-27T13:40:00.000Z,Çok Bulutlu,18.1,18.1,80,319,15.48,997.1,1013.9,9900,,0,2.8,0,1.8,2.8,2.8,,,15.71,2026-09-27T14:04:34+00:00
İzmir,Ödemiş,ÖDEMİŞ,17822,2026-09-27T13:54:00.000Z,Hafif Sağanak Yağışlı,18.1,18.1,91,150,3.6,1000.1,1013.1,6770,,0,5.6,0.2,5.6,5.6,5.6,,,17.02,2026-09-27T14:04:34+00:00
İzmir,Selçuk,SELÇUK,17854,2026-09-27T13:54:00.000Z,Çok Bulutlu,20.3,20.3,86,310,4.32,1009.6,1011.7,,,0,4.2,0,3,3.6,4.2,,,18.57,2026-09-27T14:04:34+00:00
İzmir,Urla,URLA,18028,2026-09-27T13:54:00.000Z,Çok Bulutlu,18.5,18.5,91,343,30.96,1005,1012,,,0,4.3,0.2,4.2,4.3,4.3,,,17.41,2026-09-27T14:04:34+00:00
İzmir,Tire,TİRE,18029,2026-09-27T13:54:00.000Z,HHY,20.5,20.5,86,15,9,1004.8,1012.9,,,0,3.6,0.8,3.6,3.6,3.6,,,18.76,2026-09-27T14:04:34+00:00
İzmir,Torbalı,TORBALI,18030,2026-09-27T13:54:00.000Z,Çok Bulutlu,20.5,20.5,71,357,24.12,1006.8,1013.8,,,0,1.6,0,0.2,0.3,1.6,,,16.87,2026-09-27T14:04:34+00:00
İzmir,Bornova,BORNOVA/ZEYTİNCİLİK ARŞ.(TAGEM),18031,2026-09-27T13:54:00.000Z,Çok Bulutlu,19.6,19.6,88,76,12.24,1011.9,1013.5,,,0,3.6,0,3.2,3.6,3.6,,,18.13,2026-09-27T14:04:34+00:00
İzmir,Karaburun,KARABURUN,18032,2026-09-27T13:54:00.000Z,Hafif Yağmurlu,18,18,85,85,7.920000000000001,998.6,1014,38240,,0,2.3,0,2.3,2.3,2.3,,,16.2,2026-09-27T14:04:34+00:00
İzmir,Menderes,MENDERES ORMAN SAHASI,18034,2026-09-27T13:54:00.000Z,Çok Bulutlu,19.2,19.2,81,333,6.84,995.8,1012.7,,,0,1.9,0,0.7,1.9,1.9,,,16.88,2026-09-27T14:04:34+00:00
İzmir,Urla,URLA/UZUNKUYU ORMAN SAHASI,18035,2026-09-27T13:53:00.000Z,Çok Bulutlu,17.5,17.5,94,75,2.52,996,1013.4,,,0,9.2,0,9.1,9.2,9.2,,,16.78,2026-09-27T14:04:34+00:00
İzmir,Aliağa,ALİAĞA/BOZKÖY ORMAN SAHASI,18038,2026-09-27T13:54:00.000Z,HHY,17.3,17.3,80,14,7.5600000000000005,996.8,1013.6,,,0.1,6,0.6,6,6,6,,,14.94,2026-09-27T14:04:34+00:00
İzmir,Bayındır,BAYINDIR,18049,2026-09-27T13:54:00.000Z,HHY,19.4,19.4,89,114,5.760000000000001,1005.9,,,,0.2,1.5,1,1.5,1.5,1.5,,,18.06,2026-09-27T14:04:34+00:00
İzmir,Menderes,MENDERES/GÜMÜLDÜR,18050,2026-09-27T13:54:00.000Z,Çok Bulutlu,20.2,20.2,78,359,16.56,1004,1012.2,,,0,3,0,2.7,3,3,,,17.47,2026-09-27T14:04:34+00:00
İzmir,Kemalpaşa,KEMALPAŞA/OVACIK KÖYÜ,18439,2026-09-27T13:53:00.000Z,Çok Bulutlu,12.9,12.9,72,17,6.48,922.8,1013.6,,,0,0.16,0,0,0.16,0.16,,,9.87,2026-09-27T14:04:34+00:00
İzmir,Bayraklı,BAYRAKLI,18440,2026-09-27T13:53:00.000Z,Çok Bulutlu,18.9,18.9,95,91,1.8,,,,,0.1,3.6,0.1,3.1,3.6,3.6,,,18.29,2026-09-27T14:04:34+00:00
İzmir,Beydağ,BEYDAĞ,18441,2026-09-27T13:54:00.000Z,Çok Bulutlu,19.5,19.5,79,252,2.16,,,,,0,0.87,0,0.87,0.87,0.87,,,16.93,2026-09-27T14:04:34+00:00
İzmir,Bornova,BORNOVA ORMAN SAHASI,18442,2026-09-27T13:54:00.000Z,Çok Bulutlu,16.1,16.1,100,35,11.16,973.6,1014,,,0,2.57,0.05,2.48,2.57,2.57,,,,2026-09-27T14:04:34+00:00
İzmir,Buca,BUCA,18443,2026-09-27T13:54:00.000Z,Çok Bulutlu,19,19,78,6,10.08,,,,,0,1.13,0,0.54,1.13,1.13,,,16.33,2026-09-27T14:04:34+00:00
İzmir,Güzelbahçe,GÜZELBAHÇE,18444,2026-09-27T13:54:00.000Z,HHY,18.4,18.4,100,63,9.72,,,,,0,4.34,0.28,4.15,4.29,4.34,,,,2026-09-27T14:04:34+00:00
İzmir,Karabağlar,İZMİR ÇATALKAYA RADAR SAHASI,18445,2026-09-27T13:54:00.000Z,Çok Bulutlu,12.2,12.2,99,66,19.08,,,,,0,5.04,0.19,3.91,5.04,5.04,,,12.05,2026-09-27T14:04:34+00:00
İzmir,Karşıyaka,KARŞIYAKA,18446,2026-09-27T13:54:00.000Z,Çok Bulutlu,18.8,18.8,95,339,16.92,,,,,0.1,3.5,0.1,3.4,3.5,3.5,,,18.19,2026-09-27T14:04:34+00:00
İzmir,Kiraz,KİRAZ,18447,2026-09-27T13:54:00.000Z,Çok Bulutlu,17.2,17.2,100,207,8.28,,,,,0,1.83,0,1.83,1.83,1.83,,,,2026-09-27T14:04:34+00:00
İzmir,Konak,KONAK,18448,2026-09-27T13:54:00.000Z,HHY,17.6,17.6,85,22,19.44,,,,,0,2.15,0.26,1.57,2.08,2.15,,,15.81,2026-09-27T14:04:34+00:00
İzmir,Menderes,MENDERES/ÇİLEME KÖYÜ,18449,2026-09-27T13:53:00.000Z,Çok Bulutlu,20.7,20.7,73,342,19.44,,,,,0,2.28,0,0.9,1.11,2.28,,,17.31,2026-09-27T14:04:34+00:00
İzmir,Narlıdere,NARLIDERE,18450,2026-09-27T13:54:00.000Z,HHY,17.4,17.4,100,213,3.9600000000000004,,,,,0,3.74,0.44,3.37,3.74,3.74,,,,2026-09-27T14:04:34+00:00
İzmir,Ödemiş,ÖDEMİŞ/DEMİRDERE KÖYÜ,18599,2026-09-27T13:54:00.000Z,Çok Bulutlu,15.2,15.2,93,,,,,,,0,3.39,0,3.39,3.39,3.39,,,14.38,2026-09-27T14:04:34+00:00
İzmir,Kınık,KINIK/KÖSELER KÖYÜ,18820,2026-09-27T13:54:00.000Z,HHY,16.2,16.2,92,,,,,,,0.2,2.51,0.82,2.51,2.51,2.51,,,15.26,2026-09-27T14:04:34+00:00
İzmir,Bergama,BERGAMA/ÇAMAVLU KÖYÜ,18821,2026-09-27T13:54:00.000Z,Çok Bulutlu,17.4,17.4,68,,,,,,,0,0,0,0,0,0,,,13.62,2026-09-27T14:04:34+00:00
İzmir,Bayındır,BAYINDIR/ÇINARDİBİ KÖYÜ,18822,2026-09-27T13:54:00.000Z,Çok Bulutlu,14,14,88,,,,,,,0,0.6,0,0.1,0.26,0.6,,,12.64,2026-09-27T14:04:34+00:00
İzmir,Bergama,BERGAMA/İNCECİKLER ORMAN SAHASI,18823,2026-09-27T13:54:00.000Z,Çok Bulutlu,16.6,16.6,74,44,5.760000000000001,,,,,0,0,0,0,0,0,,,13.57,2026-09-27T14:04:34+00:00
İzmir,Dikili,DİKİLİ/ÇUKURALAN KÖYÜ,18901,2026-09-27T13:54:00.000Z,Çok Bulutlu,17.3,17.3,69,40,32.76,940.4,1013.5,,,0,0,0,0,0,0,,,13.65,2026-09-27T14:04:34+00:00
İzmir,Kınık,KINIK,18917,2026-09-27T13:54:00.000Z,Çok Bulutlu,18.6,18.6,81,156,8.64,,,,,0,1,0,1,1,1,,,16.31,2026-09-27T14:04:34+00:00
İzmir,Bergama,BERGAMA/ÇAMKÖY,18945,2026-09-27T14:00:00.000Z,Çok Bulutlu,17.7,17.7,93,60,10.8,1004.4,1014.4,,,0,0,0,0,0,0,,,16.86,2026-09-27T14:04:34+00:00
İzmir,Balçova,BALÇOVA,19133,2026-09-27T13:54:00.000Z,HHY,18.7,18.7,83,221,3.24,,,,,0.02,3.24,0.48,2.86,3.24,3.24,,,16.64,2026-09-27T14:04:34+00:00
İzmir,Kemalpaşa,KEMALPAŞA/BAĞYURDU KÖYÜ,19134,2026-09-27T13:54:00.000Z,HHY,17,17,96,343,0.7200000000000001,,,,,0.8,5.29,3.03,5.29,5.29,5.29,,,16.52,2026-09-27T14:04:34+00:00
İzmir,Tire,TİRE/SOMAK KÖYÜ,19136,2026-09-27T13:54:00.000Z,Çok Bulutlu,14.8,14.8,86,,,,,,,0,1.1,0,1.1,1.1,1.1,,,13.2,2026-09-27T14:04:34+00:00
Kars,Merkez,KARS,17097,2026-09-27T13:54:00.000Z,Çok Bulutlu,21.2,21.2,42,87,14.4,823.4,1009.4,,,0,0,0,0,0,0,,,13.59,2026-09-27T14:04:34+00:00
Kars,Merkez,KARS HARAKANİ HAVALİMANI,17098,2026-09-27T13:22:00.000Z,Parçalı Bulutlu,22,22,41,129,23.040000000000003,821.9,1020.8,10000,3,,0,0,0,0,0,,,14.1,2026-09-27T14:04:34+00:00
Kars,Arpaçay,ARPAÇAY,17656,2026-09-27T13:54:00.000Z,Parçalı Bulutlu,21.3,21.3,42,103,7.920000000000001,829.3,1010.6,,,0,0,0,0,0,0,,,13.67,2026-09-27T14:04:34+00:00
Kars,Sarıkamış,SARIKAMIŞ,17692,2026-09-27T13:54:00.000Z,Çok Bulutlu,17.6,17.6,53,0,0,793.5,1010.3,,,0,0,0,0,0,0,,,12.01,2026-09-27T14:04:34+00:00
Kars,Selim,SELİM,18197,2026-09-27T13:54:00.000Z,Çok Bulutlu,19.7,19.7,48,145,6.84,816,1010.1,,,0,0,0,0,0,0,,,13.17,2026-09-27T14:04:34+00:00
Kars,Kağızman,KAĞIZMAN,18198,2026-09-27T13:53:00.000Z,Parçalı Bulutlu,23.7,23.7,57,101,17.28,864.2,1007.4,,,0,0,0,0,0,0,,,17.91,2026-09-27T14:04:34+00:00
Kars,Akyaka,AKYAKA,18373,2026-09-27T13:54:00.000Z,Parçalı Bulutlu,21.9,21.9,48,46,19.44,,,,,0,0,0,0,0,0.11,,,15.05,2026-09-27T14:04:34+00:00
Kars,Digor,DİGOR,18374,2026-09-27T13:54:00.000Z,Az Bulutlu,23,23,58,128,7.920000000000001,,,,,0,0,0,0,0,0,,,17.43,2026-09-27T14:04:34+00:00
Kars,Susuz,SUSUZ,18375,2026-09-27T13:54:00.000Z,Çok Bulutlu,20.4,20.4,56,91,11.16,,,,,0,0,0,0,0,0,,,14.85,2026-09-27T14:04:34+00:00
Kars,Sarıkamış,SARIKAMIŞ/KARAKURT BELDESİ,19076,2026-09-27T13:54:00.000Z,Parçalı Bulutlu,23.2,23.2,39,,,,,,,0,0,0,0,0,0,,,14.76,2026-09-27T14:04:34+00:00
Kars,Merkez,KARS/SOYLU KÖYÜ,19077,2026-09-27T13:54:00.000Z,Çok Bulutlu,20.9,20.9,50,,,,,,,0,0,0,0,0,0,,,14.47,2026-09-27T14:04:34+00:00
Kars,Selim,SELİM/BEYKÖY,19256,2026-09-27T13:54:00.000Z,Çok Bulutlu,18.1,18.1,58,,,,,,,0,0.4,0,0.29,0.4,0.4,,,13.06,2026-09-27T14:04:34+00:00
Kastamonu,İnebolu,İNEBOLU,17024,2026-09-27T13:54:00.000Z,Çok Bulutlu,20.9,20.9,83,356,6.12,1007.7,1015.2,43220,,0,0,0,0,0,0,,20,18.77,2026-09-27T14:04:34+00:00
Kastamonu,Merkez,KASTAMONU,17074,2026-09-27T13:54:00.000Z,Çok Bulutlu,20.7,20.7,76,37,6.84,922.6,1012.9,40410,,0,0,0,0,0,0,,,17.7,2026-09-27T14:04:34+00:00
Kastamonu,Cide,CİDE,17604,2026-09-27T13:54:00.000Z,Parçalı Bulutlu,21.2,21.2,70,4,7.2,1010.8,1015,40310,,0,0,0,0,0,0,,,17.4,2026-09-27T14:04:34+00:00
Kastamonu,Bozkurt,KASTAMONU/BOZKURT,17606,2026-09-27T13:54:00.000Z,Çok Bulutlu,19.2,19.2,90,43,0.36000000000000004,996.6,1016.2,74670,,0,0,0,0,0,0,,,17.98,2026-09-27T14:04:34+00:00
Kastamonu,Devrekani,DEVREKANİ,17618,2026-09-27T13:54:00.000Z,Çok Bulutlu,15.2,15.2,99,7,2.8800000000000003,896.7,1014.7,37720,,0,0.2,0,0,0.2,0.2,,,15.06,2026-09-27T14:04:34+00:00
Kastamonu,Tosya,TOSYA,17650,2026-09-27T13:54:00.000Z,Çok Bulutlu,18.3,18.3,74,67,20.16,914.6,1012.2,44120,,0,0,0,0,0,0,,,15.18,2026-09-27T14:04:34+00:00
Kastamonu,Araç,ARAÇ,18215,2026-09-27T13:54:00.000Z,Çok Bulutlu,20.9,20.9,73,184,1.08,936.1,1013.4,,,0,0,0,0,0,0,,,17.5,2026-09-27T14:04:34+00:00
Kastamonu,Pınarbaşı,KASTAMONU/PINARBAŞI,18513,2026-09-27T13:54:00.000Z,Parçalı Bulutlu,19.2,19.2,57,334,6.48,,,,,0,0,0,0,0,0,,,13.91,2026-09-27T14:04:34+00:00
Kastamonu,Azdavay,AZDAVAY,18514,2026-09-27T13:54:00.000Z,Çok Bulutlu,18.3,18.3,60,10,7.5600000000000005,,,,,0,0,0,0,0,0,,,13.48,2026-09-27T14:04:34+00:00
Kastamonu,Daday,DADAY,18515,2026-09-27T13:54:00.000Z,Çok Bulutlu,17.7,17.7,65,60,12.24,,,,,0,0,0,0,0,0,,,13.54,2026-09-27T14:04:34+00:00
Kastamonu,Doğanyurt,DOĞANYURT,18516,2026-09-27T13:54:00.000Z,Çok Bulutlu,20.4,20.4,78,67,9,,,,,0,0,0,0,0,0,,,17.66,2026-09-27T14:04:34+00:00
Kastamonu,İhsangazi,İHSANGAZİ,18517,2026-09-27T13:54:00.000Z,Çok Bulutlu,20.3,20.3,55,162,6.84,,,,,0,0,0,0,0,0,,,14.63,2026-09-27T14:04:34+00:00
Kastamonu,Küre,KÜRE,18518,2026-09-27T13:54:00.000Z,Çok Bulutlu,13.3,13.3,93,9,13.68,,,,,0,0,0,0,0,0,,,12.5,2026-09-27T14:04:34+00:00
Kastamonu,Pınarbaşı,PINARBAŞI KAR,18519,2026-09-27T13:54:00.000Z,Çok Bulutlu,17,17,62,241,2.16,,,20000,,0,0,0,0,0,0,,,12.55,2026-09-27T14:04:34+00:00
Kastamonu,Seydiler,SEYDİLER,18520,2026-09-27T13:54:00.000Z,Çok Bulutlu,15.7,15.7,78,6,15.840000000000002,,,,,0,0,0,0,0,0,,,13.18,2026-09-27T14:04:34+00:00
Kastamonu,Şenpazar,ŞENPAZAR,18521,2026-09-27T13:54:00.000Z,Çok Bulutlu,19,19,60,334,3.24,,,,,0,0,0,0,0,0,,,14.11,2026-09-27T14:04:34+00:00
Kastamonu,Taşköprü,TAŞKÖPRÜ,18522,2026-09-27T13:54:00.000Z,Çok Bulutlu,18.7,18.7,60,123,5.4,,,,,0,0,0,0,0,0,,,13.84,2026-09-27T14:04:34+00:00
Kastamonu,İhsangazi,İHSANGAZİ/İNCİĞEZ KÖYÜ,18704,2026-09-27T13:54:00.000Z,Çok Bulutlu,16.3,16.3,,,,,,,,0,0,0,0,0,0,,,,2026-09-27T14:04:34+00:00
Kastamonu,Araç,ARAÇ ORMAN SAHASI,18705,2026-09-27T13:54:00.000Z,Çok Bulutlu,18.9,18.9,68,,,,,,,0,0,0,0,0,0,,,15.01,2026-09-27T14:04:34+00:00
Kastamonu,Merkez,KASTAMONU/BAŞÖREN KÖYÜ,18706,2026-09-27T13:54:00.000Z,Çok Bulutlu,19,19,69,,,,,,,0,0,0,0,0,0,,,15.23,2026-09-27T14:04:34+00:00
Kastamonu,İnebolu,İNEBOLU/YOLÜSTÜ KÖYÜ,18914,2026-09-27T13:54:00.000Z,Çok Bulutlu,15,15,85,112,0.7200000000000001,,,,,0,0,0,0,0,0,,,13.29,2026-09-27T14:04:34+00:00
Kastamonu,Merkez,KASTAMONU/MESCİT KÖYÜ,18997,2026-09-27T13:54:00.000Z,Çok Bulutlu,17.3,17.3,66,,,,,,,0,0,0,0,0,0,,,13.29,2026-09-27T14:04:34+00:00
Kastamonu,Devrekani,DEVREKANİ/KUZ KÖYÜ,19030,2026-09-27T13:54:00.000Z,Çok Bulutlu,10.8,10.8,90,,,,,,,0,0,0,0,0,0,,,9.71,2026-09-27T14:04:34+00:00
Kastamonu,Ağlı,AĞLI,19031,2026-09-27T13:54:00.000Z,Çok Bulutlu,14.1,14.1,82,3,16.2,,,,,0,0.2,0,0.2,0.2,0.2,,,12.08,2026-09-27T14:04:34+00:00
Kastamonu,Bozkurt,BOZKURT/MAMATLAR KÖYÜ,19032,2026-09-27T13:54:00.000Z,Çok Bulutlu,9.8,9.8,91,,,,,,,0,0,0,0,0,0,,,8.82,2026-09-27T14:04:34+00:00
Kastamonu,Abana,ABANA,19221,2026-09-27T13:54:00.000Z,Çok Bulutlu,20.8,20.8,76,329,4.32,,,,,0,0,0,0,0,0,,,17.79,2026-09-27T14:04:34+00:00
Kastamonu,Merkez,HANÖNÜ,19222,2026-09-27T13:55:00.000Z,Çok Bulutlu,22.4,22.4,48,0,0,,,,,0,0,0,0,0,0,,,15.47,2026-09-27T14:04:34+00:00
Kayseri,Kocasinan,KAYSERİ ERKİLET HAVALİMANI,17195,2026-09-27T13:40:00.000Z,Gökgürültülü Sağanak Yağışlı,25.6,25.9,43,197,0,891.8,1012.4,10000,6,0,0,0,0,0,0,,,17.38,2026-09-27T14:04:34+00:00
Kayseri,Melikgazi,KAYSERİ BÖLGE,17196,2026-09-27T13:54:00.000Z,Çok Bulutlu,24.5,24.5,47,219,7.2,888.3,1007.6,44590,,0,0,0,0,0,0,,,17.1,2026-09-27T14:04:34+00:00
Kayseri,Pınarbaşı,KAYSERİ/PINARBAŞI,17802,2026-09-27T13:54:00.000Z,Parçalı Bulutlu,23.3,23.3,40,324,12.96,843.9,1006.5,37530,,0,0,0,0,0,0,,,15.0,2026-09-27T14:04:34+00:00
Kayseri,Develi,DEVELİ,17836,2026-09-27T13:54:00.000Z,Parçalı Bulutlu,23.2,23.2,47,2,14.04,877.6,1007.3,,,0,0,0,0,0,0,,,16.0,2026-09-27T14:04:34+00:00
Kayseri,Tomarza,TOMARZA,17837,2026-09-27T13:54:00.000Z,Parçalı Bulutlu,23,23,45,202,9,858.7,1009.1,,,0,0,0,0,0,0,,,15.53,2026-09-27T14:04:34+00:00
Kayseri,Sarız,SARIZ,17840,2026-09-27T13:54:00.000Z,Parçalı Bulutlu,21.1,21.1,55,347,16.2,839.3,1008.7,,,0,0,0,0,0,0,,,15.33,2026-09-27T14:04:34+00:00
Kayseri,Kocasinan,KOCASİNAN/YAMULA BARAJI,18148,2026-09-27T13:53:00.000Z,HHY,20.1,20.1,61,221,23.759999999999998,890.4,1007.8,,,2.5,2.9,2.7,2.9,2.9,2.9,,,15.23,2026-09-27T14:04:34+00:00
Kayseri,Yeşilhisar,YEŞİLHİSAR,18207,2026-09-27T13:54:00.000Z,Çok Bulutlu,23.1,23.1,56,31,10.44,885.1,1008.4,,,0,0,0,0,0,0,,,17.23,2026-09-27T14:04:34+00:00
Kayseri,Akkışla,AKKIŞLA,18454,2026-09-27T13:54:00.000Z,HHY,18.2,18.2,85,63,4.680000000000001,,,,,0,2.77,1.68,2.77,2.77,2.77,,,16.4,2026-09-27T14:04:34+00:00
Kayseri,Bünyan,BÜNYAN,18455,2026-09-27T13:54:00.000Z,Parçalı Bulutlu,23.5,23.5,53,230,11.16,,,20000,,0,0,0,0,0,0,,,17.15,2026-09-27T14:04:34+00:00
Kayseri,Felahiye,FELAHİYE,18456,2026-09-27T13:54:00.000Z,Çok Bulutlu,21.5,21.5,56,304,6.84,,,,,0,0,0,0,0,0,,,15.82,2026-09-27T14:04:34+00:00
Kayseri,İncesu,İNCESU,18457,2026-09-27T13:54:00.000Z,Çok Bulutlu,23.6,23.6,54,236,5.04,,,,,0,0,0,0,0,0,,,17.38,2026-09-27T14:04:34+00:00
Kayseri,Özvatan,ÖZVATAN,18458,2026-09-27T13:54:00.000Z,Çok Bulutlu,21.7,21.7,55,280,16.2,,,,,0,0,0,0,0,0,,,15.86,2026-09-27T14:04:34+00:00
Kayseri,Sarıoğlan,SARIOĞLAN,18459,2026-09-27T13:54:00.000Z,Çok Bulutlu,21.7,21.7,54,106,14.04,,,,,0,0,0,0,0,0,,,15.72,2026-09-27T14:04:34+00:00
Kayseri,Talas,TALAS/ALİ DAĞI,18460,2026-09-27T13:54:00.000Z,Çok Bulutlu,18.1,18.1,70,188,37.080000000000005,,,,,0,2.51,0,2.51,2.51,2.51,,,14.51,2026-09-27T14:04:34+00:00
Kayseri,Yahyalı,YAHYALI,18461,2026-09-27T13:54:00.000Z,Çok Bulutlu,24.2,24.2,45,151,19.08,,,,,0,0,0,0,0,0,,,16.54,2026-09-27T14:04:34+00:00
Kayseri,Yahyalı,YAHYALI/DEREBAĞ KÖYÜ,18660,2026-09-27T13:54:00.000Z,Çok Bulutlu,17.5,17.5,65,,,,,,,0,0,0,0,0,0,,,13.36,2026-09-27T14:04:34+00:00
Kayseri,Yahyalı,YAHYALI/AVLAĞA KÖYÜ,18661,2026-09-27T13:54:00.000Z,Parçalı Bulutlu,19.7,19.7,75,,,,,,,0,0,0,0,0,0,,,16.62,2026-09-27T14:04:34+00:00
Kayseri,Akkışla,AKKIŞLA/ORTAKÖY KÖYÜ,18662,2026-09-27T13:54:00.000Z,Çok Bulutlu,18.1,18.1,87,,,,,,,0,0,0,0,0,0,,,16.54,2026-09-27T14:04:34+00:00
Kayseri,Develi,DEVELİ/KÜÇÜKKÜNYE KÖYÜ,18663,2026-09-27T13:54:00.000Z,Parçalı Bulutlu,18.9,18.9,67,,,,,,,0,0,0,0,0,0,,,14.89,2026-09-27T14:04:34+00:00
Kayseri,Pınarbaşı,PINARBAŞI/YUKARIKIZILÇEVRİK KÖYÜ,18664,2026-09-27T13:54:00.000Z,Çok Bulutlu,19.8,19.8,58,,,,,,,0,0,0,0,0,0,,,14.57,2026-09-27T14:04:34+00:00
Kayseri,Tomarza,TOMARZA/GÜZELSU KÖYÜ,18665,2026-09-27T13:54:00.000Z,Az Bulutlu,19,19,58,,,,,,,0,0,0,0,0,0,,,13.86,2026-09-27T14:04:34+00:00
Kayseri,Sarıoğlan,SARIOĞLAN/TUZLA GÖLÜ,18873,2026-09-27T13:54:00.000Z,Parçalı Bulutlu,24.3,24.3,45,,,,,,,0,0,0,0,0,0,,,16.62,2026-09-27T14:04:34+00:00
Kayseri,Talas,TALAS/KAMBER KÖYÜ,18874,2026-09-27T13:54:00.000Z,Az Bulutlu,21.1,21.1,49,,,,,,,0,1.79,0,1.79,1.79,1.79,,,14.51,2026-09-27T14:04:34+00:00
Kayseri,Sarız,SARIZ/YEDİOLUK KÖYÜ,18875,2026-09-27T13:54:00.000Z,Parçalı Bulutlu,20.4,20.4,57,,,,,,,0,0,0,0,0,0,,,14.98,2026-09-27T14:04:34+00:00
Kayseri,Kocasinan,KOCASİNAN/HİMMETDEDE KÖYÜ,18923,2026-09-27T13:54:00.000Z,Çok Bulutlu,22.5,22.5,52,27,12.96,872.4,1005.8,,,0,0,0,0,0,0,,,16.14,2026-09-27T14:04:34+00:00
Kayseri,Yahyalı,YAHYALI/SÜLEYMANFAKILI KÖYÜ,18941,2026-09-27T11:50:00.000Z,Çok Bulutlu,22.3,22.3,57,188,27.720000000000002,,,,,,0,,0,0,0,,,16.66,2026-09-27T14:04:34+00:00
Kayseri,Hacılar,HACILAR,19185,2026-09-27T13:54:00.000Z,Çok Bulutlu,21.8,21.8,53,277,11.520000000000001,,,,,0,0,0,0,0,0,,,15.67,2026-09-27T14:04:34+00:00
Kayseri,Tomarza,TOMARZA/ARSLANTAŞ KÖYÜ,19186,2026-09-27T13:52:00.000Z,Parçalı Bulutlu,18.3,18.3,63,,,,,,,0,0,0,0,0,0,,,13.85,2026-09-27T14:04:34+00:00
Kayseri,Pınarbaşı,PINARBAŞI/PAZARSU KÖYÜ,19187,2026-09-27T13:54:00.000Z,Parçalı Bulutlu,19.8,19.8,73,,,,,,,0,0,0,0,0,0,,,16.47,2026-09-27T14:04:34+00:00
Kayseri,Talas,TALAS/ERCİYES ÜNİVERSİTESİ,19188,2026-09-27T13:50:00.000Z,Çok Bulutlu,23.5,23.5,51,246,10.44,,,,,0,0.1,0.02,0.1,0.1,0.1,,,16.86,2026-09-27T14:04:34+00:00
Kayseri,Develi,DEVELİ/ÖKSÜT,19912,2026-09-27T13:54:00.000Z,Az Bulutlu,18.3,18.3,62,191,31.680000000000003,,,,,0,0,0,0,0,0,,,13.73,2026-09-27T14:04:34+00:00
Kırklareli,Merkez,KIRKLARELİ,17052,2026-09-27T13:54:00.000Z,Çok Bulutlu,20,20,50,27,12.6,991.5,1018.7,45280,,0,0,0,0,0,0,,,13.7,2026-09-27T14:04:34+00:00
Kırklareli,Lüleburgaz,LÜLEBURGAZ TİGEM,17631,2026-09-27T13:54:00.000Z,Çok Bulutlu,20.8,20.8,59,49,20.16,1012.7,1018.1,36320,,0,0,0,0,0,0,,,15.6,2026-09-27T14:04:34+00:00
Kırklareli,Demirköy,DEMİRKÖY,18102,2026-09-27T13:54:00.000Z,HHY,14.7,14.7,81,20,15.840000000000002,979.5,1020.3,,,1.2,29.8,3.4,6.3,29.8,30.7,,,12.55,2026-09-27T14:04:34+00:00
Kırklareli,Vize,VİZE/KIYIKÖY,18103,2026-09-27T13:53:00.000Z,HHY,18.8,18.8,95,317,12.96,1018.4,1019.3,,,0,2.5,0.4,2,2.2,2.6,,,18.19,2026-09-27T14:04:34+00:00
Kırklareli,Pınarhisar,PINARHİSAR,18398,2026-09-27T13:54:00.000Z,Çok Bulutlu,17.3,17.3,79,3,34.92,,,,,0,3.18,0,0.66,3.18,3.18,,,14.82,2026-09-27T14:04:34+00:00
Kırklareli,Babaeski,BABAESKİ,18405,2026-09-27T13:54:00.000Z,Çok Bulutlu,21.1,21.1,47,18,24.48,,,,,0,0,0,0,0,0,,,14.23,2026-09-27T14:04:34+00:00
Kırklareli,Kofçaz,KOFÇAZ,18406,2026-09-27T13:54:00.000Z,Sis,18.5,18.5,50,28,20.88,,,900,,0,0,0,0,0,0,,,12.41,2026-09-27T14:04:34+00:00
Kırklareli,Pehlivanköy,PEHLİVANKÖY,18407,2026-09-27T13:54:00.000Z,Çok Bulutlu,21.4,21.4,49,22,23.040000000000003,,,,,0,0.68,0,0,0.68,0.68,,,14.76,2026-09-27T14:04:34+00:00
Kırklareli,Vize,VİZE/YUMURTATEPE,18408,2026-09-27T13:54:00.000Z,HHY,15.2,15.2,96,7,14.76,978.6,1017.9,,,1.51,32.03,4.75,20.84,32.03,54.58,,,14.72,2026-09-27T14:04:34+00:00
Kırklareli,Vize,VİZE/KAZANDERE BARAJI,18737,2026-09-27T13:54:00.000Z,Çok Bulutlu,19.5,19.5,69,,,,,,,0,0.98,0.2,0.93,0.98,0.98,,,15.69,2026-09-27T14:04:34+00:00
Kırklareli,Babaeski,BABAESKİ/YENİMAHALLE KÖYÜ,18794,2026-09-27T13:54:00.000Z,Çok Bulutlu,22,22,50,,,,,,,0,0.11,0.11,0.11,0.11,0.11,,,15.42,2026-09-27T14:04:34+00:00
Kırklareli,Demirköy,DEMİRKÖY/BEĞENDİK KÖYÜ,18795,2026-09-27T13:54:00.000Z,Çok Bulutlu,19.7,19.7,90,346,27.720000000000002,,,,,0,12.32,0,2.03,12.32,12.32,,,18.47,2026-09-27T14:04:34+00:00
Kırklareli,Lüleburgaz,LÜLEBURGAZ/AHMETBEY BELDESİ,18796,2026-09-27T13:54:00.000Z,HHY,17.5,17.5,90,,,,,,,0,0.6,0.6,0.6,0.6,0.6,,,16.31,2026-09-27T14:04:34+00:00
Kırklareli,Pınarhisar,PINARHİSAR/MAHYA DAĞI,18797,2026-09-27T13:54:00.000Z,HHY,11.4,11.4,,,,,,,,0.24,23.35,0.76,3.87,23.35,23.68,,,,2026-09-27T14:04:34+00:00
Kırklareli,Lüleburgaz,LÜLEBURGAZ/CELALİYE KÖYÜ,19113,2026-09-27T13:54:00.000Z,Çok Bulutlu,21.1,21.1,59,,,,,,,0,2.66,0,0.75,2.66,2.67,,,15.87,2026-09-27T14:04:34+00:00
Kırklareli,Merkez,KIRKLARELİ/ÜSKÜP KÖYÜ,19114,2026-09-27T13:54:00.000Z,Çok Bulutlu,18,18,62,,,,,,,0,1.03,0,0.02,1.02,1.03,,,13.46,2026-09-27T14:04:34+00:00
Kırklareli,Merkez,KIRKLARELİ ÜNİVERSİTESİ,19900,2026-09-27T13:54:00.000Z,Çok Bulutlu,21,21,43,16,31.680000000000003,986.8,1018.3,68290,,0,0,0,0,0,0,,,13.57,2026-09-27T14:04:34+00:00
Kırşehir,Merkez,KIRŞEHİR,17160,2026-09-27T13:54:00.000Z,Parçalı Bulutlu,24.2,24.2,46,42,8.64,897.5,1007.4,20000,4,0,0,0,0,0,0,,,16.69,2026-09-27T14:04:34+00:00
Kırşehir,Çiçekdağı,ÇİÇEKDAĞI,17732,2026-09-27T13:53:00.000Z,Çok Bulutlu,20.9,20.9,69,11,10.08,909.6,1009.4,44940,,0,0,0,0,0,0,,,16.99,2026-09-27T14:04:34+00:00
Kırşehir,Boztepe,BOZTEPE/MALYA TİGEM,17745,2026-09-27T13:54:00.000Z,Az Bulutlu,21.1,21.1,52,37,10.44,883.8,1007,,,0,0,0,0,0,0,,,14.92,2026-09-27T14:04:34+00:00
Kırşehir,Kaman,KAMAN,17756,2026-09-27T13:54:00.000Z,Parçalı Bulutlu,21,21,53,11,7.2,885.6,1010,40040,,0,0,0,0,0,0,,,14.97,2026-09-27T14:04:34+00:00
Kırşehir,Mucur,MUCUR,17758,2026-09-27T13:54:00.000Z,Açık,22.2,22.2,55,54,11.879999999999999,,,63780,,0,0,0,0,0,0,,,16.3,2026-09-27T14:04:34+00:00
Kırşehir,Akpınar,AKPINAR,18119,2026-09-27T13:54:00.000Z,Parçalı Bulutlu,20.8,20.8,59,326,6.84,883.1,1010,,,0,0,0,0,0,0,,,15.6,2026-09-27T14:04:34+00:00
Kırşehir,Çiçekdağı,ÇİÇEKDAĞI TİGEM,18120,2026-09-27T13:53:00.000Z,Çok Bulutlu,22.4,22.4,53,34,13.32,922.9,1013,,,0,0,0,0,0,0,,,16.19,2026-09-27T14:04:34+00:00
Kırşehir,Akçakent,AKÇAKENT,18462,2026-09-27T13:54:00.000Z,Parçalı Bulutlu,17.2,17.2,83,39,21.96,,,,,0,0,0,0,0,0,,,15.19,2026-09-27T14:04:34+00:00
Kırşehir,Merkez,KIRŞEHİR/GÖLLÜ KÖYÜ,18666,2026-09-27T13:54:00.000Z,Çok Bulutlu,18.3,18.3,76,,,,,,,0,0,0,0,0,0,,,15.42,2026-09-27T14:04:34+00:00
Kırşehir,Kaman,KAMAN/TEPEKÖY KÖYÜ,18876,2026-09-27T13:54:00.000Z,Çok Bulutlu,22.8,22.8,50,,,,,,,0,0,0,0,0,0,,,16.11,2026-09-27T14:04:34+00:00
Kırşehir,Merkez,KIRŞEHİR/ÇAYAĞZI BELDESİ,18877,2026-09-27T13:54:00.000Z,Parçalı Bulutlu,21,21,62,,,,,,,0,0,0,0,0,0,,,16.17,2026-09-27T14:04:34+00:00
Kırşehir,Kaman,KAMAN/YELEK BELDESİ,18926,2026-09-27T13:53:00.000Z,Parçalı Bulutlu,20.7,20.7,60,20,18,874.4,1007.5,,,0,0,0,0,0,0,,,15.64,2026-09-27T14:04:34+00:00
Kırşehir,Merkez,KIRŞEHİR/TOKLÜMEN KÖYÜ,19189,2026-09-27T13:54:00.000Z,Çok Bulutlu,25.8,26.2,45,,,,,,,0,0,0,0,0,0,,,17.88,2026-09-27T14:04:34+00:00
Kocaeli,İzmit,KOCAELİ,17066,2026-09-27T13:49:00.000Z,Çok Bulutlu,20.4,20.4,94,65,2.16,1007,1015.7,20000,7,0,1.4,0,1.4,1.4,1.4,,,19.66,2026-09-27T14:04:34+00:00
Kocaeli,Gölcük,GÖLCÜK,17067,2026-09-27T13:54:00.000Z,Çok Bulutlu,20.4,20.4,80,60,4.680000000000001,1013.4,1015.5,,,0,0.2,0,0.2,0.2,0.2,,,17.91,2026-09-27T14:04:34+00:00
Kocaeli,Kartepe,KOCAELİ CENGİZ TOPEL HAVALİMANI,17068,2026-09-27T13:40:00.000Z,Çok Bulutlu,20.8,20.8,69,38,12.96,1009.9,1016.9,10000,7,0,0.2,0,0,0.2,0.2,,,16.9,2026-09-27T14:04:34+00:00
Kocaeli,Gebze,GEBZE,17639,2026-09-27T13:54:00.000Z,Çok Bulutlu,21.2,21.2,64,55,12.6,994.5,1015,53900,,0,0,0,0,0,0,,,16.62,2026-09-27T14:04:34+00:00
Kocaeli,Kandıra,KANDIRA,18104,2026-09-27T13:54:00.000Z,Çok Bulutlu,21,21,100,15,8.64,1012.6,1017.3,,,0,0,0,0,0,0,,,,2026-09-27T14:04:34+00:00
Kocaeli,Başiskele,BAŞİSKELE,18409,2026-09-27T13:54:00.000Z,Çok Bulutlu,20.6,20.6,69,56,16.2,,,,,0,0,0,0,0,0,,,16.71,2026-09-27T14:04:34+00:00
Kocaeli,Darıca,DARICA,18410,2026-09-27T13:54:00.000Z,Çok Bulutlu,21.7,21.7,59,34,12.24,,,,,0,0,0,0,0,0,,,16.4,2026-09-27T14:04:34+00:00
Kocaeli,Dilovası,DİLOVASI,18411,2026-09-27T13:54:00.000Z,Çok Bulutlu,21.5,21.5,56,71,9,,,20000,,0,0,0,0,0,0,,,15.82,2026-09-27T14:04:34+00:00
Kocaeli,Karamürsel,KARAMÜRSEL,18412,2026-09-27T13:54:00.000Z,Çok Bulutlu,21,21,66,43,18.36,,,,,0,0,0,0,0,0,,,16.69,2026-09-27T14:04:34+00:00
Kocaeli,Kartepe,KARTEPE,18413,2026-09-27T13:54:00.000Z,Çok Bulutlu,20.2,20.2,64,27,8.28,,,,,0,0.07,0,0,0.07,0.07,,,15.7,2026-09-27T14:04:34+00:00
Kocaeli,Körfez,KÖRFEZ,18414,2026-09-27T13:54:00.000Z,Çok Bulutlu,20.6,20.6,62,62,10.44,,,,,0,0.05,0,0,0.05,0.05,,,15.81,2026-09-27T14:04:34+00:00
Kocaeli,Kandıra,KANDIRA/AKÇAOVA BELDESİ,18798,2026-09-27T13:54:00.000Z,Çok Bulutlu,20.6,20.6,83,,,,,,,0,0,0,0,0,0,,,18.48,2026-09-27T14:04:34+00:00
Kocaeli,İzmit,İZMİT/AKMEŞE BELDESİ,18799,2026-09-27T13:54:00.000Z,Çok Bulutlu,18.7,18.7,99,17,12.96,,,,,0,1.39,0,0,0.35,1.61,,,18.58,2026-09-27T14:04:34+00:00
Kocaeli,İzmit,İZMİT ORMAN SAHASI,18800,2026-09-27T13:54:00.000Z,Çok Bulutlu,17.1,17.1,100,27,12.6,,,,,0,0,0,0,0,0.05,,,,2026-09-27T14:04:34+00:00
Kocaeli,Başiskele,BAŞİSKELE/YUVACIK ORMAN SAHASI,18801,2026-09-27T13:54:00.000Z,Çok Bulutlu,12,12,74,317,2.52,,,,,0,0,0,0,0,0,,,9.23,2026-09-27T14:04:34+00:00
Kocaeli,Derince,DERİNCE/KARAGÖLLÜ KÖYÜ,18802,2026-09-27T13:54:00.000Z,Çok Bulutlu,19.9,19.9,99,,,,,,,0,3.07,0,0,3.02,3.12,,,19.79,2026-09-27T14:04:34+00:00
Kocaeli,Çayırova,ÇAYIROVA,19115,2026-09-27T13:54:00.000Z,Çok Bulutlu,21.8,21.8,78,11,15.48,,,,,0,0,0,0,0,0.9,,,19.0,2026-09-27T14:04:34+00:00
Kocaeli,Derince,DERİNCE,19116,2026-09-27T13:54:00.000Z,Çok Bulutlu,20.7,20.7,70,53,2.8800000000000003,,,,,0,0,0,0,0,0,,,16.93,2026-09-27T14:04:34+00:00
Kocaeli,Gölcük,GÖLCÜK/AYVAZPINARI KÖYÜ,19117,2026-09-27T13:54:00.000Z,Çok Bulutlu,13.2,13.2,95,,,,,,,0,1,0,0,0.93,1,,,12.61,2026-09-27T14:04:34+00:00
Konya,Cihanbeyli,CİHANBEYLİ,17191,2026-09-27T13:54:00.000Z,Çok Bulutlu,24.7,24.7,49,73,3.6,902.3,1009,58370,,0,0,0,0,0,0,,,17.59,2026-09-27T14:04:34+00:00
Konya,Akşehir,AKŞEHİR,17239,2026-09-27T13:54:00.000Z,Hafif Yağmurlu,18.3,18.3,68,253,1.8,898.8,1009.3,11560,,0,0,0,0,0,0,,,14.46,2026-09-27T14:04:34+00:00
Konya,Beyşehir,BEYŞEHİR,17242,2026-09-27T13:54:00.000Z,Hafif Yağmurlu,15.9,15.9,87,0,0,884.1,1008.7,13310,,0,1,1,1,1,1,,,14.39,2026-09-27T14:04:34+00:00
Konya,Selçuklu,KONYA HAVALİMANI,17244,2026-09-27T13:40:00.000Z,Çok Bulutlu,23.2,23.2,40,321,3.6,895.4,1012.8,10000,6,0,0,0,0,0,0,,,14.92,2026-09-27T14:04:34+00:00
Konya,Meram,KONYA BÖLGE,17245,2026-09-27T13:54:00.000Z,Çok Bulutlu,23.8,23.8,43,149,3.24,895.3,1007.4,50470,,0,0,0,0,0,0,,,15.89,2026-09-27T14:04:34+00:00
Konya,Ereğli,EREĞLİ,17248,2026-09-27T13:54:00.000Z,Çok Bulutlu,25.2,25.2,36,304,2.8800000000000003,893.3,1007.2,13590,,0,0,0,0,0,0,,,15.85,2026-09-27T14:04:34+00:00
Konya,Kadınhanı,KADINHANI/ALTINOVA TİGEM,17744,2026-09-27T13:54:00.000Z,Çok Bulutlu,21.7,21.7,50,321,18.36,896.7,1006.9,23040,,0,0,0,0,0,0,,,15.16,2026-09-27T14:04:34+00:00
Konya,Kulu,KULU,17754,2026-09-27T13:52:00.000Z,Çok Bulutlu,22.6,22.6,43,330,11.16,898,1008.6,75000,,0,0,0,0,0,0,,,14.9,2026-09-27T14:04:34+00:00
Konya,Yunak,YUNAK,17798,2026-09-27T13:54:00.000Z,Pus,18.3,18.3,50,312,15.120000000000001,883.7,1009.1,10020,,0,0,0,0,0,0,,,12.24,2026-09-27T14:04:34+00:00
Konya,Ilgın,ILGIN,17832,2026-09-27T13:54:00.000Z,HHY,16.3,16.3,79,272,9.72,895.3,1009.7,,,0.4,0.4,0.4,0.4,0.4,0.4,,,13.86,2026-09-27T14:04:34+00:00
Konya,Sarayönü,SARAYÖNÜ/GÖZLÜ TİGEM,17897,2026-09-27T13:54:00.000Z,Çok Bulutlu,23.9,23.9,45,97,2.8800000000000003,894.6,1007.4,72660,,0,0,0,0,0,0,,,16.29,2026-09-27T14:04:34+00:00
Konya,Çumra,ÇUMRA,17900,2026-09-27T13:54:00.000Z,Çok Bulutlu,24.6,24.6,33,147,8.64,896.6,1007.3,75000,,0,0,0,0,0,0,,,14.84,2026-09-27T14:04:34+00:00
Konya,Karapınar,KARAPINAR,17902,2026-09-27T13:54:00.000Z,Parçalı Bulutlu,25.1,25.1,37,265,5.04,898.6,1007.7,27860,,0,0,0,0,0,0,,,15.95,2026-09-27T14:04:34+00:00
Konya,Hadim,HADİM,17928,2026-09-27T13:54:00.000Z,Çok Bulutlu,17.8,17.8,53,173,17.28,841.6,1006.9,63550,,0,0,0,0,0,0,,,12.18,2026-09-27T14:04:34+00:00
Konya,Seydişehir,SEYDİŞEHİR,17972,2026-09-27T13:54:00.000Z,Çok Bulutlu,17.3,17.3,76,127,5.4,888.5,1009.9,75000,,0,0.2,0,0.2,0.2,0.2,,,14.47,2026-09-27T14:04:34+00:00
Konya,Seydişehir,SEYDİŞEHİR/ALACABEL,18212,2026-09-27T13:54:00.000Z,HHY,14.1,14.1,84,141,8.64,842.3,1010.2,,,0,3,1.5,3,3,3,,,12.3,2026-09-27T14:04:34+00:00
Konya,Karatay,KARATAY/BAHRİ DAĞDAŞ ARŞ. (TAGEM),18213,2026-09-27T13:54:00.000Z,Çok Bulutlu,24.6,24.6,43,105,14.4,897.2,1007.2,,,0,0,0,0,0,0,,,16.55,2026-09-27T14:04:34+00:00
Konya,Ahırlı,AHIRLI,18486,2026-09-27T13:54:00.000Z,HHY,18.7,18.7,69,287,7.5600000000000005,,,,,0.21,0.78,0.21,0.72,0.72,0.78,,,14.95,2026-09-27T14:04:34+00:00
Konya,Akören,AKÖREN,18487,2026-09-27T13:54:00.000Z,Çok Bulutlu,23.1,23.1,44,166,11.520000000000001,,,,,0,0,0,0,0,0,,,15.46,2026-09-27T14:04:34+00:00
Konya,Altınekin,ALTINEKİN,18488,2026-09-27T13:54:00.000Z,Çok Bulutlu,22,22,50,353,13.68,,,,,0,0,0,0,0,0,,,15.42,2026-09-27T14:04:34+00:00
Konya,Bozkır,BOZKIR,18489,2026-09-27T13:54:00.000Z,Çok Bulutlu,20.3,20.3,58,304,10.8,,,,,0,0,0,0,0,0,,,15.02,2026-09-27T14:04:34+00:00
Konya,Çeltik,ÇELTİK,18490,2026-09-27T13:54:00.000Z,Çok Bulutlu,20.2,20.2,51,283,11.520000000000001,,,,,0,0.06,0,0,0.06,0.06,,,14.01,2026-09-27T14:04:34+00:00
Konya,Derbent,DERBENT,18491,2026-09-27T13:54:00.000Z,Çok Bulutlu,14.3,14.3,80,180,12.6,,,,,0,0,0,0,0,0,,,12.06,2026-09-27T14:04:34+00:00
Konya,Derebucak,DEREBUCAK,18492,2026-09-27T13:54:00.000Z,Çok Bulutlu,16.3,16.3,77,254,14.76,,,,,0,0,0,0,0,0,,,13.63,2026-09-27T14:04:34+00:00
Konya,Doğanhisar,DOĞANHİSAR,18493,2026-09-27T13:54:00.000Z,HHY,15.1,15.1,88,272,6.48,,,,,0,0.48,0.48,0.48,0.48,0.48,,,13.72,2026-09-27T14:04:34+00:00
Konya,Emirgazi,EMİRGAZİ,18494,2026-09-27T13:54:00.000Z,Çok Bulutlu,25.2,25.5,40,325,9.360000000000001,,,,,0,0,0,0,0,0,,,16.55,2026-09-27T14:04:34+00:00
Konya,Güneysınır,GÜNEYSINIR,18495,2026-09-27T13:54:00.000Z,Çok Bulutlu,22.9,22.9,40,181,16.92,,,,,0,0.2,0,0,0.11,0.2,,,14.68,2026-09-27T14:04:34+00:00
Konya,Halkapınar,HALKAPINAR/İVRİZ,18496,2026-09-27T13:54:00.000Z,Çok Bulutlu,23,23,48,100,3.6,,,,,0,0,0,0,0,0,,,15.98,2026-09-27T14:04:34+00:00
Konya,Hüyük,HÜYÜK,18497,2026-09-27T13:54:00.000Z,HHY,14.4,14.4,100,286,3.6,,,,,0.2,1.5,1.5,1.5,1.5,1.5,,,,2026-09-27T14:04:34+00:00
Konya,Taşkent,TAŞKENT,18498,2026-09-27T13:54:00.000Z,Çok Bulutlu,16.5,16.5,57,174,12.6,,,,,0,0,0,0,0,0,,,11.52,2026-09-27T14:04:34+00:00
Konya,Tuzlukçu,TUZLUKÇU,18499,2026-09-27T13:54:00.000Z,Çok Bulutlu,18.9,18.9,57,47,17.28,,,,,0,0,0,0,0,0,,,13.65,2026-09-27T14:04:34+00:00
Konya,Yalıhüyük,YALIHÜYÜK,18500,2026-09-27T13:54:00.000Z,Çok Bulutlu,17.8,17.8,74,308,8.64,,,,,0,0.3,0,0.3,0.3,0.3,,,14.71,2026-09-27T14:04:34+00:00
Konya,Bozkır,BOZKIR/SORKUN YAYLASI,18591,2026-09-27T13:54:00.000Z,Çok Bulutlu,16.3,16.3,62,,,,,,,0,0,0,0,0,0,,,11.92,2026-09-27T14:04:34+00:00
Konya,Taşkent,TAŞKENT/BALCILAR BELDESİ,18592,2026-09-27T13:54:00.000Z,Çok Bulutlu,18.2,18.2,59,,,,,,,0,0.39,0,0,0.28,0.39,,,13.27,2026-09-27T14:04:34+00:00
Konya,Hadim,HADİM/DEDEMLİ DOLHANLAR,18681,2026-09-27T13:54:00.000Z,Çok Bulutlu,18.4,18.4,61,,,,,,,0,0.16,0,0,0.11,0.16,,,13.69,2026-09-27T14:04:34+00:00
Konya,Kadınhanı,KADINHANI/ATLANTI BELDESİ,18682,2026-09-27T13:54:00.000Z,Çok Bulutlu,22.3,22.3,46,,,,,,,0,0,0,0,0,0,,,15.09,2026-09-27T14:04:34+00:00
Konya,Karatay,KARATAY/ESENTEPE KÖYÜ,18683,2026-09-27T13:54:00.000Z,Parçalı Bulutlu,24.7,24.7,41,,,,,,,0,0,0,0,0,0,,,16.31,2026-09-27T14:04:34+00:00
Konya,Cihanbeyli,CİHANBEYLİ/TURANLAR KÖYÜ,18684,2026-09-27T13:54:00.000Z,Çok Bulutlu,20.5,20.5,50,,,,,,,0,0,0,0,0,0,,,14.13,2026-09-27T14:04:34+00:00
Konya,Meram,MERAM/KAYHÜYÜK KÖYÜ,18685,2026-09-27T13:54:00.000Z,Çok Bulutlu,19.6,19.6,60,,,,,,,0,0,0,0,0,0,,,14.65,2026-09-27T14:04:34+00:00
Konya,Meram,MERAM/GÜNEYDERE KÖYÜ,18686,2026-09-27T13:54:00.000Z,HHY,14.5,14.5,80,,,,,,,0.3,1.11,1.11,1.11,1.11,1.11,,,12.25,2026-09-27T14:04:34+00:00
Konya,Selçuklu,SELÇUKLU/SİLLE BARAJI,18753,2026-09-27T13:54:00.000Z,Çok Bulutlu,20.7,20.7,44,,,,,,,0,0,0,0,0,0,,,13.47,2026-09-27T14:04:34+00:00
Konya,Bozkır,BOZKIR/SARIOĞLAN BELDESİ,18758,2026-09-27T13:54:00.000Z,Çok Bulutlu,20,20,52,,,,,,,0,0.2,0,0,0.15,0.2,,,13.97,2026-09-27T14:04:34+00:00
Konya,Meram,MERAM/İNLİCE BELDESİ,18759,2026-09-27T13:54:00.000Z,HHY,13.2,13.2,80,,,,,,,0,0.3,0.3,0.3,0.3,0.3,,,11.0,2026-09-27T14:04:34+00:00
Konya,Meram,MERAM/KONYA KENT ORMANI,18760,2026-09-27T13:54:00.000Z,Çok Bulutlu,17.8,17.8,71,,,,,,,0,0,0,0,0,0,,,14.35,2026-09-27T14:04:34+00:00
Konya,Cihanbeyli,CİHANBEYLİ/YENİCEOBA BELDESİ,18887,2026-09-27T13:54:00.000Z,Çok Bulutlu,23.3,23.3,44,,,,,,,0,0,0,0,0,0,,,15.63,2026-09-27T14:04:34+00:00
Konya,Güneysınır,GÜNEYSINIR/SARIHACI KÖYÜ,18894,2026-09-27T13:54:00.000Z,Çok Bulutlu,24.4,24.4,41,,,,,,,0,0,0,0,0,0,,,16.06,2026-09-27T14:04:34+00:00
Konya,Karapınar,KARAPINAR/SAZLIPINAR KÖYÜ,18895,2026-09-27T13:54:00.000Z,Çok Bulutlu,24,24,49,,,,,,,0,0,0,0,0,0,,,16.99,2026-09-27T14:04:34+00:00
Konya,Selçuklu,SELÇUKLU/BAĞRIKURT,18896,2026-09-27T13:54:00.000Z,Parçalı Bulutlu,21.4,21.4,47,,,,,,,0,0,0,0,0,0,,,14.48,2026-09-27T14:04:34+00:00
Konya,Beyşehir,BEYŞEHİR/YEŞİLDAĞ ORMAN SAHASI,18897,2026-09-27T13:54:00.000Z,Çok Bulutlu,16.9,16.9,65,185,10.08,,,,,0,0.36,0,0.36,0.36,0.36,,,12.81,2026-09-27T14:04:34+00:00
Konya,Derbent,DERBENT/ALADAĞ,18898,2026-09-27T13:54:00.000Z,HHY,10.9,10.9,76,,,,,,,0.53,0.53,0.53,0.53,0.53,0.53,,,8.39,2026-09-27T14:04:34+00:00
Konya,Meram,MERAM/LORAS DAĞI,19200,2026-09-27T13:54:00.000Z,Çok Bulutlu,22,22,49,,,,,,,0,0,0,0,0,0,,,15.28,2026-09-27T14:04:34+00:00
Konya,Kadınhanı,KADINHANI,19321,2026-09-27T13:56:00.000Z,Çok Bulutlu,20.5,20.5,54,106,11.879999999999999,,,73730,,0,0,0,0,0,0,,,14.67,2026-09-27T14:04:34+00:00
Konya,Sarayönü,SARAYÖNÜ,19322,2026-09-27T13:54:00.000Z,Çok Bulutlu,22.2,22.2,49,91,11.879999999999999,,,,,0,0,0,0,0,0,,,15.45,2026-09-27T14:04:34+00:00
Konya,Çumra,ÇUMRA/APA BARAJI,19918,2026-09-27T13:54:00.000Z,Çok Bulutlu,23.6,23.6,34,137,3.24,891.2,1007.3,,,0,0,0,0,0,0,,,14.24,2026-09-27T14:04:34+00:00
Kütahya,Altıntaş,KÜTAHYA ZAFER HAVALİMANI,17154,2026-09-27T13:21:00.000Z,Çok Bulutlu,14.9,14.9,70,348,45.36,898.9,1015.1,10000,7,,0,0,0,0,0,,,11.53,2026-09-27T14:04:34+00:00
Kütahya,Merkez,KÜTAHYA,17155,2026-09-27T13:54:00.000Z,Hafif Yağmurlu,14.3,14.3,97,346,5.760000000000001,905.1,1013.5,16000,,0,0.9,0.2,0.9,0.9,0.9,,,13.93,2026-09-27T14:04:34+00:00
Kütahya,Tavşanlı,TAVŞANLI,17704,2026-09-27T13:54:00.000Z,Çok Bulutlu,17.8,17.8,52,6,14.76,919.2,1012.7,,,0,0,0,0,0,0,,,12.06,2026-09-27T14:04:34+00:00
Kütahya,Emet,EMET,17707,2026-09-27T13:54:00.000Z,Çok Bulutlu,16.9,16.9,60,4,17.64,903.6,1012.5,,,0,0,0,0,0,0,,,12.22,2026-09-27T14:04:34+00:00
Kütahya,Dumlupınar,DUMLUPINAR,17747,2026-09-27T13:54:00.000Z,Çok Bulutlu,14.4,14.4,74,2,3.24,,,,,0,0,0,0,0,0,,,11.5,2026-09-27T14:04:34+00:00
Kütahya,Simav,SİMAV,17748,2026-09-27T13:54:00.000Z,Çok Bulutlu,15.7,15.7,84,291,12.96,922.6,1013,15920,,0,0,0,0,0,0,,,13.85,2026-09-27T14:04:34+00:00
Kütahya,Gediz,GEDİZ,17750,2026-09-27T13:54:00.000Z,Çok Bulutlu,19,19,60,72,2.8800000000000003,929.4,1011.9,,,0,0,0,0,0,0,,,14.11,2026-09-27T14:04:34+00:00
Kütahya,Merkez,KÜTAHYA HAVALİMANI,17755,2026-09-27T13:40:00.000Z,Çok Bulutlu,14.9,14.9,84,267,7.5600000000000005,909.8,1016,22800,,0,0.8,0.2,0.8,0.8,0.8,,,13.08,2026-09-27T14:04:34+00:00
Kütahya,Altıntaş,ALTINTAŞ,18093,2026-09-27T13:54:00.000Z,Çok Bulutlu,14.9,14.9,72,322,13.32,898.6,1012.4,,,0,0,0,0,0,0,,,11.75,2026-09-27T14:04:34+00:00
Kütahya,Domaniç,DOMANİÇ,18094,2026-09-27T13:54:00.000Z,Çok Bulutlu,16,16,65,17,15.48,914,1013.3,,,0,0,0,0,0,0,,,11.99,2026-09-27T14:04:34+00:00
Kütahya,Çavdarhisar,ÇAVDARHİSAR,18095,2026-09-27T13:54:00.000Z,Çok Bulutlu,16,16,68,4,1.8,895.5,1012.8,,,0,0,0,0,0,0,,,12.33,2026-09-27T14:04:34+00:00
Kütahya,Aslanapa,ASLANAPA,18391,2026-09-27T13:54:00.000Z,HHY,13.4,13.4,78,353,20.52,,,,,0.3,0.3,0.3,0.3,0.3,0.3,,,10.98,2026-09-27T14:04:34+00:00
Kütahya,Pazarlar,PAZARLAR,18392,2026-09-27T13:54:00.000Z,Çok Bulutlu,15.5,15.5,76,358,14.4,,,,,0,0.61,0,0.56,0.61,0.61,,,12.76,2026-09-27T14:04:34+00:00
Kütahya,Domaniç,DOMANİÇ/KOCAYAYLA,18601,2026-09-27T13:54:00.000Z,Çok Bulutlu,9.9,9.9,100,,,,,,,0,0,0,0,0,0,,,,2026-09-27T14:04:34+00:00
Kütahya,Emet,EMET/ESATLAR KÖYÜ,18604,2026-09-27T13:54:00.000Z,Çok Bulutlu,14.9,14.9,81,,,,,,,0,0,0,0,0,0,,,12.74,2026-09-27T14:04:34+00:00
Kütahya,Merkez,KÜTAHYA/KİRAZLIYAYLASI KÖYÜ,18605,2026-09-27T13:54:00.000Z,Çok Bulutlu,9.9,9.9,100,,,,,,,0,0,0,0,0,0,,,,2026-09-27T14:04:34+00:00
Kütahya,Şaphane,ŞAPHANE,18606,2026-09-27T13:54:00.000Z,Çok Bulutlu,16.1,16.1,70,,,,,,,0,0,0,0,0,0,,,12.65,2026-09-27T14:04:34+00:00
Kütahya,Tavşanlı,TAVŞANLI/GÜMÜŞYENİKÖY,18607,2026-09-27T13:54:00.000Z,Çok Bulutlu,12.8,12.8,100,,,,,,,0,0,0,0,0,0,,,,2026-09-27T14:04:34+00:00
Kütahya,Hisarcık,HİSARCIK,18835,2026-09-27T13:54:00.000Z,Çok Bulutlu,18,18,62,353,16.2,,,,,0,0,0,0,0,0,,,13.46,2026-09-27T14:04:34+00:00
Kütahya,Simav,SİMAV/SÖĞÜT ORMAN SAHASI,18836,2026-09-27T13:54:00.000Z,Çok Bulutlu,13.9,13.9,84,12,10.08,,,,,0,0,0,0,0,0,,,12.11,2026-09-27T14:04:34+00:00
Kütahya,Gediz,GEDİZ/YAYLAKÖY,19148,2026-09-27T13:54:00.000Z,Çok Bulutlu,14.1,14.1,76,,,,,,,0,0,0,0,0,0,,,11.43,2026-09-27T14:04:34+00:00
Kütahya,Tavşanlı,TAVŞANLI/BALIKÖY,19149,2026-09-27T13:54:00.000Z,Çok Bulutlu,20.5,20.5,47,,,,,,,0,0,0,0,0,0,,,13.72,2026-09-27T14:04:34+00:00
Malatya,Merkez,MALATYA TULGA HAVALİMANI,17197,2026-09-27T13:40:00.000Z,Çok Bulutlu,29.3,29.3,30,51,8.28,905.7,1011.6,10000,5,0,0,0,0,0,0,,,17.84,2026-09-27T14:04:34+00:00
Malatya,Yeşilyurt,MALATYA,17199,2026-09-27T13:54:00.000Z,Az Bulutlu,29.5,29.5,28,173,2.52,902.8,1004.6,41620,,0,0,0,0,0,0,,,17.54,2026-09-27T14:04:34+00:00
Malatya,Akçadağ,MALATYA ERHAÇ HAVALİMANI,17200,2026-09-27T13:40:00.000Z,Çok Bulutlu,30.5,30.5,27,121,7.5600000000000005,913.8,1010.7,10000,5,0,0,0,0,0,0,,,18.05,2026-09-27T14:04:34+00:00
Malatya,Akçadağ,AKÇADAĞ/SULTANSUYU TİGEM,17706,2026-09-27T13:54:00.000Z,Parçalı Bulutlu,29.2,29.2,32,266,0.36000000000000004,910,1005.7,,,0,0,0,0,0,0,,,18.19,2026-09-27T14:04:34+00:00
Malatya,Arapkir,ARAPGİR,17764,2026-09-27T13:53:00.000Z,Çok Bulutlu,27.3,27.3,30,128,8.28,876.5,1003.5,75000,,0,0,0,0,0,0,,,16.33,2026-09-27T14:04:34+00:00
Malatya,Darende,DARENDE/BALABAN,17842,2026-09-27T13:54:00.000Z,Parçalı Bulutlu,26.8,26.8,30,177,14.4,887.7,1005.9,,,0,0,0,0,0,0,,,15.95,2026-09-27T14:04:34+00:00
Malatya,Kale,MALATYA/KALE,17845,2026-09-27T13:53:00.000Z,Parçalı Bulutlu,29.3,29.3,30,127,4.680000000000001,920.5,1004.9,,,0,0,0,0,0,0,,,17.84,2026-09-27T14:04:34+00:00
Malatya,Doğanşehir,DOĞANŞEHİR,17872,2026-09-27T13:54:00.000Z,Çok Bulutlu,25.9,25.9,32,210,9.360000000000001,876,,75000,,0,0,0,0,0,0,,,15.66,2026-09-27T14:04:34+00:00
Malatya,Hekimhan,HEKİMHAN,18183,2026-09-27T13:54:00.000Z,Parçalı Bulutlu,27.1,27.1,31,132,14.76,876.6,1007.3,,,0,0,0,0,0,0,,,16.38,2026-09-27T14:04:34+00:00
Malatya,Kuluncak,KULUNCAK,18184,2026-09-27T13:54:00.000Z,Çok Bulutlu,24.4,24.4,33,148,6.48,872.5,1006.2,75000,,0,0,0,0,0,0,,,14.69,2026-09-27T14:04:34+00:00
Malatya,Darende,DARENDE,18185,2026-09-27T13:54:00.000Z,Parçalı Bulutlu,26.9,26.9,37,356,4.680000000000001,891.5,1006.1,64910,,0,0.9,0,0.9,0.9,0.9,,,17.38,2026-09-27T14:04:34+00:00
Malatya,Pötürge,PÜTÜRGE,18186,2026-09-27T13:54:00.000Z,Parçalı Bulutlu,27.2,27.2,27,210,9.72,871.9,1004.9,,,0,0,0,0,0,0,,,15.62,2026-09-27T14:04:34+00:00
Malatya,Battalgazi,BATTALGAZİ/MEYVECİLİK ARŞ.(TAGEM),18187,2026-09-27T13:54:00.000Z,Çok Bulutlu,30.3,30.9,43,124,3.24,924.3,1005,,,0,0,0,0,0,0,,,21.27,2026-09-27T14:04:34+00:00
Malatya,Yazıhan,YAZIHAN,18188,2026-09-27T13:53:00.000Z,Az Bulutlu,29.9,29.9,33,186,7.5600000000000005,914.5,1004.4,,,0,0,0,0,0,0,,,18.95,2026-09-27T14:04:34+00:00
Malatya,Arguvan,ARGUVAN,18189,2026-09-27T13:54:00.000Z,Parçalı Bulutlu,28,28,33,112,6.12,878.9,1003.6,,,0,0,0,0,0,0,,,17.48,2026-09-27T14:04:34+00:00
Malatya,Doğanyol,DOĞANYOL,18352,2026-09-27T13:54:00.000Z,Az Bulutlu,31.6,31.6,20,169,8.64,,,,,0,0.36,0,0,0.21,0.63,,,16.99,2026-09-27T14:04:34+00:00
Malatya,Merkez,MALATYA/KAYISI ARŞ. ENS.,18353,2026-09-27T13:54:00.000Z,Parçalı Bulutlu,29.9,29.9,24,146,6.48,,,,,0,0,0,0,0,0,,,16.88,2026-09-27T14:04:34+00:00
Malatya,Akçadağ,AKÇADAĞ/HANÇERLİ KÖYÜ,18767,2026-09-27T13:54:00.000Z,Parçalı Bulutlu,22.5,22.5,44,,,,,,,0,0.27,0,0,0.12,0.32,,,14.96,2026-09-27T14:04:34+00:00
Malatya,Merkez,MALATYA/BEYDAĞI MEVKİ,18770,2026-09-27T13:54:00.000Z,Parçalı Bulutlu,28.8,28.8,26,,,,,,,0,0,0,0,0,0,,,16.57,2026-09-27T14:04:34+00:00
Malatya,Doğanşehir,DOĞANŞEHİR/POLAT BARAJI,18950,2026-09-27T13:54:00.000Z,Çok Bulutlu,23.6,23.6,37,236,9.72,,,,,0,0,0,0,0,0,,,14.75,2026-09-27T14:04:34+00:00
Malatya,Kale,MALATYA/KAPIKAYA BARAJI,18951,2026-09-27T13:54:00.000Z,Parçalı Bulutlu,30.5,30.5,27,179,6.48,,,,,0,0.05,0,0,0,0.05,,,18.05,2026-09-27T14:04:34+00:00
Malatya,Doğanşehir,DOĞANŞEHİR/SÜRGÜ BELDESİ,19085,2026-09-27T13:54:00.000Z,Az Bulutlu,25.3,25.3,34,,,,,,,0,0.26,0,0,0.19,0.45,,,15.57,2026-09-27T14:04:34+00:00
Malatya,Arguvan,ARGUVAN/ÇOBANDERE KÖYÜ,19086,2026-09-27T13:54:00.000Z,Çok Bulutlu,25.4,25.4,35,,,,,,,0,0.1,0,0,0.05,0.1,,,15.83,2026-09-27T14:04:34+00:00
Malatya,Hekimhan,HEKİMHAN/KURŞUNLU BELDESİ,19087,2026-09-27T13:54:00.000Z,Parçalı Bulutlu,22.7,22.7,43,,,,,,,0,0.15,0,0,0,0.2,,,14.98,2026-09-27T14:04:34+00:00
Malatya,Pötürge,PÜTÜRGE ORMAN SAHASI,19088,2026-09-27T13:54:00.000Z,Az Bulutlu,25.3,25.3,33,185,10.8,,,,,0,0.05,0,0,0,0.1,,,15.39,2026-09-27T14:04:34+00:00
Malatya,Doğanşehir,DOĞANŞEHİR/KURUCAOVA MEVKİ,19089,2026-09-27T13:54:00.000Z,Parçalı Bulutlu,24.1,24.1,40,,,,,,,0,0.06,0,0,0,0.06,,,15.65,2026-09-27T14:04:34+00:00
Malatya,Doğanşehir,DOĞANŞEHİR/GÖVDELİ KÖYÜ,19263,2026-09-27T13:54:00.000Z,Parçalı Bulutlu,26,26.9,55,,,,,,,0,0.1,0.1,0.1,0.1,0.1,,,19.64,2026-09-27T14:04:34+00:00
Malatya,Merkez,YEŞİLYURT/ÜÇGÖZE KÖYÜ,19264,2026-09-27T13:55:00.000Z,Parçalı Bulutlu,20.6,20.6,37,,,,,,,0,0.65,0,0.58,0.65,0.65,,,12.36,2026-09-27T14:04:34+00:00
Malatya,Hekimhan,HEKİMHAN/KÖYLÜKÖYÜ,19913,2026-09-27T13:53:00.000Z,Çok Bulutlu,24.6,24.6,36,174,18,,,,,0,0.4,0,0.02,0.29,0.51,,,15.38,2026-09-27T14:04:34+00:00
Manisa,Akhisar,AKHİSAR HAVALİMANI,17181,2026-09-27T13:40:00.000Z,Çok Bulutlu,17.4,17.4,88,355,11.16,1003.8,1013.5,2100,,0,4,0,4,4,4,,,15.97,2026-09-27T14:04:34+00:00
Manisa,Akhisar,AKHİSAR,17184,2026-09-27T13:54:00.000Z,Hafif Sağanak Yağışlı,16.6,16.6,99,346,5.4,1002.9,1013.7,12000,7,0.05,6.44,0.53,6.44,6.44,6.44,,,16.47,2026-09-27T14:04:34+00:00
Manisa,Yunusemre,MANİSA,17186,2026-09-27T13:54:00.000Z,Çok Bulutlu,17.2,17.2,94,94,4.32,1005,1013.3,13000,8,0.08,3.86,0.63,3.73,3.86,3.86,,,16.48,2026-09-27T14:04:34+00:00
Manisa,Demirci,DEMİRCİ,17746,2026-09-27T13:54:00.000Z,Çok Bulutlu,19.1,19.1,70,15,10.8,916,1010.4,,,0,0.1,0,0.1,0.1,0.1,,,15.44,2026-09-27T14:04:34+00:00
Manisa,Şehzadeler,ŞEHZADELER/SPİL DAĞI MİLLİ PARKI,17771,2026-09-27T13:54:00.000Z,HHY,10.1,10.1,96,325,19.44,875.6,1013.6,,,0.4,9.8,1.8,8.4,9.8,9.8,,,9.63,2026-09-27T14:04:34+00:00
Manisa,Salihli,SALİHLİ,17792,2026-09-27T13:54:00.000Z,HHY,17.6,17.6,100,278,5.04,1000,1013,,,0,3.4,1.4,3.4,3.4,3.4,,,,2026-09-27T14:04:34+00:00
Manisa,Köprübaşı,KÖPRÜBAŞI,17795,2026-09-27T13:54:00.000Z,Çok Bulutlu,17.4,17.4,95,179,2.8800000000000003,,,,,0,4.4,0.2,4.4,4.4,4.4,,,16.8,2026-09-27T14:04:34+00:00
Manisa,Alaşehir,ALAŞEHİR,17797,2026-09-27T13:54:00.000Z,Çok Bulutlu,17.5,17.5,90,291,7.2,995.5,1017.7,18480,,0,2.4,0,2.4,2.4,2.4,,,16.31,2026-09-27T14:04:34+00:00
Manisa,Yunusemre,MANİSA KENT ORMANI,18033,2026-09-27T13:53:00.000Z,HHY,16.6,16.6,94,127,5.04,988.7,1013.4,,,0.2,5.6,1.1,5.6,5.6,5.6,,,15.89,2026-09-27T14:04:34+00:00
Manisa,Akhisar,AKHİSAR/KARAKÖY ORMAN DEPOSU,18036,2026-09-27T13:54:00.000Z,Çok Bulutlu,18.2,18.2,100,24,1.8,991.8,1016.2,,,0,0.2,0,0,0.2,0.2,,,,2026-09-27T14:04:34+00:00
Manisa,Soma,SOMA/CENKYERİ ORMAN SAHASI,18039,2026-09-27T13:54:00.000Z,Çok Bulutlu,19.1,19.1,75,49,18.720000000000002,999.8,1015.4,,,0,0,0,0,0,0,,,16.05,2026-09-27T14:04:34+00:00
Manisa,Soma,SOMA,18040,2026-09-27T13:54:00.000Z,Çok Bulutlu,19.5,19.5,75,253,5.760000000000001,996.4,1015.7,,,0,0,0,0,0,0,,,16.43,2026-09-27T14:04:34+00:00
Manisa,Gördes,GÖRDES,18041,2026-09-27T13:54:00.000Z,Çok Bulutlu,16.1,16.1,76,313,10.08,942.1,1012.7,,,0,0.2,0,0.2,0.2,0.2,,,13.33,2026-09-27T14:04:34+00:00
Manisa,Kula,KULA,18042,2026-09-27T13:54:00.000Z,Çok Bulutlu,14.7,14.7,90,258,9.72,929.9,1011.1,,,0,1.4,0.2,1.4,1.4,1.4,,,13.55,2026-09-27T14:04:34+00:00
Manisa,Gölmarmara,GÖLMARMARA,18043,2026-09-27T13:54:00.000Z,Çok Bulutlu,18,18,56,288,9.360000000000001,1002.8,1013.6,,,0.1,4.1,0.1,4.1,4.1,4.1,,,12.72,2026-09-27T14:04:34+00:00
Manisa,Yunusemre,YUNUSEMRE/ÇAKMAK ORMAN SAHASI,18044,2026-09-27T13:54:00.000Z,HHY,16.3,16.3,,329,1.8,974.5,1011.6,,,0.4,7.1,0.6,5.7,7.1,7.1,,,,2026-09-27T14:04:34+00:00
Manisa,Saruhanlı,SARUHANLI,18051,2026-09-27T13:54:00.000Z,HHY,18.5,18.5,83,235,5.04,1009.9,1014.2,,,0,2,0.3,1.7,2,2,,,16.45,2026-09-27T14:04:34+00:00
Manisa,Turgutlu,TURGUTLU,18052,2026-09-27T13:54:00.000Z,HHY,17.3,17.3,74,267,4.680000000000001,1007.2,1012.5,,,0.4,2.6,1.1,2.6,2.6,2.6,,,14.23,2026-09-27T14:04:34+00:00
Manisa,Ahmetli,AHMETLİ,18451,2026-09-27T13:54:00.000Z,HHY,18.1,18.1,96,262,10.08,,,,,0.7,3.1,1.3,3.1,3.1,3.1,,,17.62,2026-09-27T14:04:34+00:00
Manisa,Sarıgöl,SARIGÖL,18452,2026-09-27T13:54:00.000Z,Çok Bulutlu,17.6,17.6,78,337,6.84,,,,,0,1.01,0.19,1.01,1.01,1.01,,,14.99,2026-09-27T14:04:34+00:00
Manisa,Selendi,SELENDİ,18453,2026-09-27T13:54:00.000Z,Çok Bulutlu,16.6,16.6,62,258,11.16,,,,,0.17,0.17,0.17,0.17,0.17,0.17,,,12.19,2026-09-27T14:04:34+00:00
Manisa,Selendi,SELENDİ/TAVAK KÖYÜ,18600,2026-09-27T13:54:00.000Z,Çok Bulutlu,17,17,89,,,,,,,0,0,0,0,0,0,,,15.7,2026-09-27T14:04:34+00:00
Manisa,Akhisar,AKHİSAR/MECİDİYE BELDESİ,18824,2026-09-27T13:54:00.000Z,HHY,17.2,17.2,99,,,,,,,0.21,4.14,0.44,4.04,4.14,4.14,,,17.07,2026-09-27T14:04:34+00:00
Manisa,Saruhanlı,SARUHANLI/SARIÇAM KÖYÜ,18825,2026-09-27T13:54:00.000Z,HHY,17.8,17.8,89,,,,,,,0.05,2.11,0.39,2.11,2.11,2.11,,,16.48,2026-09-27T14:04:34+00:00
Manisa,Saruhanlı,SARUHANLI/TİRKEŞ KÖYÜ,18826,2026-09-27T13:54:00.000Z,HHY,17.3,17.3,94,,,,,,,0.17,4.02,0.38,4.02,4.02,4.02,,,16.58,2026-09-27T14:04:34+00:00
Manisa,Salihli,SALİHLİ/İĞDECİK KÖYÜ,18827,2026-09-27T13:54:00.000Z,HHY,14.7,14.7,95,,,,,,,0.12,4.74,0.63,4.74,4.74,4.74,,,14.11,2026-09-27T14:04:34+00:00
Manisa,Kırkağaç,KIRKAĞAÇ,19137,2026-09-27T13:54:00.000Z,HHY,17.9,17.9,89,297,6.12,,,,,0.37,1.94,0.92,1.93,1.94,1.94,,,16.58,2026-09-27T14:04:34+00:00
Manisa,Salihli,SALİHLİ/ÇAKALDOĞANLAR KÖYÜ,19138,2026-09-27T13:54:00.000Z,HHY,15.1,15.1,92,,,,,,,0,1.94,0.3,1.94,1.94,1.94,,,14.17,2026-09-27T14:04:34+00:00
Manisa,Demirci,DEMİRCİ/İCİKLER,19139,2026-09-27T13:54:00.000Z,Çok Bulutlu,14.2,14.2,97,,,,,,,0.07,1.15,0.13,1.15,1.15,1.15,,,13.83,2026-09-27T14:04:34+00:00
Manisa,Gölmarmara,GÖLMARMARA BELEDİYESİ,19921,2026-09-27T13:34:00.000Z,Çok Bulutlu,16.8,16.8,95,296,2.16,,,,,,4.01,0,4.01,4.01,4.01,,,16.2,2026-09-27T14:04:34+00:00
Kahramanmaraş,Onikişubat,KAHRAMANMARAŞ,17255,2026-09-27T13:51:00.000Z,Parçalı Bulutlu,26.5,27.2,51,62,11.520000000000001,944.1,1007.1,,,0,0,0,0,0,0,,,19.45,2026-09-27T14:04:34+00:00
Kahramanmaraş,Dulkadiroğlu,KAHRAMANMARAŞ HAVALİMANI,17256,2026-09-27T13:24:00.000Z,Parçalı Bulutlu,28.6,29.3,48,279,30.6,950,1010.6,10000,3,,0,0,0,0,0,,,20.75,2026-09-27T14:04:34+00:00
Kahramanmaraş,Göksun,GÖKSUN,17866,2026-09-27T13:54:00.000Z,Az Bulutlu,22.1,22.1,54,217,13.68,864.5,1008.6,39880,,0,0,0,0,0,0,,,16.07,2026-09-27T14:04:34+00:00
Kahramanmaraş,Afşin,AFŞİN,17868,2026-09-27T13:54:00.000Z,Parçalı Bulutlu,25.7,25.7,38,250,5.4,874.1,1004.9,,,0,0,0,0,0,0,,,16.6,2026-09-27T14:04:34+00:00
Kahramanmaraş,Elbistan,ELBİSTAN,17870,2026-09-27T13:54:00.000Z,Parçalı Bulutlu,28.9,28.9,31,248,3.24,883.7,1005.4,39060,,0,0,0,0,0,0,,,17.75,2026-09-27T14:04:34+00:00
Kahramanmaraş,Andırın,ANDIRIN,18156,2026-09-27T13:54:00.000Z,Çok Bulutlu,19.7,19.7,79,178,12.96,889.7,1010.6,,,0,0,0,0,0,0,,,17.12,2026-09-27T14:04:34+00:00
Kahramanmaraş,Pazarcık,PAZARCIK,18157,2026-09-27T13:54:00.000Z,Açık,28.3,28.4,43,275,15.48,915.4,1000.4,,,0,0,0,0,0,0,,,19.62,2026-09-27T14:04:34+00:00
Kahramanmaraş,Çağlayancerit,ÇAĞLAYANCERİT,18279,2026-09-27T13:54:00.000Z,Az Bulutlu,27.7,27.7,38,214,14.04,897.4,1005.2,,,0,0.42,0,0,0.21,0.78,,,18.21,2026-09-27T14:04:34+00:00
Kahramanmaraş,Ekinözü,EKİNÖZÜ,18280,2026-09-27T13:54:00.000Z,Çok Bulutlu,24.8,24.8,42,253,16.56,,,,,0,0,0,0,0,0,,,16.55,2026-09-27T14:04:34+00:00
Kahramanmaraş,Nurhak,NURHAK,18281,2026-09-27T13:54:00.000Z,Çok Bulutlu,24.7,24.7,36,136,14.4,,,,,0,0.06,0,0,0,0.17,,,15.46,2026-09-27T14:04:34+00:00
Kahramanmaraş,Türkoğlu,TÜRKOĞLU,18282,2026-09-27T13:54:00.000Z,Açık,28.4,29.7,54,203,14.04,,,,,0,0,0,0,0,0,,,21.59,2026-09-27T14:04:34+00:00
Kahramanmaraş,Andırın,ANDIRIN/KALEBOYNU KÖYÜ,18645,2026-09-27T13:54:00.000Z,Çok Bulutlu,18.4,18.4,83,,,,,,,0,0,0,0,0,0,,,16.35,2026-09-27T14:04:34+00:00
Kahramanmaraş,Elbistan,ELBİSTAN/AKARCA MEVKİ,18646,2026-09-27T13:54:00.000Z,Açık,24.2,24.2,41,,,,,,,0,0,0,0,0,0,,,15.9,2026-09-27T14:04:34+00:00
Kahramanmaraş,Elbistan,ELBİSTAN/KANGAL KÖYÜ,18647,2026-09-27T13:54:00.000Z,Çok Bulutlu,23.4,23.4,42,,,,,,,0,0,0,0,0,0,,,15.4,2026-09-27T14:04:34+00:00
Kahramanmaraş,Ekinözü,EKİNÖZÜ/ALİŞAR KÖYÜ,18649,2026-09-27T13:54:00.000Z,Çok Bulutlu,19.9,19.9,68,,,,,,,0,0,0,0,0,0,,,15.94,2026-09-27T14:04:34+00:00
Kahramanmaraş,Türkoğlu,TÜRKOĞLU/ÇAKIROĞLU KÖYÜ,18658,2026-09-27T13:54:00.000Z,Parçalı Bulutlu,20.2,20.2,77,,,,,,,0,0,0,0,0,0,,,17.35,2026-09-27T14:04:34+00:00
Kahramanmaraş,Onikişubat,ONİKİŞUBAT/TEKİR BELDESİ,18867,2026-09-27T13:54:00.000Z,Çok Bulutlu,25,26,54,,,,,,,0,0,0,0,0,0,,,18.61,2026-09-27T14:04:34+00:00
Kahramanmaraş,Afşin,AFŞİN/TÜRKÇAYIRI KÖYÜ,18868,2026-09-27T13:54:00.000Z,Parçalı Bulutlu,23.5,23.5,41,,,,,,,0,0,0,0,0,0,,,15.32,2026-09-27T14:04:34+00:00
Kahramanmaraş,Pazarcık,PAZARCIK/ÇINARLI,18988,2026-09-27T13:54:00.000Z,Açık,28.1,28.7,48,240,15.840000000000002,,,,,0,0,0,0,0,0,,,20.32,2026-09-27T14:04:34+00:00
Kahramanmaraş,Onikişubat,ONİKİŞUBAT/ÇAMLIBEL KÖYÜ,19177,2026-09-27T13:54:00.000Z,Parçalı Bulutlu,27.6,28.2,49,,,,,,,0,0,0,0,0,0,,,20.07,2026-09-27T14:04:34+00:00
Kahramanmaraş,Göksun,GÖKSUN/KARAÖMER KÖYÜ,19178,2026-09-27T13:54:00.000Z,Çok Bulutlu,23.4,23.4,61,,,,,,,0,0,0,0,0,0,,,18.21,2026-09-27T14:04:34+00:00
Kahramanmaraş,Andırın,ANDIRIN/YEŞİLOVA KÖYÜ,19179,2026-09-27T13:54:00.000Z,Çok Bulutlu,24.8,24.8,87,,,,,,,0,0,0,0,0,0,,,23.09,2026-09-27T14:04:34+00:00
Mardin,Artuklu,MARDİN,17275,2026-09-27T13:54:00.000Z,Açık,29.6,29.6,26,277,18.720000000000002,895.8,1005,44150,,0,0,0,0,0,0,,,17.15,2026-09-27T14:04:34+00:00
Mardin,Kızıltepe,MARDİN HAVALİMANI,17276,2026-09-27T13:24:00.000Z,Az Bulutlu,34.1,34.1,23,279,17.64,950.7,1010,10000,1,,0,0,0,0,0,,,19.59,2026-09-27T14:04:34+00:00
Mardin,Nusaybin,NUSAYBİN,17948,2026-09-27T13:54:00.000Z,Açık,35.6,35.6,25,194,11.520000000000001,953.2,1005.9,,,0,0,0,0,0,0,,,21.23,2026-09-27T14:04:34+00:00
Mardin,Dargeçit,DARGEÇİT/ILISU BARAJ SAHASI,18160,2026-09-27T13:54:00.000Z,Açık,35,35,16,204,11.879999999999999,947.4,1006.6,,,0,0,0,0,0,0,,,17.96,2026-09-27T14:04:34+00:00
Mardin,Mazıdağı,MAZIDAĞI,18167,2026-09-27T13:54:00.000Z,Çok Bulutlu,29.4,29.4,33,210,11.520000000000001,894.9,,,,0,0,0,0,0,0,,,18.56,2026-09-27T14:04:34+00:00
Mardin,Midyat,MİDYAT,18168,2026-09-27T13:54:00.000Z,Açık,32,32,27,235,6.48,905.2,1005.9,,,0,0,0,0,0,0,,,19.15,2026-09-27T14:04:34+00:00
Mardin,Dargeçit,DARGEÇİT,18330,2026-09-27T13:54:00.000Z,Açık,32.1,32.1,25,175,6.12,,,,,0,0,0,0,0,0,,,18.71,2026-09-27T14:04:34+00:00
Mardin,Derik,DERİK,18331,2026-09-27T13:54:00.000Z,Parçalı Bulutlu,32.7,32.7,28,230,21.6,,,,,0,0.06,0,0.06,0.06,0.06,,,19.92,2026-09-27T14:04:34+00:00
Mardin,Kızıltepe,KIZILTEPE,18332,2026-09-27T13:54:00.000Z,Açık,34.5,34.5,30,241,9.72,,,,,0,0,0,0,0,0,,,21.77,2026-09-27T14:04:34+00:00
Mardin,Ömerli,MARDİN/ÖMERLİ,18333,2026-09-27T13:54:00.000Z,Açık,28,28,33,223,10.8,,,,,0,0,0,0,0,0,,,17.48,2026-09-27T14:04:34+00:00
Mardin,Savur,SAVUR,18334,2026-09-27T13:54:00.000Z,Açık,30.3,30.3,32,213,24.48,,,,,0,0,0,0,0,0,,,19.04,2026-09-27T14:04:34+00:00
Mardin,Yeşilli,YEŞİLLİ,18335,2026-09-27T13:54:00.000Z,Açık,32.4,32.4,31,206,11.520000000000001,,,,,0,0,0,0,0,0,,,20.42,2026-09-27T14:04:34+00:00
Mardin,Artuklu,ARTUKLU/BAĞLICA KÖYÜ,18784,2026-09-27T13:54:00.000Z,Parçalı Bulutlu,30.4,30.4,28,,,,,,,0,0,0,0,0,0,,,18.21,2026-09-27T14:04:34+00:00
Mardin,Midyat,MİDYAT/HANLAR KÖYÜ,18785,2026-09-27T13:54:00.000Z,Açık,31,31,22,,,,,,,0,0,0,0,0,0,,,17.13,2026-09-27T14:04:34+00:00
Mardin,Derik,DERİK/KUTLUCA KÖYÜ,19101,2026-09-27T13:54:00.000Z,Açık,32.9,32.9,33,,,,,,,0,0,0,0,0,0,,,21.27,2026-09-27T14:04:34+00:00
Muğla,Bodrum,BODRUM,17290,2026-09-27T13:54:00.000Z,Parçalı Bulutlu,23.2,23.2,61,8,12.96,1008,1011,56710,,0,1.3,0,0.77,1.3,1.3,,24.8,18.03,2026-09-27T14:04:34+00:00
Muğla,Milas,MUĞLA MİLAS-BODRUM HAVALİMANI,17291,2026-09-27T13:50:00.000Z,Çok Bulutlu,21.4,21.4,78,60,9.26,1010.2,1011.4,10000,6,,,,,,,,,18.62,2026-09-27T14:04:34+00:00
Muğla,Menteşe,MUĞLA,17292,2026-09-27T13:54:00.000Z,Hafif Sağanak Yağışlı,14.9,14.9,94,304,2.8800000000000003,937.3,1010.7,20000,7,2,11.1,3,8.8,11.1,11.1,,,14.2,2026-09-27T14:04:34+00:00
Muğla,Bodrum,IMSIK-BODRUM HAVALİMANI,17293,2026-09-27T13:40:00.000Z,Çok Bulutlu,22,22,71,357,7.2,1004.2,1011,20000,,0,4.2,0,0.8,3.8,4.2,,,18.27,2026-09-27T14:04:34+00:00
Muğla,Dalaman,DALAMAN,17294,2026-09-27T13:54:00.000Z,Çok Bulutlu,19.4,19.4,89,56,2.16,1009.3,1010.7,,,0,0,0,0,0,0,,,18.06,2026-09-27T14:04:34+00:00
Muğla,Dalaman,MUĞLA DALAMAN HAVALİMANI,17295,2026-09-27T13:40:00.000Z,Gökgürültülü Sağanak Yağışlı,19.6,19.6,86,106,4.680000000000001,1010.9,1011.4,8000,7,0.2,2.8,0.8,2.4,2.8,2.8,,,17.88,2026-09-27T14:04:34+00:00
Muğla,Fethiye,FETHİYE,17296,2026-09-27T13:53:00.000Z,Yağmurlu,19.5,19.5,96,209,9,1010,1010.3,3040,,2.9,8.7,6.8,8.6,8.7,8.7,,27.6,19.01,2026-09-27T14:04:34+00:00
Muğla,Datça,DATÇA,17297,2026-09-27T13:52:00.000Z,Çok Bulutlu,20.5,20.5,75,337,17.64,1005.6,1010.6,75000,,0,2.4,0,1.7,2.4,2.4,,24.6,17.38,2026-09-27T14:04:34+00:00
Muğla,Marmaris,MARMARİS,17298,2026-09-27T13:54:00.000Z,Hafif Sağanak Yağışlı,16.7,16.7,97,326,1.4400000000000002,1009.2,1011.1,10000,7,0.38,32.6,2.22,26.89,32.6,32.6,,26,16.34,2026-09-27T14:04:34+00:00
Muğla,Bodrum,BODRUM/TURGUTREİS MARİNA,17627,2026-09-27T13:53:00.000Z,Parçalı Bulutlu,22,22,77,219,4.32,1010.4,1011.1,,,0,2.8,0.2,0.6,2.8,2.8,,,19.06,2026-09-27T14:04:34+00:00
Muğla,Milas,MİLAS,17884,2026-09-27T13:55:00.000Z,Çok Bulutlu,20.2,20.2,91,333,3.9600000000000004,1004.2,1010.9,,,0,0,0,0,0,0,,,19.09,2026-09-27T14:04:34+00:00
Muğla,Yatağan,YATAĞAN,17886,2026-09-27T13:54:00.000Z,Çok Bulutlu,16.3,16.3,98,341,1.4400000000000002,969.9,1012,,,0,5.8,0,2,5.8,5.8,,,16.05,2026-09-27T14:04:34+00:00
Muğla,Milas,MİLAS/ÖREN,17921,2026-09-27T13:53:00.000Z,Çok Bulutlu,20.8,20.8,87,133,9.72,1011.4,1011.9,,,0,4.3,0,0.5,4.3,4.3,,,19.18,2026-09-27T14:04:34+00:00
Muğla,Köyceğiz,KÖYCEĞİZ,17924,2026-09-27T13:54:00.000Z,Çok Bulutlu,18.6,18.6,82,323,7.5600000000000005,1008.5,1011.3,,,0,8.9,0,2.4,8.9,8.9,,,16.43,2026-09-27T14:04:34+00:00
Muğla,Marmaris,MARMARİS/ÇETİBELİ ORMAN DEPOSU,18017,2026-09-27T13:54:00.000Z,HHY,17.2,17.2,86,17,1.4400000000000002,1005.7,1012,,,2.1,14,6.4,10,14,14,,,15.54,2026-09-27T14:04:34+00:00
Muğla,Fethiye,FETHİYE/DEĞİRMENBAŞI EKİP ORMAN DEPOSU,18018,2026-09-27T13:53:00.000Z,HHY,20,20,100,274,5.04,1003.3,1011.4,,,0.4,3.5,1.4,3.5,3.5,3.5,,,,2026-09-27T14:04:34+00:00
Muğla,Milas,MİLAS/DENİZCİK ORMAN DEPOSU,18020,2026-09-27T13:54:00.000Z,Çok Bulutlu,19.4,19.4,86,340,16.92,982.6,1012.2,,,0,8.3,0,3.4,7.7,8.3,,,17.69,2026-09-27T14:04:34+00:00
Muğla,Kavaklıdere,KAVAKLIDERE/KOCATAŞ ORMAN SAHASI,18022,2026-09-27T13:53:00.000Z,Çok Bulutlu,13.1,13.1,100,340,7.5600000000000005,904,1012.9,,,0,5.1,0.1,5.1,5.1,5.1,,,,2026-09-27T14:04:34+00:00
Muğla,Ula,ULA/AKYAKA,18048,2026-09-27T13:37:00.000Z,HHY,17.6,17.6,93,357,0.7200000000000001,1011.7,1011.8,,,,8.2,4,8.2,8.2,8.2,,,16.76,2026-09-27T14:04:34+00:00
Muğla,Ortaca,ORTACA,18317,2026-09-27T13:54:00.000Z,Çok Bulutlu,19.5,19.5,90,21,11.879999999999999,,,,,0,2.7,0.2,1.4,2.7,2.7,,,18.28,2026-09-27T14:04:34+00:00
Muğla,Seydikemer,SEYDİKEMER/KAVAKLI ORMAN EKİP,18625,2026-09-27T13:54:00.000Z,Çok Bulutlu,17.1,17.1,100,,,,,,,0,1.39,0,1.39,1.39,1.39,,,,2026-09-27T14:04:34+00:00
Muğla,Fethiye,FETHİYE/NİF(ARPACIK) KÖYÜ,18626,2026-09-27T13:54:00.000Z,HHY,15.1,15.1,87,,,,,,,0.38,0.66,0.38,0.58,0.66,0.66,,,13.61,2026-09-27T14:04:34+00:00
Muğla,Köyceğiz,KÖYCEĞİZ/OTMANLAR KÖYÜ,18627,2026-09-27T13:54:00.000Z,HHY,14.2,14.2,100,,,,,,,0.65,2.51,0.75,2.41,2.51,2.51,,,,2026-09-27T14:04:34+00:00
Muğla,Seydikemer,SEYDİKEMER/BOĞALAR KÖYÜ,18628,2026-09-27T13:54:00.000Z,Çok Bulutlu,14.5,14.5,78,,,,,,,0,1.44,0,1.44,1.44,1.44,,,12.03,2026-09-27T14:04:34+00:00
Muğla,Menteşe,MENTEŞE/ŞENYAYLA ORMAN,18629,2026-09-27T13:54:00.000Z,HHY,11.3,11.3,100,,,,,,,1.07,10.22,2.84,10.22,10.22,10.22,,,,2026-09-27T14:04:34+00:00
Muğla,Seydikemer,SEYDİKEMER,18847,2026-09-27T13:54:00.000Z,Çok Bulutlu,21.6,21.6,70,246,3.6,,,,,0,0.61,0,0.61,0.61,0.61,,,17.77,2026-09-27T14:04:34+00:00
Muğla,Ula,ULA/KAVAKÇALI KÖYÜ,18848,2026-09-27T13:54:00.000Z,Çok Bulutlu,16.4,16.4,87,,,,,,,0,6.76,0,6.03,6.76,6.76,,,14.88,2026-09-27T14:04:34+00:00
Muğla,Milas,MİLAS ORMAN SAHASI,18849,2026-09-27T13:54:00.000Z,HHY,17.4,17.4,84,15,5.760000000000001,,,,,0,6.42,0.21,1.82,6.42,6.42,,,15.5,2026-09-27T14:04:34+00:00
Muğla,Menteşe,MENTEŞE/GÖKTEPE BELDESİ,19162,2026-09-27T13:54:00.000Z,HHY,15.8,15.8,86,0,0,,,,,0.03,7.74,1.31,7.07,7.74,7.74,,,14.18,2026-09-27T14:04:34+00:00
Muğla,Menteşe,MENTEŞE/MURATLAR KÖYÜ,19163,2026-09-27T13:54:00.000Z,HHY,15.1,15.1,94,9,3.24,,,,,0,6.41,0.47,6.41,6.41,6.41,,,14.39,2026-09-27T14:04:34+00:00
Muş,Merkez,MUŞ,17204,2026-09-27T13:54:00.000Z,Çok Bulutlu,28,28,19,189,5.4,866.8,1006.4,48000,,0,0,0,0,0,0,,,14.28,2026-09-27T14:04:34+00:00
Muş,Merkez,MUŞ HAVALİMANI,17206,2026-09-27T13:23:00.000Z,Çok Bulutlu,29.6,29.6,19,169,14.76,871.7,1015.3,10000,5,,0,0,0,0,0,,,15.35,2026-09-27T14:04:34+00:00
Muş,Varto,VARTO,17778,2026-09-27T13:54:00.000Z,Çok Bulutlu,26.1,26.1,28,166,3.6,848.7,1007.6,,,0,0,0,0,0,0,,,15.02,2026-09-27T14:04:34+00:00
Muş,Malazgirt,MALAZGİRT,17780,2026-09-27T13:54:00.000Z,Az Bulutlu,26.6,26.6,26,197,6.12,847.1,1009.2,,,0,0,0,0,0,0,,,14.97,2026-09-27T14:04:34+00:00
Muş,Bulanık,BULANIK,18581,2026-09-27T13:54:00.000Z,Parçalı Bulutlu,27.4,27.4,28,178,8.28,,,,,0,0,0,0,0,0,,,15.98,2026-09-27T14:04:34+00:00
Muş,Korkut,KORKUT,18582,2026-09-27T13:54:00.000Z,Parçalı Bulutlu,28.3,28.3,23,208,24.48,,,,,0,0.18,0,0,0.13,0.47,,,15.5,2026-09-27T14:04:34+00:00
Muş,Merkez,MUŞ/BERCE ALPARSLAN TARIM İŞLETMESİ,18916,2026-09-27T13:55:00.000Z,Çok Bulutlu,29.5,29.5,20,199,12.24,,,,,0,0,0,0,0,0,,,15.56,2026-09-27T14:04:34+00:00
Muş,Merkez,MUŞ/MERCİMEKKALE BARAJI,19093,2026-09-27T13:54:00.000Z,Parçalı Bulutlu,27.4,27.4,29,,,,,,,0,0,0,0,0,0,,,16.2,2026-09-27T14:04:34+00:00
Muş,Hasköy,HASKÖY,19094,2026-09-27T13:54:00.000Z,Parçalı Bulutlu,29,29,21,,,,,,,0,0,0,0,0,0,,,15.48,2026-09-27T14:04:34+00:00
Muş,Merkez,MUŞ/YAYGIN BELDESİ,19095,2026-09-27T13:54:00.000Z,Çok Bulutlu,28.1,28.1,19,,,,,,,0,0,0,0,0,0,,,14.35,2026-09-27T14:04:34+00:00
Muş,Merkez,MUŞ KAYAK MERKEZİ,19267,2026-09-27T13:52:00.000Z,Çok Bulutlu,28.6,28.6,25,,,,,,,0,0,0,0,0,0,,,16.19,2026-09-27T14:04:34+00:00
Nevşehir,Merkez,NEVŞEHİR,17193,2026-09-27T13:54:00.000Z,Çok Bulutlu,22.5,22.5,49,280,7.920000000000001,872.6,1009.7,42820,,0,0,0,0,0,0,,,15.7,2026-09-27T14:04:34+00:00
Nevşehir,Avanos,AVANOS,17833,2026-09-27T13:54:00.000Z,Çok Bulutlu,25.2,25.7,44,258,9.360000000000001,903.1,1007.8,,,0,0,0,0,0,0,,,17.21,2026-09-27T14:04:34+00:00
Nevşehir,Ürgüp,ÜRGÜP,17835,2026-09-27T13:54:00.000Z,Parçalı Bulutlu,24.1,24.1,47,351,0.7200000000000001,890.8,1008.1,,,0,0,0,0,0,0,,,16.77,2026-09-27T14:04:34+00:00
Nevşehir,Derinkuyu,DERİNKUYU,18121,2026-09-27T13:54:00.000Z,Parçalı Bulutlu,22.5,22.5,51,251,5.760000000000001,865.5,1007.6,,,0,0,0,0,0,0,,,15.99,2026-09-27T14:04:34+00:00
Nevşehir,Hacıbektaş,HACIBEKTAŞ,18122,2026-09-27T13:54:00.000Z,Açık,21.1,21.1,55,0,10.8,868.5,1006.8,,,0,0,0,0,0,0,,,15.33,2026-09-27T14:04:34+00:00
Nevşehir,Kozaklı,KOZAKLI,18123,2026-09-27T13:54:00.000Z,Çok Bulutlu,21.8,21.8,54,304,17.64,886.2,1007,,,0,0,0,0,0,0,,,15.81,2026-09-27T14:04:34+00:00
Nevşehir,Acıgöl,ACIGÖL,18463,2026-09-27T13:54:00.000Z,Parçalı Bulutlu,22.9,22.9,49,5,8.28,,,,,0,0.09,0,0.09,0.09,0.09,,,16.05,2026-09-27T14:04:34+00:00
Nevşehir,Gülşehir,GÜLŞEHİR,18464,2026-09-27T13:54:00.000Z,Parçalı Bulutlu,26,26.5,48,318,9,,,,,0,0,0,0,0,0,,,18.54,2026-09-27T14:04:34+00:00
Nevşehir,Gülşehir,GÜLŞEHİR/GÖKÇETOPRAK KÖYÜ,18878,2026-09-27T13:54:00.000Z,Çok Bulutlu,23.9,23.9,47,,,,,,,0,0,0,0,0,0,,,16.6,2026-09-27T14:04:34+00:00
Nevşehir,Avanos,AVANOS/TOPAKLI KÖYÜ,18879,2026-09-27T13:54:00.000Z,Az Bulutlu,22.6,22.6,53,,,,,,,0,0,0,0,0,0,,,16.37,2026-09-27T14:04:34+00:00
Nevşehir,Merkez,NEVŞEHİR/GÖREME,18902,2026-09-27T13:54:00.000Z,Çok Bulutlu,23.2,23.2,74,0,9.360000000000001,888.7,1007.4,,,0,0,0,0,0,0,,,19.8,2026-09-27T14:04:34+00:00
Nevşehir,Derinkuyu,DERİNKUYU/DOĞALA KÖYÜ,19190,2026-09-27T13:54:00.000Z,Parçalı Bulutlu,21.8,21.8,55,,,,,,,0.01,0.03,0.01,0.03,0.03,0.03,,,15.95,2026-09-27T14:04:34+00:00
Nevşehir,Avanos,AVANOS/ALTIPINAR KÖYÜ,19191,2026-09-27T13:54:00.000Z,Parçalı Bulutlu,21.5,21.5,57,,,,,,,0,0,0,0,0,0,,,15.95,2026-09-27T14:04:34+00:00
Niğde,Merkez,NİĞDE,17250,2026-09-27T13:54:00.000Z,Parçalı Bulutlu,23.8,23.8,40,230,10.8,876.8,1007.5,27430,,0,0,0,0,0,0,,,15.41,2026-09-27T14:04:34+00:00
Niğde,Ulukışla,ULUKIŞLA,17906,2026-09-27T13:54:00.000Z,Çok Bulutlu,20.3,20.3,54,126,18.36,852.2,1006.8,75000,,0,0,0,0,0,0,,,14.49,2026-09-27T14:04:34+00:00
Niğde,Çamardı,ÇAMARDI,18214,2026-09-27T13:54:00.000Z,Parçalı Bulutlu,19.6,19.6,52,208,33.480000000000004,837.9,1007,,,0,0,0,0,0,0,,,13.62,2026-09-27T14:04:34+00:00
Niğde,Altunhisar,ALTUNHİSAR,18501,2026-09-27T13:54:00.000Z,Parçalı Bulutlu,25.5,25.9,43,138,11.16,,,,,0,0,0,0,0,0,,,17.3,2026-09-27T14:04:34+00:00
Niğde,Bor,BOR,18502,2026-09-27T13:54:00.000Z,Çok Bulutlu,24.3,24.3,42,154,17.64,,,,,0,0,0,0,0,0,,,16.14,2026-09-27T14:04:34+00:00
Niğde,Çiftlik,ÇİFTLİK,18503,2026-09-27T13:54:00.000Z,Parçalı Bulutlu,20.8,20.8,49,187,19.08,,,,,0,0,0,0,0,0,,,14.25,2026-09-27T14:04:34+00:00
Niğde,Merkez,NİĞDE/KONAKLI BELDESİ,18688,2026-09-27T13:54:00.000Z,Çok Bulutlu,23.3,23.3,41,,,,,,,0,0,0,0,0,0,,,15.16,2026-09-27T14:04:34+00:00
Niğde,Ulukışla,ULUKIŞLA/ÇİFTEKÖY KÖYÜ,18689,2026-09-27T13:54:00.000Z,Az Bulutlu,21.2,21.2,53,,,,,,,0,0,0,0,0,0,,,15.14,2026-09-27T14:04:34+00:00
Niğde,Merkez,NİĞDE/ULUAĞAÇ KÖYÜ,18690,2026-09-27T13:54:00.000Z,Parçalı Bulutlu,16.9,16.9,61,,,,,,,0,0,0,0,0,0,,,12.34,2026-09-27T14:04:34+00:00
Niğde,Ulukışla,ULUKIŞLA/ALTAY KÖYÜ,18899,2026-09-27T13:54:00.000Z,Çok Bulutlu,24.8,24.8,41,,,,,,,0,0,0,0,0,0,,,16.39,2026-09-27T14:04:34+00:00
Niğde,Ulukışla,ULUKIŞLA/BOLKAR DAĞI,18910,2026-09-27T13:54:00.000Z,Çok Bulutlu,14.1,14.1,58,6,7.5600000000000005,,,,,0,0,0,0,0,0,,,9.49,2026-09-27T14:04:34+00:00
Niğde,Merkez,NİĞDE/BAĞLAMA BELDESİ,19001,2026-09-27T13:54:00.000Z,Çok Bulutlu,21,21,54,,,,,,,0,0,0,0,0,0,,,15.11,2026-09-27T14:04:34+00:00
Niğde,Merkez,NİĞDE/KIZILÖREN KÖYÜ,19002,2026-09-27T13:54:00.000Z,Parçalı Bulutlu,20.5,20.5,51,,,,,,,0,0,0,0,0,0,,,14.26,2026-09-27T14:04:34+00:00
Niğde,Bor,BOR/KILAVUZ KÖYÜ,19201,2026-09-27T13:54:00.000Z,Açık,18.9,18.9,56,,,,,,,0,0.09,0.01,0.09,0.09,0.09,,,13.52,2026-09-27T14:04:34+00:00
Niğde,Altunhisar,ALTUNHİSAR/KARAKAPI BELDESİ,19910,2026-09-27T13:54:00.000Z,Çok Bulutlu,22.5,22.5,40,,,,,,,0,0,0,0,0,0,,,14.35,2026-09-27T14:04:34+00:00
Ordu,Altınordu,ORDU,17033,2026-09-27T13:54:00.000Z,Çok Bulutlu,20.2,20.2,75,305,5.760000000000001,1014.8,1015.4,20000,7,0,0.6,0,0,0.2,1,,20.6,17.1,2026-09-27T14:04:34+00:00
Ordu,Gülyalı,ORDU-GİRESUN HAVALİMANI,17616,2026-09-27T13:22:00.000Z,Gökgürültülü Sağanak Yağışlı,19.3,19.3,100,224,9,1014.6,1015.2,8000,7,,4.4,0,0.2,3.6,6,,,,2026-09-27T14:04:34+00:00
Ordu,Ünye,ÜNYE,17624,2026-09-27T13:54:00.000Z,Çok Bulutlu,19.9,19.9,100,205,3.6,1013.4,1015.3,,,0,1.4,0,0.2,1.4,1.4,,,,2026-09-27T14:04:34+00:00
Ordu,Fatsa,FATSA,17689,2026-09-27T13:54:00.000Z,Çok Bulutlu,19.7,19.7,77,176,1.08,1015,1015.8,,,0,0,0,0,0,0.2,,,16.87,2026-09-27T14:04:34+00:00
Ordu,Gölköy,GÖLKÖY,18130,2026-09-27T13:54:00.000Z,HHY,12.8,12.8,,355,5.760000000000001,899.8,1013,,,0.4,1.6,1.1,1.1,1.4,2,,,,2026-09-27T14:04:34+00:00
Ordu,Akkuş,AKKUŞ,18131,2026-09-27T13:54:00.000Z,HHY,11.6,11.6,100,342,3.6,867,1013.3,,,0.5,2.4,1.1,1.5,1.9,3.9,,,,2026-09-27T14:04:34+00:00
Ordu,Çamaş,ÇAMAŞ,18524,2026-09-27T13:54:00.000Z,HHY,14.5,14.5,,201,3.6,,,,,0,3.86,0.54,3.45,3.86,6.31,,,,2026-09-27T14:04:34+00:00
Ordu,Altınordu,ORDU ÜNİVERSİTE KAMPÜSÜ,18527,2026-09-27T13:54:00.000Z,Çok Bulutlu,19.1,19.1,95,216,2.16,,,,,0.16,0.94,0.16,0.16,0.27,1.74,,,18.49,2026-09-27T14:04:34+00:00
Ordu,Gürgentepe,GÜRGENTEPE,18528,2026-09-27T13:54:00.000Z,HHY,12.7,12.7,100,0,13.32,,,,,0.83,3.75,1.7,3.09,3.32,5.89,,,,2026-09-27T14:04:34+00:00
Ordu,İkizce,İKİZCE/ŞENBOLLUK,18529,2026-09-27T13:54:00.000Z,HHY,13.1,13.1,37,43,5.760000000000001,,,,,0,3.71,0.39,2.22,3.43,4.06,,,6.38,2026-09-27T14:04:34+00:00
Ordu,Kabataş,KABATAŞ,18530,2026-09-27T13:54:00.000Z,HHY,15.6,15.6,,227,3.6,,,,,0.28,0.86,0.28,0.33,0.51,1.86,,,,2026-09-27T14:04:34+00:00
Ordu,Kumru,KUMRU,18531,2026-09-27T13:54:00.000Z,HHY,13.9,13.9,98,91,4.32,,,,,0.41,6.5,0.84,5.48,6.07,8,,,13.64,2026-09-27T14:04:34+00:00
Ordu,Mesudiye,MESUDİYE,18532,2026-09-27T13:54:00.000Z,Çok Bulutlu,14.5,14.5,91,319,15.48,,,,,0,0.18,0,0.18,0.18,0.18,,,13.46,2026-09-27T14:04:34+00:00
Ordu,Perşembe,PERŞEMBE/KIRLI BELDESİ,18533,2026-09-27T13:54:00.000Z,HHY,17.5,17.5,97,318,8.28,,,,,0.18,3.35,0.27,2.63,3.01,5.27,,,17.14,2026-09-27T14:04:34+00:00
Ordu,Ulubey,ORDU/ULUBEY,18534,2026-09-27T13:54:00.000Z,HHY,14.9,14.9,,4,4.680000000000001,,,,,0.14,2.85,0.51,1.96,2.46,4.84,,,,2026-09-27T14:04:34+00:00
Ordu,Aybastı,AYBASTI/TOYGAR KÖYÜ,18707,2026-09-27T13:54:00.000Z,HHY,11.9,11.9,100,,,,,,,0.38,1.11,0.68,0.82,0.94,1.8,,,,2026-09-27T14:04:34+00:00
Ordu,Kabadüz,KABADÜZ/YOKUŞDİBİ BELDESİ,19033,2026-09-27T13:54:00.000Z,HHY,12.4,12.4,96,,,,,,,0.16,0.76,0.41,0.76,0.76,1.68,,,11.92,2026-09-27T14:04:34+00:00
Ordu,Mesudiye,MESUDİYE/TOPÇAM,19034,2026-09-27T13:54:00.000Z,Çok Bulutlu,15.3,15.3,94,,,,,,,0,0,0,0,0,0.05,,,14.59,2026-09-27T14:04:34+00:00
Ordu,Korgan,KORGAN,19223,2026-09-27T13:54:00.000Z,Çok Bulutlu,12.7,12.7,100,18,3.9600000000000004,,,,,0,0,0,0,0,0,,,,2026-09-27T14:04:34+00:00
Ordu,Çatalpınar,ÇATALPINAR,19224,2026-09-27T13:55:00.000Z,Çok Bulutlu,17.8,17.8,100,0,0,,,,,0,0,0,0,0,0,,,,2026-09-27T14:04:34+00:00
Rize,Merkez,RİZE,17040,2026-09-27T13:54:00.000Z,Çok Bulutlu,21.9,21.9,79,0,0,1013.4,1013.7,28880,,0,0,0,0,0,0,,24,19.22,2026-09-27T14:04:34+00:00
Rize,Pazar,RİZE ARTVİN HAVALİMANI,17044,2026-09-27T13:30:00.000Z,Hafif Sağanak Yağışlı,21.9,21.9,79,207,12.24,1013.7,1014.5,10000,7,,0,0,0,0,0,,23.8,19.22,2026-09-27T14:04:34+00:00
Rize,Çamlıhemşin,ÇAMLIHEMŞİN/AYDER FIRTINA DERESİ,17713,2026-09-27T13:54:00.000Z,Çok Bulutlu,12.9,12.9,100,241,3.6,865.8,1014.2,,,0,0,0,0,0,0,,,,2026-09-27T14:04:34+00:00
Rize,İkizdere,İKİZDERE/SİVRİKAYA,17741,2026-09-27T13:54:00.000Z,Çok Bulutlu,13.1,13.1,99,65,2.16,807.8,1006.1,,,0,0,0,0,0,0,,,12.95,2026-09-27T14:04:34+00:00
Rize,İkizdere,İKİZDERE/DEREKÖY,17757,2026-09-27T13:54:00.000Z,Çok Bulutlu,15,15,100,232,3.9600000000000004,908.7,1017.7,,,0,0.4,0,0.4,0.4,0.4,,,,2026-09-27T14:04:34+00:00
Rize,Çamlıhemşin,ÇAMLIHEMŞİN,17765,2026-09-27T13:54:00.000Z,Çok Bulutlu,18.2,18.2,54,356,6.48,872.8,913.1,,,0,0,0,0,0,0.2,,,12.65,2026-09-27T14:04:34+00:00
Rize,Hemşin,HEMŞİN,17769,2026-09-27T13:54:00.000Z,Çok Bulutlu,18.3,18.3,97,0,0,980.6,1014.9,,,0.2,0.2,0.2,0.2,0.2,0.4,,,17.94,2026-09-27T14:04:34+00:00
Rize,Ardeşen,ARDEŞEN/YEŞİLTEPE,17772,2026-09-27T13:53:00.000Z,HHY,16.4,16.4,100,246,12.24,945.5,1010.6,,,0.2,0.6,0.6,0.6,0.6,0.6,,,,2026-09-27T14:04:34+00:00
Rize,Çayeli,ÇAYELİ TEİAŞ,17781,2026-09-27T13:54:00.000Z,Çok Bulutlu,19.8,19.8,93,129,6.48,1008,1014.3,,,0,0,0,0,0,0,,,18.94,2026-09-27T14:04:34+00:00
Rize,Çayeli,ÇAYELİ/KAPTANPAŞA,17785,2026-09-27T13:54:00.000Z,Çok Bulutlu,16.6,16.6,0,0,0,959.6,1015.5,,,0.2,0.2,0.2,0.2,0.2,0.6,,,,2026-09-27T14:04:34+00:00
Rize,Güneysu,GÜNEYSU,17800,2026-09-27T13:54:00.000Z,Çok Bulutlu,19.5,19.5,92,174,7.5600000000000005,1000.1,1014.3,,,0,0,0,0,0,0,,,18.52,2026-09-27T14:04:34+00:00
Rize,Derepazarı,DEREPAZARI/MALTEPE KÖYÜ,18566,2026-09-27T13:54:00.000Z,Çok Bulutlu,17.8,17.8,97,127,3.24,,,,,0,0.1,0.1,0.1,0.1,0.1,,,17.44,2026-09-27T14:04:34+00:00
Rize,Fındıklı,FINDIKLI,18567,2026-09-27T13:54:00.000Z,Çok Bulutlu,19.7,19.7,88,177,9.72,,,,,0,0,0,0,0,0,,,18.23,2026-09-27T14:04:34+00:00
Rize,Merkez,RİZE/ANDON,18568,2026-09-27T13:54:00.000Z,HHY,16.1,16.1,91,353,5.760000000000001,,,,,0.03,0.27,0.27,0.27,0.27,0.45,,,15.04,2026-09-27T14:04:34+00:00
Rize,İkizdere,İKİZDERE/CİMİL,18569,2026-09-27T13:54:00.000Z,Çok Bulutlu,15.9,15.9,95,267,4.32,,,20000,,0,0,0,0,0,0,,,15.3,2026-09-27T14:04:34+00:00
Rize,Çamlıhemşin,ÇAMLIHEMŞİN/KALEKÖY,18731,2026-09-27T13:54:00.000Z,Çok Bulutlu,14.9,14.9,66,,,,,,,0,0,0,0,0,0,,,11.09,2026-09-27T14:04:34+00:00
Rize,İkizdere,İKİZDERE/ÇAĞRANKAYA YAYLASI,18732,2026-09-27T13:54:00.000Z,Çok Bulutlu,15.9,15.9,61,,,,,,,0,0,0,0,0,0,,,11.44,2026-09-27T14:04:34+00:00
Rize,Çayeli,ÇAYELİ BAKIR,18905,2026-09-27T13:54:00.000Z,HHY,19.6,19.6,100,154,3.6,1003,1014.6,,,0,0.54,0.54,0.54,0.54,0.54,,,,2026-09-27T14:04:34+00:00
Rize,Fındıklı,FINDIKLI/YENİŞEHİTLİK KÖYÜ,18934,2026-09-27T13:54:00.000Z,Çok Bulutlu,14.6,14.6,93,,,,,,,0,0.06,0,0,0,1.34,,,13.79,2026-09-27T14:04:34+00:00
Rize,Güneysu,GÜNEYSU/HANDÜZÜ YAYLASI,18935,2026-09-27T13:54:00.000Z,Çok Bulutlu,12.4,12.4,96,202,2.8800000000000003,,,,,0,0,0,0,0,0,,,11.92,2026-09-27T14:04:34+00:00
Rize,Merkez,RİZE/TAŞKÖPRÜ KÖYÜ,18937,2026-09-27T13:54:00.000Z,Çok Bulutlu,17.9,17.9,92,151,5.04,,,,,0,0.2,0,0,0.2,0.4,,,16.94,2026-09-27T14:04:34+00:00
Rize,Çamlıhemşin,ÇAMLIHEMŞİN/PALOVİT YAYLASI,19058,2026-09-27T13:54:00.000Z,Çok Bulutlu,11.7,11.7,100,,,,,,,0,0,0,0,0,0,,,,2026-09-27T14:04:34+00:00
Rize,Çamlıhemşin,ÇAMLIHEMŞİN/HUSER YAYLASI,19059,2026-09-27T13:54:00.000Z,Çok Bulutlu,14,14,59,,,,,,,0,0,0,0,0,0,,,9.51,2026-09-27T14:04:34+00:00
Rize,Ardeşen,ARDEŞEN,19243,2026-09-27T13:54:00.000Z,Çok Bulutlu,23,23,82,278,1.8,,,,,0,0,0,0,0,0,,,20.67,2026-09-27T14:04:34+00:00
Rize,İkizdere,İKİZDERE,19334,2026-09-27T13:55:00.000Z,Çok Bulutlu,18,18,92,112,3.9600000000000004,,,,,0,0,0,0,0,0,,,17.04,2026-09-27T14:04:34+00:00
Sakarya,Adapazarı,SAKARYA,17069,2026-09-27T13:54:00.000Z,Çok Bulutlu,21.7,21.7,64,355,8.64,1012.4,1015.9,20000,6,0,0,0,0,0,0,,,17.07,2026-09-27T14:04:34+00:00
Sakarya,Karasu,KARASU,17644,2026-09-27T13:54:00.000Z,Çok Bulutlu,22.1,22.1,78,13,17.64,1015.1,1015.7,20150,,0,5.7,0,0.1,5.7,5.7,,,19.29,2026-09-27T14:04:34+00:00
Sakarya,Geyve,GEYVE,17662,2026-09-27T13:54:00.000Z,Çok Bulutlu,21.6,21.6,66,11,11.520000000000001,1004.3,1016,57030,,0,0,0,0,0,0,,,17.25,2026-09-27T14:04:34+00:00
Sakarya,Hendek,HENDEK,18105,2026-09-27T13:54:00.000Z,Çok Bulutlu,21.6,21.6,54,357,3.6,1008.3,1015.9,,,0,0,0,0,0,0,,,15.63,2026-09-27T14:04:34+00:00
Sakarya,Sapanca,SAPANCA,18106,2026-09-27T13:54:00.000Z,Çok Bulutlu,21.6,21.6,70,18,5.760000000000001,1008.6,1017.3,,,0,0,0,0,0,0,,,17.77,2026-09-27T14:04:34+00:00
Sakarya,Akyazı,AKYAZI,18415,2026-09-27T13:54:00.000Z,Çok Bulutlu,21.2,21.2,76,340,4.32,,,,,0,0,0,0,0,0,,,18.17,2026-09-27T14:04:34+00:00
Sakarya,Ferizli,FERİZLİ,18416,2026-09-27T13:54:00.000Z,Çok Bulutlu,20.9,20.9,,25,15.120000000000001,,,,,0,0.78,0,0,0.78,0.78,,,,2026-09-27T14:04:34+00:00
Sakarya,Karapürçek,KARAPÜRÇEK,18417,2026-09-27T13:54:00.000Z,Çok Bulutlu,20.5,20.5,88,333,6.48,,,,,0,0,0,0,0,0,,,19.01,2026-09-27T14:04:34+00:00
Sakarya,Kaynarca,KAYNARCA,18418,2026-09-27T13:54:00.000Z,Çok Bulutlu,20.8,20.8,95,20,7.5600000000000005,,,,,0,0.13,0,0,0.13,0.13,,,20.19,2026-09-27T14:04:34+00:00
Sakarya,Kocaali,KOCAALİ,18419,2026-09-27T13:54:00.000Z,Çok Bulutlu,21.9,21.9,75,21,2.52,,,,,0,0,0,0,0,0,,,18.7,2026-09-27T14:04:34+00:00
Sakarya,Taraklı,TARAKLI,18420,2026-09-27T13:54:00.000Z,Çok Bulutlu,17.6,17.6,97,59,2.8800000000000003,,,,,0,0,0,0,0,0,,,17.24,2026-09-27T14:04:34+00:00
Sakarya,Hendek,HENDEK/YENİYAYLA KÖYÜ,18595,2026-09-27T13:54:00.000Z,Çok Bulutlu,12.8,12.8,98,,,,,,,0,0,0,0,0,0,,,12.54,2026-09-27T14:04:34+00:00
Sakarya,Kocaali,KOCAALİ/MELEN,18738,2026-09-27T13:54:00.000Z,Çok Bulutlu,19.7,19.7,84,,,,,,,0,0,0,0,0,0,,,17.73,2026-09-27T14:04:34+00:00
Sakarya,Geyve,GEYVE/HİSARLIK KÖYÜ,18803,2026-09-27T13:54:00.000Z,Çok Bulutlu,15.6,15.6,95,,,,,,,0,0.17,0,0,0.12,0.22,,,15.01,2026-09-27T14:04:34+00:00
Sakarya,Pamukova,PAMUKOVA/KEMALİYE KÖYÜ,18915,2026-09-27T13:54:00.000Z,Çok Bulutlu,16.3,16.3,72,,,,,,,0,0,0,0,0,0,,,13.06,2026-09-27T14:04:34+00:00
Sakarya,Pamukova,PAMUKOVA,19118,2026-09-27T13:54:00.000Z,Çok Bulutlu,21.8,21.8,69,77,18.36,,,,,0,0,0,0,0,0,,,17.83,2026-09-27T14:04:34+00:00
Sakarya,Ferizli,FERİZLİ/GÖLKENT BELDESİ,19119,2026-09-27T13:54:00.000Z,Çok Bulutlu,21.7,21.7,77,6,8.28,,,,,0,2.1,0,0,2.1,2.3,,,18.77,2026-09-27T14:04:34+00:00
Sakarya,Serdivan,SERDİVAN,19120,2026-09-27T13:54:00.000Z,Çok Bulutlu,19.9,19.9,75,358,14.4,,,,,0,0,0,0,0,0,,,16.81,2026-09-27T14:04:34+00:00
Sakarya,Pamukova,PAMUKOVA/AKÇAY BARAJI,19922,2026-09-27T13:53:00.000Z,Çok Bulutlu,13.2,13.2,84,125,4.680000000000001,909,1017.6,,,0,0.23,0,0,0.23,0.23,,,11.43,2026-09-27T14:04:34+00:00
Samsun,Atakum,SAMSUN BÖLGE,17030,2026-09-27T13:54:00.000Z,Çok Bulutlu,21.1,21.1,72,51,6.48,1015,1015.5,20000,7,0,0.8,0,0,0.8,0.8,,23.2,17.56,2026-09-27T14:04:34+00:00
Samsun,Çarşamba,SAMSUN ÇARŞAMBA HAVALİMANI,17031,2026-09-27T13:27:00.000Z,Çok Bulutlu,19.7,19.7,81,225,6.84,1015.3,1015.7,10000,5,,0,0,0,0,0,,,17.36,2026-09-27T14:04:34+00:00
Samsun,Bafra,BAFRA,17622,2026-09-27T13:54:00.000Z,Çok Bulutlu,19.5,19.5,86,313,10.8,1002.7,1014.8,,,0,0.2,0,0.2,0.2,0.2,,,17.79,2026-09-27T14:04:34+00:00
Samsun,Alaçam,ALAÇAM,17623,2026-09-27T13:54:00.000Z,Çok Bulutlu,20.3,20.3,77,0,0,,,,,0,0,0,0,0,0,,,17.44,2026-09-27T14:04:34+00:00
Samsun,Tekkeköy,TEKKEKÖY/KARADENİZ ARŞ. (TAGEM),18132,2026-09-27T13:54:00.000Z,Çok Bulutlu,20,20,75,264,0.7200000000000001,1015.8,1016.5,,,0,0,0,0,0,0,,,16.91,2026-09-27T14:04:34+00:00
Samsun,Bafra,BAFRA/TOPRAK SU ARŞ.(TAGEM),18133,2026-09-27T13:54:00.000Z,Çok Bulutlu,20.5,20.5,89,318,3.6,1014.2,1016,,,0,0,0,0,0,0,,,19.14,2026-09-27T14:04:34+00:00
Samsun,Ladik,LADİK,18135,2026-09-27T13:54:00.000Z,Çok Bulutlu,13.1,13.1,95,101,3.6,914,1015.8,,,0,0,0,0,0,0,,,12.51,2026-09-27T14:04:34+00:00
Samsun,Atakum,ATAKUM/SAMSUN RADAR SAHASI,18507,2026-09-27T13:54:00.000Z,Çok Bulutlu,9.5,9.5,90,320,6.48,,,,,0,1.93,0.05,0.28,1.53,1.93,,,8.43,2026-09-27T14:04:34+00:00
Samsun,Asarcık,ASARCIK,18535,2026-09-27T13:54:00.000Z,Çok Bulutlu,12.7,12.7,100,335,6.12,,,,,0,0.73,0.05,0.4,0.73,0.73,,,,2026-09-27T14:04:34+00:00
Samsun,Ayvacık,SAMSUN/AYVACIK,18536,2026-09-27T13:54:00.000Z,HHY,17.7,17.7,100,24,5.4,,,,,0,0.64,0.57,0.64,0.64,0.64,,,,2026-09-27T14:04:34+00:00
Samsun,Çarşamba,ÇARŞAMBA,18538,2026-09-27T13:54:00.000Z,Çok Bulutlu,19.2,19.2,84,159,3.9600000000000004,,,,,0,0,0,0,0,0,,,17.25,2026-09-27T14:04:34+00:00
Samsun,Havza,HAVZA,18539,2026-09-27T13:54:00.000Z,Çok Bulutlu,15.5,15.5,86,101,10.8,,,,,0,0,0,0,0,0,,,13.88,2026-09-27T14:04:34+00:00
Samsun,Kavak,KAVAK,18540,2026-09-27T13:54:00.000Z,Çok Bulutlu,14.4,14.4,82,28,6.12,,,,,0,0.6,0,0.16,0.52,0.7,,,12.37,2026-09-27T14:04:34+00:00
Samsun,Ondokuzmayıs,ONDOKUZMAYIS,18541,2026-09-27T13:54:00.000Z,Çok Bulutlu,21,21,83,287,9.72,1015.2,1015.8,,,0,0.47,0,0,0.06,0.47,,,18.87,2026-09-27T14:04:34+00:00
Samsun,Salıpazarı,SALIPAZARI,18542,2026-09-27T13:54:00.000Z,HHY,17.7,17.7,85,204,4.32,,,,,0.26,0.7,0.49,0.49,0.7,0.7,,,15.91,2026-09-27T14:04:34+00:00
Samsun,Salıpazarı,SALIPAZARI/DÜZDAĞ YAYLAKÖY,18543,2026-09-27T13:54:00.000Z,HHY,12.7,12.7,97,16,1.08,,,,,0.66,6.44,1.11,3.66,5.55,8.44,,,12.33,2026-09-27T14:04:34+00:00
Samsun,Terme,TERME/KOZLUK BELDESİ,18544,2026-09-27T13:54:00.000Z,Çok Bulutlu,18.8,18.8,,157,5.04,,,,,0,0,0,0,0,0,,,,2026-09-27T14:04:34+00:00
Samsun,Yakakent,YAKAKENT/KARAABA KÖYÜ,18545,2026-09-27T13:54:00.000Z,Çok Bulutlu,15.6,15.6,79,192,2.52,,,,,0,0.24,0,0,0.24,0.24,,,13.19,2026-09-27T14:04:34+00:00
Samsun,Çarşamba,ÇARŞAMBA/EĞRİDERE KÖYÜ,18708,2026-09-27T13:54:00.000Z,HHY,13.4,13.4,100,,,,,,,0,7.71,0.38,3.3,6.5,7.71,,,,2026-09-27T14:04:34+00:00
Samsun,Havza,HAVZA/YEŞİLALAN KÖYÜ,18709,2026-09-27T13:54:00.000Z,HHY,11.2,11.2,,,,,,,,0.08,2.98,0.36,1.04,2.43,2.98,,,,2026-09-27T14:04:34+00:00
Samsun,Kavak,KAVAK/MAHMUTBEYLİ,18975,2026-09-27T13:53:00.000Z,Çok Bulutlu,14.5,14.5,97,,,,,,,0.1,2.1,0.2,0.3,1.5,2.1,,,14.13,2026-09-27T14:04:34+00:00
Samsun,Çarşamba,ÇARŞAMBA/ÇAKMAK BARAJI,19035,2026-09-27T13:54:00.000Z,Çok Bulutlu,17.7,17.7,89,,,,,,,0.12,1.08,0.12,0.12,1.03,1.08,,,16.39,2026-09-27T14:04:34+00:00
Samsun,Bafra,BAFRA ORMAN SAHASI,19036,2026-09-27T13:54:00.000Z,Çok Bulutlu,18.7,18.7,100,314,2.52,,,,,0,0,0,0,0,0,,,,2026-09-27T14:04:34+00:00
Samsun,Vezirköprü,VEZİRKÖPRÜ/GÖLKÖY ORMAN SAHASI,19038,2026-09-27T13:54:00.000Z,Çok Bulutlu,14.3,14.3,91,52,3.6,,,,,0,0.73,0,0.21,0.73,0.73,,,13.27,2026-09-27T14:04:34+00:00
Samsun,Bafra,BAFRA/KIZILIRMAK KUŞ CENNETİ,19225,2026-09-27T13:54:00.000Z,Çok Bulutlu,21.1,21.1,82,319,5.04,,,,,0,0,0,0,0,0,,,18.84,2026-09-27T14:04:34+00:00
Samsun,Yakakent,YAKAKENT,19226,2026-09-27T13:32:00.000Z,Çok Bulutlu,20.9,20.9,81,314,3.24,,,17783,,,0,0,0,0,0,,,18.52,2026-09-27T14:04:34+00:00
Samsun,İlkadım,İLKADIM,19339,2026-09-27T13:53:00.000Z,Çok Bulutlu,19.9,19.9,80,0,0,,,32020,,0,1.62,0,0,1.6,1.64,,,17.43,2026-09-27T14:04:34+00:00
Samsun,Terme,TERME,19340,2026-09-27T13:54:00.000Z,Hafif Yağmurlu,19.7,19.7,88,245,3.6,,,15090,,0,0,0,0,0,0,,,18.23,2026-09-27T14:04:34+00:00
Samsun,Canik,CANİK,19381,2026-09-27T13:53:00.000Z,Çok Bulutlu,20.6,20.6,78,288,1.8,1011.3,1014.3,35920,,0,2.43,0,0,2.33,2.43,,,17.85,2026-09-27T14:04:34+00:00
Siirt,Merkez,SİİRT,17210,2026-09-27T13:54:00.000Z,Az Bulutlu,32.3,32.3,19,222,13.68,909.8,1004.8,75000,,0,0,0,0,0,0,,,17.17,2026-09-27T14:04:34+00:00
Siirt,Baykan,BAYKAN,18169,2026-09-27T13:54:00.000Z,Açık,34.6,34.6,14,153,19.08,919.8,1004.1,,,0,0,0,0,0,0,,,16.98,2026-09-27T14:04:34+00:00
Siirt,Eruh,ERUH,18337,2026-09-27T13:54:00.000Z,Az Bulutlu,32.5,32.5,19,297,12.96,,,,,0,0,0,0,0,0,,,17.3,2026-09-27T14:04:34+00:00
Siirt,Kurtalan,KURTALAN,18338,2026-09-27T13:54:00.000Z,Açık,33.9,33.9,11,177,11.879999999999999,,,,,0,0,0,0,0,0,,,15.4,2026-09-27T14:04:34+00:00
Siirt,Pervari,PERVARİ,18339,2026-09-27T13:54:00.000Z,Parçalı Bulutlu,28.1,28.1,29,229,10.8,,,,,0,0,0,0,0,0,,,16.72,2026-09-27T14:04:34+00:00
Siirt,Şirvan,ŞİRVAN,18340,2026-09-27T13:54:00.000Z,Parçalı Bulutlu,32.2,32.2,22,144,18.36,,,,,0,0,0,0,0,0,,,17.97,2026-09-27T14:04:34+00:00
Siirt,Pervari,PERVARİ/OKÇULAR KÖYÜ,18786,2026-09-27T13:54:00.000Z,Az Bulutlu,27.2,27.2,23,,,,,,,0,0,0,0,0,0,,,14.72,2026-09-27T14:04:34+00:00
Siirt,Pervari,PERVARİ/SARIYAPRAK KÖYÜ,18787,2026-09-27T13:54:00.000Z,Az Bulutlu,24.5,24.5,33,,,,,,,0,0.05,0,0.05,0.05,0.05,,,14.77,2026-09-27T14:04:34+00:00
Siirt,Şirvan,ŞİRVAN/DOĞRUCA KÖYÜ,19102,2026-09-27T13:54:00.000Z,Parçalı Bulutlu,29.5,29.5,21,,,,,,,0,0,0,0,0,0,,,15.83,2026-09-27T14:04:34+00:00
Siirt,Tillo,TİLLO,19269,2026-09-27T13:54:00.000Z,Parçalı Bulutlu,31,31,26,164,10.44,,,,,0,0,0,0,0,0,,,18.17,2026-09-27T14:04:34+00:00
Sinop,Merkez,SİNOP,17026,2026-09-27T13:55:00.000Z,Çok Bulutlu,20.8,20.8,85,321,7.920000000000001,1012.2,1016,56910,,0,0,0,0,0,0,,21.4,18.93,2026-09-27T14:04:34+00:00
Sinop,Merkez,SİNOP HAVALİMANI,17028,2026-09-27T13:23:00.000Z,Çok Bulutlu,20.9,20.9,83,269,7.2,1015.3,1016.5,2100,,,0,0,0,0,0,,,18.77,2026-09-27T14:04:34+00:00
Sinop,Boyabat,BOYABAT,17620,2026-09-27T13:53:00.000Z,Çok Bulutlu,21.1,21.1,69,0,0,974.3,1014.7,48340,,0,0,0,0,0,0,,,17.18,2026-09-27T14:04:34+00:00
Sinop,Erfelek,ERFELEK,18136,2026-09-27T13:54:00.000Z,Çok Bulutlu,19.2,19.2,82,324,4.32,994.1,1016.4,,,0,0,0,0,0,0,,,17.01,2026-09-27T14:04:34+00:00
Sinop,Ayancık,AYANCIK/AKÖREN KÖYÜ,18546,2026-09-27T13:54:00.000Z,Çok Bulutlu,15.9,15.9,80,120,3.24,945.8,1018.5,,,0,0,0,0,0,0,,,13.59,2026-09-27T14:04:34+00:00
Sinop,Dikmen,DİKMEN,18547,2026-09-27T13:54:00.000Z,Çok Bulutlu,17.7,17.7,75,116,2.16,970.3,1015,,,0,0,0,0,0,0,,,14.73,2026-09-27T14:04:34+00:00
Sinop,Durağan,DURAĞAN,18548,2026-09-27T13:54:00.000Z,Çok Bulutlu,19.8,19.8,70,81,8.28,980.1,1013.6,,,0,0,0,0,0,0,,,16.09,2026-09-27T14:04:34+00:00
Sinop,Türkeli,TÜRKELİ,18551,2026-09-27T13:54:00.000Z,Çok Bulutlu,19.8,19.8,75,240,1.4400000000000002,1000.1,1015,,,0,0,0,0,0,0,,,16.72,2026-09-27T14:04:34+00:00
Sinop,Boyabat,BOYABAT DRANAZ TÜNELİ,18711,2026-09-27T13:54:00.000Z,Çok Bulutlu,14,14,,,,,,,,0,0,0,0,0,0,,,,2026-09-27T14:04:34+00:00
Sinop,Ayancık,AYANCIK,19039,2026-09-27T13:54:00.000Z,Çok Bulutlu,21.1,21.1,73,29,2.8800000000000003,,,,,0,0,0,0,0,0.05,,,17.69,2026-09-27T14:04:34+00:00
Sinop,Ayancık,AYANCIK/ÇANGAL,19040,2026-09-27T13:54:00.000Z,Çok Bulutlu,12.9,12.9,90,,,,,,,0,0,0,0,0,0,,,11.78,2026-09-27T14:04:34+00:00
Sinop,Durağan,DURAĞAN/TEKİR YAYLASI,19041,2026-09-27T13:54:00.000Z,Çok Bulutlu,13.1,13.1,90,,,,,,,0,0.05,0,0,0.05,0.05,,,11.97,2026-09-27T14:04:34+00:00
Sinop,Dikmen,DİKMEN/KÜÇÜKKIZIK KÖYÜ,19042,2026-09-27T13:54:00.000Z,Çok Bulutlu,12.8,12.8,86,,,,,,,0,0.74,0,0.6,0.74,0.74,,,11.25,2026-09-27T14:04:34+00:00
Sinop,Boyabat,BOYABAT/KAVACIK KÖYÜ,19043,2026-09-27T13:54:00.000Z,Çok Bulutlu,13.3,13.3,83,,,,,,,0,0,0,0,0,0,,,11.42,2026-09-27T14:04:34+00:00
Sinop,Merkez,SİNOP/SARIKUM KÖYÜ,19227,2026-09-27T13:54:00.000Z,Çok Bulutlu,20.5,20.5,84,,,,,,,0,0,0,0,0,0,,,18.51,2026-09-27T14:04:34+00:00
Sinop,Ayancık,AYANCIK/ZİNDAN KÖYÜ,19228,2026-09-27T13:54:00.000Z,Çok Bulutlu,16.8,16.8,75,,,,,,,0,0,0,0,0,0,,,13.88,2026-09-27T14:04:34+00:00
Sinop,Merkez,SİNOP/SAZLI KÖYÜ,19229,2026-09-27T13:54:00.000Z,Çok Bulutlu,12.7,12.7,70,,,,,,,0,0,0,0,0,0,,,9.48,2026-09-27T14:04:34+00:00
Sivas,Merkez,SİVAS,17090,2026-09-27T13:44:00.000Z,Çok Bulutlu,19.7,19.7,61,331,2.8800000000000003,869.7,1009.1,71210,,0,0.2,0,0.2,0.2,0.2,,,14.87,2026-09-27T14:04:34+00:00
Sivas,Merkez,SİVAS NURİ DEMİRAĞ HAVALİMANI,17091,2026-09-27T13:40:00.000Z,Gökgürültülü Sağanak Yağışlı,16,16,81,5,16.92,838.9,1017.4,10000,6,0,0.8,0,0.8,0.8,0.8,,,13.8,2026-09-27T14:04:34+00:00
Sivas,Gemerek,GEMEREK,17162,2026-09-27T13:53:00.000Z,Çok Bulutlu,22.1,22.1,61,230,1.8,881.2,,41510,,0,0,0,0,0,0,,,17.03,2026-09-27T14:04:34+00:00
Sivas,Suşehri,SUŞEHRİ,17684,2026-09-27T13:54:00.000Z,Çok Bulutlu,18,18,81,117,23.400000000000002,882.7,1010,70340,,0,0.2,0,0.2,0.2,0.2,,,15.73,2026-09-27T14:04:34+00:00
Sivas,Ulaş,ULAŞ TİGEM,17710,2026-09-27T13:54:00.000Z,HHY,17.6,17.6,75,0,0,858.5,1008.2,,,0.1,0.7,0.7,0.7,0.7,0.7,,,14.64,2026-09-27T14:04:34+00:00
Sivas,Zara,ZARA,17716,2026-09-27T13:53:00.000Z,Hafif Yağmurlu,23.5,23.5,37,116,16.92,863,1005.5,67060,,0,0,0,0,0,0,,,14.67,2026-09-27T14:04:34+00:00
Sivas,Divriği,DİVRİĞİ,17734,2026-09-27T13:54:00.000Z,Parçalı Bulutlu,27.7,27.7,27,173,14.4,885.1,1005.5,47690,,0,0,0,0,0,0,,,15.99,2026-09-27T14:04:34+00:00
Sivas,Kangal,KANGAL,17762,2026-09-27T13:38:00.000Z,Parçalı Bulutlu,25.2,25.2,29,199,7.2,846.2,1007.5,52000,,,0,0,0,0,0,,,14.55,2026-09-27T14:04:34+00:00
Sivas,Gürün,GÜRÜN,17841,2026-09-27T13:54:00.000Z,Parçalı Bulutlu,25.7,26,42,181,21.6,856.7,1003.4,,,0,0,0,0,0,0,,,17.29,2026-09-27T14:04:34+00:00
Sivas,Şarkışla,ŞARKIŞLA,18139,2026-09-27T13:54:00.000Z,HHY,15.1,15.1,81,359,6.48,874.1,1011.2,,,0.2,6.4,1.1,6.4,6.4,6.4,,,12.94,2026-09-27T14:04:34+00:00
Sivas,Yıldızeli,YILDIZELİ,18140,2026-09-27T13:54:00.000Z,Çok Bulutlu,17.1,17.1,81,263,11.879999999999999,861,1010.5,,,0,1.4,0.2,1.4,1.4,1.4,,,14.86,2026-09-27T14:04:34+00:00
Sivas,Akıncılar,AKINCILAR,18465,2026-09-27T13:54:00.000Z,Çok Bulutlu,21.1,21.1,62,302,19.8,,,,,0,0,0,0,0,0,,,16.26,2026-09-27T14:04:34+00:00
Sivas,Altınyayla,SİVAS/ALTINYAYLA,18466,2026-09-27T13:54:00.000Z,Parçalı Bulutlu,18.4,18.4,73,287,4.680000000000001,,,,,0,2.06,0,2.06,2.06,2.06,,,15.15,2026-09-27T14:04:34+00:00
Sivas,Doğanşar,DOĞANŞAR,18467,2026-09-27T13:54:00.000Z,Çok Bulutlu,14.8,14.8,97,0,16.92,,,,,0,0.29,0,0.29,0.29,0.29,,,14.43,2026-09-27T14:04:34+00:00
Sivas,Gölova,GÖLOVA,18468,2026-09-27T13:54:00.000Z,Çok Bulutlu,19.9,19.9,57,296,12.96,,,,,0,0,0,0,0,0,,,14.53,2026-09-27T14:04:34+00:00
Sivas,Hafik,HAFİK,18469,2026-09-27T13:54:00.000Z,Çok Bulutlu,19.7,19.7,59,358,23.759999999999998,,,,,0,0,0,0,0,0,,,14.61,2026-09-27T14:04:34+00:00
Sivas,İmranlı,İMRANLI,18470,2026-09-27T13:54:00.000Z,HHY,16.9,16.9,63,344,10.08,,,,,1.11,1.11,1.11,1.11,1.11,1.11,,,12.58,2026-09-27T14:04:34+00:00
Sivas,Koyulhisar,KOYULHİSAR,18471,2026-09-27T13:54:00.000Z,Parçalı Bulutlu,18,18,77,273,17.28,,,,,0,0.6,0,0.6,0.6,0.6,,,15.25,2026-09-27T14:04:34+00:00
Sivas,Kangal,KANGAL/YENİKÖY KÖYÜ,18667,2026-09-27T13:54:00.000Z,Parçalı Bulutlu,24.4,24.4,37,,,,,,,0,0,0,0,0,0,,,15.39,2026-09-27T14:04:34+00:00
Sivas,İmranlı,İMRANLI/YONCABAYIRI KÖYÜ,18668,2026-09-27T13:54:00.000Z,Parçalı Bulutlu,21.3,21.3,48,,,,,,,0,0,0,0,0,0,,,14.54,2026-09-27T14:04:34+00:00
Sivas,Divriği,DİVRİĞİ/ÇAKMAKDÜZÜ KÖYÜ,18670,2026-09-27T13:54:00.000Z,Çok Bulutlu,23,23,39,,,,,,,0,0,0,0,0,0,,,14.6,2026-09-27T14:04:34+00:00
Sivas,Merkez,SİVAS/HANLI KÖYÜ,18671,2026-09-27T13:54:00.000Z,Çok Bulutlu,17.2,17.2,86,,,,,,,0,0.42,0,0.42,0.42,0.42,,,15.54,2026-09-27T14:04:34+00:00
Sivas,Yıldızeli,YILDIZELİ/ALACA KÖYÜ,18673,2026-09-27T13:54:00.000Z,Çok Bulutlu,15.5,15.5,88,,,,,,,0,0.37,0,0.37,0.37,0.37,,,14.11,2026-09-27T14:04:34+00:00
Sivas,Zara,ZARA/SÖĞÜTLÜ KÖYÜ,18674,2026-09-27T13:54:00.000Z,Çok Bulutlu,12.8,12.8,100,,,,,,,0,0,0,0,0,0,,,,2026-09-27T14:04:34+00:00
Sivas,İmranlı,İMRANLI/KUZKÖY KÖYÜ,18675,2026-09-27T13:54:00.000Z,Çok Bulutlu,19.6,19.6,74,,,,,,,0,0.08,0.08,0.08,0.08,0.08,,,16.4,2026-09-27T14:04:34+00:00
Sivas,Yıldızeli,YILDIZELİ/DİREKLİ KÖYÜ,18676,2026-09-27T13:54:00.000Z,HHY,16.5,16.5,90,,,,,,,3.07,3.69,3.07,3.69,3.69,3.69,,,15.32,2026-09-27T14:04:34+00:00
Sivas,Yıldızeli,YILDIZELİ/YUKARIEKECİK KÖYÜ,18677,2026-09-27T13:54:00.000Z,HHY,16.1,16.1,100,,,,,,,6.1,14.45,14.19,14.45,14.45,14.45,,,,2026-09-27T14:04:34+00:00
Sivas,Yıldızeli,YILDIZELİ/ÇUBUK KÖYÜ,18880,2026-09-27T13:54:00.000Z,HHY,15.8,15.8,100,,,,,,,0.27,2.88,0.61,2.88,2.88,2.88,,,,2026-09-27T14:04:34+00:00
Sivas,Hafik,HAFİK/DERİNCE KÖYÜ,18881,2026-09-27T13:54:00.000Z,Çok Bulutlu,23.6,23.6,39,,,,,,,0,0,0,0,0,0,,,15.08,2026-09-27T14:04:34+00:00
Sivas,Suşehri,SUŞEHRİ/GEMİNBELİ GEÇİDİ,18882,2026-09-27T13:54:00.000Z,Çok Bulutlu,16.7,16.7,66,,,,,,,0,2.06,0,2.06,2.06,2.06,,,12.74,2026-09-27T14:04:34+00:00
Sivas,Gemerek,GEMEREK/SIZIR BELDESİ,19192,2026-09-27T13:54:00.000Z,Parçalı Bulutlu,,,,,,,,,,0,0,0,0,0,0,,,,2026-09-27T14:04:34+00:00
Sivas,Ulaş,ULAŞ/YAĞDONDURAN GEÇİDİ,19193,2026-09-27T13:54:00.000Z,Çok Bulutlu,19.5,19.5,66,,,,,,,0,0.93,0,0.81,0.93,0.93,,,15.32,2026-09-27T14:04:34+00:00
Sivas,Gürün,GÜRÜN/GÖBEKÖREN KÖYÜ,19194,2026-09-27T13:54:00.000Z,Parçalı Bulutlu,21.6,21.6,48,,,,,,,0,0,0,0,0,0,,,14.79,2026-09-27T14:04:34+00:00
Sivas,Suşehri,SUŞEHRİ TARIM,19906,2026-09-27T13:53:00.000Z,Çok Bulutlu,18.1,18.1,73,319,24.840000000000003,,,,,0,0,0,0,0,0,,,14.87,2026-09-27T14:04:34+00:00
Tekirdağ,Çorlu,TEKİRDAĞ ÇORLU HAVALİMANI,17051,2026-09-27T13:40:00.000Z,Çok Bulutlu,18.4,18.4,80,24,37.080000000000005,999.7,1018.2,10000,7,0,0.4,0,0.4,0.4,0.4,,,15.99,2026-09-27T14:04:34+00:00
Tekirdağ,Çorlu,ÇORLU,17054,2026-09-27T13:56:00.000Z,Çok Bulutlu,18,18,86,33,20.52,1000.2,1017.2,,,0,0,0,0,0,0,,,16.32,2026-09-27T14:04:34+00:00
Tekirdağ,Süleymanpaşa,TEKİRDAĞ,17056,2026-09-27T13:54:00.000Z,Çok Bulutlu,18.9,18.9,80,343,21.96,1017.8,1018.3,20000,6,0,0.08,0,0.08,0.08,0.08,,21.5,16.47,2026-09-27T14:04:34+00:00
Tekirdağ,Malkara,MALKARA,17634,2026-09-27T13:54:00.000Z,Çok Bulutlu,18.6,18.6,62,20,23.400000000000002,995.9,1020.3,72080,,0,0,0,0,0,0,,,14.0,2026-09-27T14:04:34+00:00
Tekirdağ,Çerkezköy,ÇERKEZKÖY,17640,2026-09-27T13:54:00.000Z,Çok Bulutlu,17.9,17.9,83,34,14.4,1001.4,1020.2,21300,,0,0.6,0.2,0.6,0.6,0.6,,,15.87,2026-09-27T14:04:34+00:00
Tekirdağ,Şarköy,ŞARKÖY,18107,2026-09-27T13:54:00.000Z,Çok Bulutlu,19.8,19.8,73,14,22.68,1017.6,1018.8,,,0,0.2,0.2,0.2,0.2,0.2,,,16.47,2026-09-27T14:04:34+00:00
Tekirdağ,Hayrabolu,HAYRABOLU,18108,2026-09-27T13:54:00.000Z,Çok Bulutlu,18.6,18.6,67,356,25.56,1005.9,,,,0,0,0,0,0,0,,,14.61,2026-09-27T14:04:34+00:00
Tekirdağ,Muratlı,MURATLI,18422,2026-09-27T13:54:00.000Z,HHY,16.8,16.8,92,35,19.44,,,,,0,0.51,0.36,0.51,0.51,0.51,,,15.85,2026-09-27T14:04:34+00:00
Tekirdağ,Saray,TEKİRDAĞ/SARAY,18423,2026-09-27T13:54:00.000Z,HHY,17,17,79,6,34.92,,,,,1.52,5.57,1.86,5.27,5.57,21.37,,,14.53,2026-09-27T14:04:34+00:00
Tekirdağ,Süleymanpaşa,SÜLEYMANPAŞA/BANARLI MAHALLESİ,18804,2026-09-27T13:54:00.000Z,HHY,16.6,16.6,86,,,,,,,0.48,1.25,0.48,1.25,1.25,1.25,,,14.96,2026-09-27T14:04:34+00:00
Tekirdağ,Malkara,MALKARA/DOĞANKÖY,18805,2026-09-27T13:53:00.000Z,Çok Bulutlu,19.7,19.7,53,,,,,,,0,0,0,0,0,0,,,13.84,2026-09-27T14:04:34+00:00
Tekirdağ,Şarköy,ŞARKÖY/GANOS DAĞI,18806,2026-09-27T13:31:00.000Z,HHY,12.5,12.5,100,,,,,,,,1.18,1,1.18,1.18,1.18,,,,2026-09-27T14:04:34+00:00
Tekirdağ,Ergene,ERGENE/VAKIFLAR BELDESİ,19121,2026-09-27T13:54:00.000Z,HHY,16.9,16.9,96,,,,,,,0,2.9,2.2,2.9,2.9,2.9,,,16.42,2026-09-27T14:04:34+00:00
Tekirdağ,Kapaklı,KAPAKLI,19122,2026-09-27T13:54:00.000Z,Çok Bulutlu,17.2,17.2,89,27,26.28,,,,,0,2.7,0,2.69,2.7,3.03,,,15.89,2026-09-27T14:04:34+00:00
Tokat,Merkez,TOKAT,17086,2026-09-27T13:59:00.000Z,Çok Bulutlu,18.5,18.5,86,111,15.48,942.1,1011,20000,7,0,3.3,0,3.3,3.3,3.3,,,16.81,2026-09-27T14:04:34+00:00
Tokat,Merkez,TOKAT HAVALİMANI,17087,2026-09-27T13:40:00.000Z,Çok Bulutlu,20.1,20.1,74,39,18,948.1,1013.8,10000,7,,1.4,0,1.4,1.4,1.4,,,16.88,2026-09-27T14:04:34+00:00
Tokat,Zile,ZİLE,17681,2026-09-27T13:59:00.000Z,Çok Bulutlu,19.2,19.2,72,133,5.4,931.2,1012,,,0,0,0,0,0,0,,,15.78,2026-09-27T14:04:34+00:00
Tokat,Turhal,TURHAL,17683,2026-09-27T13:59:00.000Z,Çok Bulutlu,19.7,19.7,71,28,10.08,951.9,1011.7,,,0,0.6,0,0.6,0.6,0.6,,,16.13,2026-09-27T14:04:34+00:00
Tokat,Başçiftlik,BAŞÇİFTLİK,17717,2026-09-27T13:59:00.000Z,Hafif Yağmurlu,12.4,12.4,94,62,14.76,854.3,1007,26710,,0,0.54,0.54,0.54,0.54,0.54,,,11.71,2026-09-27T14:04:34+00:00
Tokat,Niksar,NİKSAR,18141,2026-09-27T13:59:00.000Z,Çok Bulutlu,18.7,18.7,81,22,2.52,974.2,1012.5,,,0,0,0,0,0,0,,,16.4,2026-09-27T14:04:34+00:00
Tokat,Erbaa,ERBAA,18142,2026-09-27T13:59:00.000Z,Çok Bulutlu,19.1,19.1,87,315,2.8800000000000003,990.8,1013.7,,,0,1.7,0,1.7,1.7,1.7,,,17.52,2026-09-27T14:04:34+00:00
Tokat,Artova,ARTOVA,18143,2026-09-27T13:58:00.000Z,Çok Bulutlu,16.3,16.3,85,129,6.12,883.8,1013.5,,,0,0.7,0,0.7,0.7,0.7,,,14.55,2026-09-27T14:04:34+00:00
Tokat,Sulusaray,SULUSARAY,18144,2026-09-27T13:59:00.000Z,HHY,17.7,17.7,91,116,9,898.4,1011.5,,,0.4,0.7,0.4,0.7,0.7,0.7,,,16.62,2026-09-27T14:04:34+00:00
Tokat,Almus,ALMUS,18145,2026-09-27T13:58:00.000Z,HHY,16.3,16.3,74,272,2.16,922,1013.5,,,0,1.5,0.4,1.5,1.5,1.5,,,13.29,2026-09-27T14:04:34+00:00
Tokat,Reşadiye,REŞADİYE,18146,2026-09-27T13:59:00.000Z,HHY,17.3,17.3,84,5,5.4,949.5,1012.3,,,0.2,2,2,2,2,2,,,15.41,2026-09-27T14:04:34+00:00
Tokat,Merkez,TOKAT/TOPRAK VE SU ARŞ. (TAGEM),18147,2026-09-27T13:59:00.000Z,Çok Bulutlu,19.6,19.6,73,68,3.6,951.5,1017.3,,,0,1,0,1,1,1,,,16.28,2026-09-27T14:04:34+00:00
Tokat,Pazar,TOKAT/PAZAR,18552,2026-09-27T13:59:00.000Z,Çok Bulutlu,19.7,19.7,71,276,4.680000000000001,,,,,0,1.89,0,1.89,1.89,1.89,,,16.13,2026-09-27T14:04:34+00:00
Tokat,Yeşilyurt,YEŞİLYURT,18553,2026-09-27T13:59:00.000Z,Çok Bulutlu,16.7,16.7,82,154,11.520000000000001,,,,,0,0.59,0,0.59,0.59,0.59,,,14.59,2026-09-27T14:04:34+00:00
Tokat,Merkez,TOKAT/AVLUNLAR BELDESİ,18712,2026-09-27T13:59:00.000Z,Çok Bulutlu,13.7,13.7,97,,,,,,,0,1.38,0,1.38,1.38,1.38,,,13.33,2026-09-27T14:04:34+00:00
Tokat,Reşadiye,REŞADİYE/KIZILCAÖREN BELDESİ,18713,2026-09-27T13:59:00.000Z,HHY,12.8,12.8,,,,,,,,0,0.85,0.85,0.85,0.85,0.85,,,,2026-09-27T14:04:34+00:00
Tokat,Reşadiye,REŞADİYE/YOLÜSTÜ KÖYÜ,18940,2026-09-27T13:59:00.000Z,HHY,15.1,15.1,93,180,1.4400000000000002,,,,,0.39,1.92,1.92,1.92,1.92,1.92,,,14.28,2026-09-27T14:04:34+00:00
Tokat,Merkez,TOKAT/KEMALPAŞA KÖYÜ,18944,2026-09-27T13:59:00.000Z,Çok Bulutlu,18,18,87,,,,,,,0,1.62,0,1.62,1.62,1.62,,,16.44,2026-09-27T14:04:34+00:00
Tokat,Niksar,NİKSAR/ÇAMİÇİ YAYLASI,19045,2026-09-27T13:59:00.000Z,HHY,13.5,13.5,93,,,,,,,0,0.87,0.87,0.87,0.87,0.87,,,12.69,2026-09-27T14:04:34+00:00
Tokat,Merkez,TOKAT/ÇAMLIBEL BELDESİ,19230,2026-09-27T13:59:00.000Z,Çok Bulutlu,16.9,16.9,86,,,,,,,0,4.37,0,4.37,4.37,4.37,,,15.25,2026-09-27T14:04:34+00:00
Tokat,Erbaa,ERBAA/GÖKAL,19231,2026-09-27T13:59:00.000Z,Çok Bulutlu,10.6,10.6,97,,,,,,,0,0.74,0.01,0.74,0.74,0.74,,,10.23,2026-09-27T14:04:34+00:00
Trabzon,Ortahisar,TRABZON BÖLGE,17037,2026-09-27T13:56:00.000Z,Çok Bulutlu,21.3,21.3,80,270,6.12,1011.1,1014,,,0,0,0,0,0,0,,,18.78,2026-09-27T14:04:34+00:00
Trabzon,Ortahisar,TRABZON HAVALİMANI,17038,2026-09-27T13:21:00.000Z,Çok Bulutlu,21.4,21.4,77,315,14.04,1011,1014.9,10000,7,,0,0,0,0,0,,22.6,18.49,2026-09-27T14:04:34+00:00
Trabzon,Çaykara,ÇAYKARA/UZUNGÖL,17569,2026-09-27T13:59:00.000Z,Çok Bulutlu,14.8,14.8,93,271,2.52,890.3,1014.3,,,0,1.2,0.2,0.6,1,1.8,,,13.98,2026-09-27T14:04:34+00:00
Trabzon,Akçaabat,AKÇAABAT,17626,2026-09-27T13:59:00.000Z,Çok Bulutlu,20.8,20.8,87,256,2.52,1013.9,1014.3,,,0,0,0,0,0,0,,,19.18,2026-09-27T14:04:34+00:00
Trabzon,Maçka,MAÇKA/ALTINDERE SÜMELA,17714,2026-09-27T13:59:00.000Z,Çok Bulutlu,15,15,100,123,1.4400000000000002,900.7,1015.7,,,0,0,0,0,0,0,,,,2026-09-27T14:04:34+00:00
Trabzon,Of,OF/FİDANLIK,17775,2026-09-27T13:59:00.000Z,Çok Bulutlu,21.4,21.4,89,183,6.48,1013.4,1014.1,,,0,0,0,0,0,0,,,20.02,2026-09-27T14:04:34+00:00
Trabzon,Düzköy,DÜZKÖY,18229,2026-09-27T13:59:00.000Z,Çok Bulutlu,16.3,16.3,95,3,6.48,944.1,1014.9,,,0,0,0,0,0,0.8,,,15.7,2026-09-27T14:04:34+00:00
Trabzon,Tonya,TONYA/KALINÇAM,18230,2026-09-27T13:58:00.000Z,Çok Bulutlu,14.4,14.4,83,23,4.680000000000001,891.9,,,,0,0,0,0,0,0,,,12.48,2026-09-27T14:04:34+00:00
Trabzon,Beşikdüzü,BEŞİKDÜZÜ,18231,2026-09-27T13:59:00.000Z,Çok Bulutlu,17.4,17.4,66,224,3.24,972.1,1015.4,,,0,1.9,0,1.9,1.9,1.9,,,13.39,2026-09-27T14:04:34+00:00
Trabzon,Hayrat,HAYRAT/PAZARÖNÜ,18232,2026-09-27T13:59:00.000Z,HHY,17.9,17.9,93,213,1.4400000000000002,968.3,1013.6,,,0,0.3,0.3,0.3,0.3,0.3,,,17.06,2026-09-27T14:04:34+00:00
Trabzon,Arsin,ARSİN,18233,2026-09-27T13:58:00.000Z,Çok Bulutlu,19.7,19.7,100,264,6.12,990.4,1009.9,,,0,0,0,0,0,0,,,,2026-09-27T14:04:34+00:00
Trabzon,Dernekpazarı,DERNEKPAZARI,18570,2026-09-27T13:59:00.000Z,Çok Bulutlu,15.7,15.7,97,16,9,,,,,0.19,2.46,0.19,0.7,2.46,2.46,,,15.33,2026-09-27T14:04:34+00:00
Trabzon,Köprübaşı,KÖPRÜBAŞI/BEŞKÖY,18571,2026-09-27T13:59:00.000Z,HHY,14.7,14.7,90,54,4.680000000000001,,,,,0.31,0.71,0.71,0.71,0.71,0.88,,,13.55,2026-09-27T14:04:34+00:00
Trabzon,Maçka,MAÇKA/ÖRNEKALAN KÖYÜ,18572,2026-09-27T13:59:00.000Z,Çok Bulutlu,15,15,98,123,3.24,,,,,0.1,0.18,0.18,0.18,0.18,0.18,,,14.75,2026-09-27T14:04:34+00:00
Trabzon,Çarşıbaşı,ÇARŞIBAŞI/YOROZ,18573,2026-09-27T13:58:00.000Z,Çok Bulutlu,17.7,17.7,92,259,1.4400000000000002,,,,,0,0,0,0,0,0,,,16.74,2026-09-27T14:04:34+00:00
Trabzon,Sürmene,SÜRMENE/DENİZ BİLİMLERİ FAKÜLTESİ,18574,2026-09-27T13:59:00.000Z,Çok Bulutlu,20.8,20.8,78,158,5.4,,,,,0,0,0,0,0,0,,,18.04,2026-09-27T14:04:34+00:00
Trabzon,Şalpazarı,ŞALPAZARI/SÜTPINAR KÖYÜ,18936,2026-09-27T13:59:00.000Z,Çok Bulutlu,16.5,16.5,91,128,1.8,,,,,0,0.11,0,0.11,0.11,0.43,,,15.44,2026-09-27T14:04:34+00:00
Trabzon,Araklı,ARAKLI/TURNALI KÖYÜ,19060,2026-09-27T13:59:00.000Z,HHY,14.5,14.5,99,,,,,,,0.12,0.34,0.34,0.34,0.34,1.75,,,14.36,2026-09-27T14:04:34+00:00
Trabzon,Yomra,YOMRA/ÖZDİL BELDESİ,19061,2026-09-27T13:59:00.000Z,HHY,13.6,13.6,100,,,,,,,0.09,1.07,0.36,1.07,1.07,1.65,,,,2026-09-27T14:04:34+00:00
Trabzon,Çaykara,ÇAYKARA/LUSTRA YAYLASI,19062,2026-09-27T13:59:00.000Z,Çok Bulutlu,11.8,11.8,100,,,,,,,0,0,0,0,0,0,,,,2026-09-27T14:04:34+00:00
Trabzon,Araklı,ARAKLI/KAYAİÇİ YAYLASI,19063,2026-09-27T13:59:00.000Z,Çok Bulutlu,13.7,13.7,91,,,,,,,0.13,0.13,0.13,0.13,0.13,0.13,,,12.67,2026-09-27T14:04:34+00:00
Trabzon,Çaykara,ÇAYKARA/DEMİRKAPI KÖYÜ,19064,2026-09-27T13:59:00.000Z,Çok Bulutlu,12.7,12.7,91,,,,,,,0,0,0,0,0,0,,,11.69,2026-09-27T14:04:34+00:00
Trabzon,Çaykara,ÇAYKARA,19246,2026-09-27T13:59:00.000Z,Çok Bulutlu,18.5,18.5,86,35,4.680000000000001,,,,,0,0.07,0,0.01,0.07,0.08,,,16.81,2026-09-27T14:04:34+00:00
Trabzon,Şalpazarı,ŞALPAZARI,19247,2026-09-27T13:59:00.000Z,Çok Bulutlu,17.3,17.3,100,45,3.6,,,,,0,0,0,0,0,0.1,,,,2026-09-27T14:04:34+00:00
Trabzon,Tonya,TONYA,19350,2026-09-27T13:59:00.000Z,Çok Bulutlu,16.1,16.1,100,270,2.16,,,,,0,0,0,0,0,0,,,,2026-09-27T14:04:34+00:00
Trabzon,Ortahisar,ORTAHİSAR,19366,2026-09-27T13:59:00.000Z,Çok Bulutlu,21.8,21.8,97,219,4.32,,,,,0,0,0,0,0,0,,,21.44,2026-09-27T14:04:34+00:00
Tunceli,Merkez,TUNCELİ,17165,2026-09-27T13:59:00.000Z,Çok Bulutlu,30.3,30.3,23,261,2.16,898.9,1003.6,20000,5,0,0,0,0,0,0,,,16.91,2026-09-27T14:04:34+00:00
Tunceli,Mazgirt,MAZGİRT,17736,2026-09-27T13:59:00.000Z,Parçalı Bulutlu,26.5,26.5,23,148,1.4400000000000002,858.6,1005.4,,,0,0,0,0,0,0,,,14.23,2026-09-27T14:04:34+00:00
Tunceli,Çemişgezek,ÇEMİŞGEZEK,17768,2026-09-27T13:59:00.000Z,Çok Bulutlu,30.6,30.6,24,209,11.16,906.2,1002.7,,,0,0,0,0,0,0,,,17.38,2026-09-27T14:04:34+00:00
Tunceli,Ovacık,TUNCELİ/OVACIK,18179,2026-09-27T13:59:00.000Z,Çok Bulutlu,26.6,26.6,39,206,6.12,,,,,0,0.34,0,0,0.15,0.41,,,17.51,2026-09-27T14:04:34+00:00
Tunceli,Hozat,HOZAT,18354,2026-09-27T13:59:00.000Z,Parçalı Bulutlu,26,26,30,186,9,,,,,0,0.32,0,0,0.22,0.68,,,15.35,2026-09-27T14:04:34+00:00
Tunceli,Nazımiye,NAZIMİYE,18355,2026-09-27T13:59:00.000Z,Çok Bulutlu,25.2,25.2,27,185,12.96,,,,,0,0,0,0,0,0,,,14.15,2026-09-27T14:04:34+00:00
Tunceli,Pülümür,PÜLÜMÜR,18586,2026-09-27T13:59:00.000Z,Parçalı Bulutlu,25.4,25.4,33,241,9.360000000000001,841,1005.2,,,0,0,0,0,0,0,,,15.46,2026-09-27T14:04:34+00:00
Tunceli,Pertek,PERTEK/AŞAĞIGÜLBAHÇE KÖYÜ,18769,2026-09-27T13:59:00.000Z,Parçalı Bulutlu,29.7,29.7,26,,,,,,,0,0,0,0,0,0,,,17.22,2026-09-27T14:04:34+00:00
Tunceli,Pertek,PERTEK/ELMAKAŞI KÖYÜ,19090,2026-09-27T13:59:00.000Z,Parçalı Bulutlu,26.5,26.5,26,,,,,,,0,0,0,0,0,0,,,14.89,2026-09-27T14:04:34+00:00
Tunceli,Pertek,PERTEK/KOÇPINAR KÖYÜ,19265,2026-09-27T13:59:00.000Z,Parçalı Bulutlu,29.7,29.7,32,,,,,,,0,0,0,0,0,0,,,18.58,2026-09-27T14:04:34+00:00
Şanlıurfa,Haliliye,ŞANLIURFA,17270,2026-09-27T13:59:00.000Z,Parçalı Bulutlu,32.5,32.5,29,217,12.6,945.9,1005.4,41220,,0,0,0,0,0,0,,,20.01,2026-09-27T14:04:34+00:00
Şanlıurfa,Karaköprü,ŞANLIURFA GAP HAVALİMANI,17271,2026-09-27T13:50:00.000Z,Parçalı Bulutlu,30.9,30.9,26,190,25.928,917.3,1012.2,10000,3,,,,,,,,,18.1,2026-09-27T14:04:34+00:00
Şanlıurfa,Siverek,SİVEREK,17912,2026-09-27T13:59:00.000Z,Az Bulutlu,31.4,31.4,27,324,5.04,919.3,1004.8,,,0,0,0,0,0,0,,,18.71,2026-09-27T14:04:34+00:00
Şanlıurfa,Hilvan,HİLVAN,17914,2026-09-27T13:59:00.000Z,Parçalı Bulutlu,32.8,32.8,24,324,10.08,941.3,1005.5,,,0,0,0,0,0,0,,,18.94,2026-09-27T14:04:34+00:00
Şanlıurfa,Bozova,BOZOVA,17944,2026-09-27T13:59:00.000Z,Açık,32,32,30,232,16.56,938.3,1006,,,0,0,0,0,0,0,,,19.88,2026-09-27T14:04:34+00:00
Şanlıurfa,Viranşehir,VİRANŞEHİR,17946,2026-09-27T13:59:00.000Z,Açık,32.6,32.6,28,227,14.76,946.9,1007.1,,,0,0,0,0,0,0,,,19.84,2026-09-27T14:04:34+00:00
Şanlıurfa,Birecik,BİRECİK,17966,2026-09-27T13:59:00.000Z,Açık,31.3,31.3,38,194,14.76,968.7,1007.3,,,0,0,0,0,0,0,,,21.1,2026-09-27T14:04:34+00:00
Şanlıurfa,Ceylanpınar,CEYLANPINAR TİGEM,17968,2026-09-27T13:58:00.000Z,Açık,35,35,22,229,6.84,965.2,1004.8,,,0,0,0,0,0,0,,,19.92,2026-09-27T14:04:34+00:00
Şanlıurfa,Akçakale,AKÇAKALE,17980,2026-09-27T13:59:00.000Z,Açık,34,34,29,200,11.520000000000001,966.3,1006.5,,,0,0,0,0,0,0,,,21.14,2026-09-27T14:04:34+00:00
Şanlıurfa,Halfeti,HALFETİ,18170,2026-09-27T13:59:00.000Z,Açık,29.7,29.7,39,195,6.12,933.7,1005.4,,,0,0,0,0,0,0,,,20.01,2026-09-27T14:04:34+00:00
Şanlıurfa,Suruç,SURUÇ,18171,2026-09-27T13:58:00.000Z,Açık,31.3,31.3,39,206,7.920000000000001,948.2,,,,0,0,0,0,0,0,,,21.3,2026-09-27T14:04:34+00:00
Şanlıurfa,Akçakale,AKÇAKALE/KORUKLU GAP TOPRAK SU (TAGEM),18172,2026-09-27T13:59:00.000Z,Açık,32.5,34.7,45,205,3.9600000000000004,964,1006.6,,,0,0,0,0,0,0,,,23.49,2026-09-27T14:04:34+00:00
Şanlıurfa,Haliliye,HALİLİYE/ÜNİVERSİTE OSMANBEY KAMPÜSÜ,18173,2026-09-27T13:59:00.000Z,Parçalı Bulutlu,30.3,31.3,46,213,11.520000000000001,951.6,1005.4,,,0,0,0,0,0,0,,,21.83,2026-09-27T14:04:34+00:00
Şanlıurfa,Siverek,SİVEREK/YENİCELİ KÖYÜ,18788,2026-09-27T13:59:00.000Z,Açık,29.2,29.2,32,,,,,,,0,0,0,0,0,0,,,18.19,2026-09-27T14:04:34+00:00
Şanlıurfa,Siverek,SİVEREK/KARACADAĞ RADAR SAHASI,18922,2026-09-27T13:59:00.000Z,Açık,21.5,21.5,40,215,39.24,,,,,0,0,0,0,0,0,,,13.54,2026-09-27T14:04:34+00:00
Şanlıurfa,Harran,HARRAN/YENİCE KÖYÜ,19103,2026-09-27T13:59:00.000Z,Parçalı Bulutlu,33.2,33.2,31,,,,,,,0,0,0,0,0,0,,,21.03,2026-09-27T14:04:34+00:00
Şanlıurfa,Siverek,SİVEREK/ALANYURT KÖYÜ,19104,2026-09-27T13:59:00.000Z,Açık,30.9,30.9,30,,,,,,,0,0,0,0,0,0,,,19.05,2026-09-27T14:04:34+00:00
Şanlıurfa,Harran,HARRAN,19270,2026-09-27T13:59:00.000Z,Açık,32.6,34.2,42,227,11.520000000000001,,,,,0,0,0,0,0,0,,,22.97,2026-09-27T14:04:34+00:00
Uşak,Merkez,UŞAK HAVALİMANI,17185,2026-09-27T13:40:00.000Z,HHY,13.8,13.8,88,38,14.4,914.2,1015,2100,,,1,1,1,1,1,,,12.44,2026-09-27T14:04:34+00:00
Uşak,Merkez,UŞAK,17188,2026-09-27T13:59:00.000Z,Hafif Yağmurlu,13.7,13.7,90,275,3.9600000000000004,909.2,1010.8,,,0.44,1.72,1.62,1.72,1.72,1.72,,,12.56,2026-09-27T14:04:34+00:00
Uşak,Eşme,EŞME,17827,2026-09-27T13:59:00.000Z,Çok Bulutlu,15.9,15.9,85,7,10.08,920.4,1010.6,,,0,0.78,0.08,0.78,0.78,0.78,,,14.16,2026-09-27T14:04:34+00:00
Uşak,Banaz,BANAZ,18069,2026-09-27T13:59:00.000Z,HHY,13.2,13.2,97,224,2.52,902.7,1012.3,,,0.1,0.3,0.3,0.3,0.3,0.3,,,12.83,2026-09-27T14:04:34+00:00
Uşak,Ulubey,UŞAK/ULUBEY,18070,2026-09-27T13:59:00.000Z,Çok Bulutlu,14.7,14.7,84,29,5.04,930.3,1012.2,,,0,1.5,0,1.5,1.5,1.5,,,12.88,2026-09-27T14:04:34+00:00
Uşak,Sivaslı,SİVASLI,18071,2026-09-27T13:59:00.000Z,HHY,13.6,13.6,85,200,16.92,901.6,1011,,,0.6,5.2,2.9,5.2,5.2,5.2,,,11.92,2026-09-27T14:04:34+00:00
Uşak,Karahallı,KARAHALLI,18304,2026-09-27T13:59:00.000Z,HHY,13.8,13.8,80,322,6.12,,,,,0,3.6,0.32,3.6,3.6,3.6,,,11.58,2026-09-27T14:04:34+00:00
Uşak,Banaz,BANAZ/BALTALI KÖYÜ,18640,2026-09-27T13:59:00.000Z,HHY,11.8,11.8,88,,,,,,,0.12,0.6,0.41,0.6,0.6,0.6,,,10.48,2026-09-27T14:04:34+00:00
Uşak,Ulubey,ULUBEY/KURUDERE KÖYÜ,18742,2026-09-27T13:59:00.000Z,Çok Bulutlu,15.2,15.2,,,,,,,,0,0.77,0,0.77,0.77,0.77,,,,2026-09-27T14:04:34+00:00
Uşak,Banaz,BANAZ/BAHADIR KÖYÜ,18744,2026-09-27T13:59:00.000Z,Çok Bulutlu,12.9,12.9,87,,,,,,,0,0,0,0,0,0,,,11.46,2026-09-27T14:04:34+00:00
Uşak,Merkez,UŞAK/SUSUZÖREN KÖYÜ,18752,2026-09-27T13:59:00.000Z,HHY,13.3,13.3,94,,,,,,,0,2.12,1.52,2.12,2.12,2.12,,,12.6,2026-09-27T14:04:34+00:00
Uşak,Eşme,EŞME/DELİBAŞLI KÖYÜ,18855,2026-09-27T13:59:00.000Z,Çok Bulutlu,17,17,100,,,,,,,0,0,0,0,0,0,,,,2026-09-27T14:04:34+00:00
Uşak,Merkez,UŞAK TEKSTİL OSB,18856,2026-09-27T13:59:00.000Z,Çok Bulutlu,16.6,16.6,77,219,11.16,,,,,0,0,0,0,0,0,,,13.92,2026-09-27T14:04:34+00:00
Uşak,Banaz,BANAZ ORMAN SAHASI,18857,2026-09-27T13:59:00.000Z,HHY,12.7,12.7,100,5,6.48,,,,,0,0.44,0.26,0.44,0.44,0.44,,,,2026-09-27T14:04:34+00:00
Uşak,Merkez,UŞAK/KAYAAĞIL KÖYÜ,18918,2026-09-27T13:59:00.000Z,HHY,15.4,15.4,90,92,2.8800000000000003,928.5,1013.4,,,0.4,1.6,0.8,1.6,1.6,1.6,,,14.24,2026-09-27T14:04:34+00:00
Uşak,Banaz,BANAZ/AHAT KÖYÜ,19171,2026-09-27T13:42:00.000Z,Çok Bulutlu,13.3,13.3,90,,,,,,,0.04,0.04,0.04,0.04,0.04,0.04,,,12.17,2026-09-27T14:04:34+00:00
Uşak,Merkez,UŞAK/SELVİOĞLU KÖYÜ,19172,2026-09-27T13:59:00.000Z,HHY,12.9,12.9,89,,,,,,,0.14,0.64,0.26,0.64,0.64,0.64,,,11.67,2026-09-27T14:04:34+00:00
Van,Edremit,VAN FERİT MELEN HAVALİMANI,17170,2026-09-27T13:22:00.000Z,Az Bulutlu,22.4,22.4,54,257,10.8,835.1,1019.5,10000,1,,0,0,0,0,0,,,16.33,2026-09-27T14:04:34+00:00
Van,Edremit,VAN BÖLGE,17172,2026-09-27T13:59:00.000Z,Parçalı Bulutlu,22.9,22.9,47,245,1.8,833.4,1007.4,65820,,0,0,0,0,0,0,,,15.75,2026-09-27T14:04:34+00:00
Van,Erciş,ERCİŞ,17784,2026-09-27T13:59:00.000Z,Açık,24.5,24.5,33,0,0,832.2,1006.8,,,0,0,0,0,0,0,,,14.77,2026-09-27T14:04:34+00:00
Van,Muradiye,MURADİYE,17786,2026-09-27T13:59:00.000Z,Az Bulutlu,25.1,25.1,34,170,2.8800000000000003,829.1,1004.4,,,0,0,0,0,0,0,,,15.41,2026-09-27T14:04:34+00:00
Van,Özalp,ÖZALP,17812,2026-09-27T13:59:00.000Z,Az Bulutlu,23.9,23.9,23,325,9,803.1,1007.2,,,0,0,0,0,0,0,,,12.39,2026-09-27T14:04:34+00:00
Van,Gevaş,GEVAŞ,17852,2026-09-27T13:59:00.000Z,Parçalı Bulutlu,22.8,22.8,51,0,0,830.9,1007.4,,,0,0,0,0,0,0,,,16.25,2026-09-27T14:04:34+00:00
Van,Başkale,BAŞKALE,17880,2026-09-27T13:59:00.000Z,Parçalı Bulutlu,21.9,21.9,23,248,9,775.7,1005.6,,,0,0,0,0,0,0,,,10.98,2026-09-27T14:04:34+00:00
Van,Bahçesaray,BAHÇESARAY,18235,2026-09-27T13:59:00.000Z,Parçalı Bulutlu,25,25,32,187,3.9600000000000004,836.4,1007.5,,,0,0,0,0,0,0,,,14.97,2026-09-27T14:04:34+00:00
Van,Gürpınar,GÜRPINAR,18237,2026-09-27T13:59:00.000Z,Parçalı Bulutlu,24.6,24.6,33,236,3.24,825.4,1006,,,0,0,0,0,0,0,,,14.84,2026-09-27T14:04:34+00:00
Van,Çaldıran,ÇALDIRAN,18238,2026-09-27T13:59:00.000Z,Açık,23,23,30,267,14.04,797.9,1008.5,,,0,0,0,0,0,0,,,13.08,2026-09-27T14:04:34+00:00
Van,Çatak,ÇATAK,18583,2026-09-27T13:59:00.000Z,Parçalı Bulutlu,22.8,22.8,45,220,1.8,,,,,0,0,0,0,0,0,,,15.37,2026-09-27T14:04:34+00:00
Van,Saray,VAN/SARAY,18585,2026-09-27T13:59:00.000Z,Çok Bulutlu,22.2,22.2,34,141,32.4,,,,,0,0.08,0,0,0.08,0.08,,,13.15,2026-09-27T14:04:34+00:00
Van,Başkale,BAŞKALE/ALBAYRAK KÖYÜ,18772,2026-09-27T13:59:00.000Z,Çok Bulutlu,19,19,51,,,,,,,0,0,0,0,0,0,,,12.97,2026-09-27T14:04:34+00:00
Van,Başkale,BAŞKALE/ÇALDIRAN KÖYÜ,18773,2026-09-27T13:59:00.000Z,Parçalı Bulutlu,24.7,24.7,18,,,,,,,0,0,0,0,0,0,,,11.83,2026-09-27T14:04:34+00:00
Van,Bahçesaray,BAHÇESARAY/KARABET TEPESİ,18774,2026-09-27T13:59:00.000Z,Parçalı Bulutlu,16.6,16.6,39,,,,,,,0,0,0,0,0,0,,,9.43,2026-09-27T14:04:34+00:00
Van,Çaldıran,ÇALDIRAN/BEZİRHANE KÖYÜ,18775,2026-09-27T13:59:00.000Z,Açık,23.4,23.4,32,,,,,,,0,0.05,0,0.05,0.05,0.05,,,13.74,2026-09-27T14:04:34+00:00
Van,İpekyolu,İPEKYOLU/YUKARIGÜNEYCE KÖYÜ,18777,2026-09-27T13:59:00.000Z,Açık,21.5,21.5,30,,,,,,,0,0,0,0,0,0,,,11.95,2026-09-27T14:04:34+00:00
Van,Gevaş,GEVAŞ/AYDINOCAK KÖYÜ,18778,2026-09-27T13:59:00.000Z,Az Bulutlu,23.5,23.5,39,,,,,,,0,0,0,0,0,0,,,15.0,2026-09-27T14:04:34+00:00
Van,Çaldıran,ÇALDIRAN/AŞAĞIYANIKTAŞ KÖYÜ,18779,2026-09-27T13:59:00.000Z,Açık,21.2,21.2,27,,,,,,,0,0,0,0,0,0,,,11.21,2026-09-27T14:04:34+00:00
Van,İpekyolu,İPEKYOLU/ORTANCA KÖYÜ,18780,2026-09-27T13:59:00.000Z,Açık,20.6,20.6,33,,,,,,,0,0,0,0,0,0,,,11.75,2026-09-27T14:04:34+00:00
Van,Tuşba,TUŞBA/YÜZÜNCÜ YIL ÜNİVERSİTESİ,19353,2026-09-27T13:58:00.000Z,Az Bulutlu,27.1,27.1,32,247,7.2,831.8,1003.4,75000,,0,0,0,0,0,0,,,16.58,2026-09-27T14:04:34+00:00
Yozgat,Merkez,YOZGAT,17140,2026-09-27T13:59:00.000Z,Parçalı Bulutlu,15.9,15.9,80,106,6.84,868.7,1010.7,33590,,0,0,0,0,0,0,,,13.59,2026-09-27T14:04:34+00:00
Yozgat,Sorgun,SORGUN,17712,2026-09-27T13:59:00.000Z,Parçalı Bulutlu,20,20,60,82,11.520000000000001,888.1,1010.7,,,0,0,0,0,0,0,,,15.01,2026-09-27T14:04:34+00:00
Yozgat,Boğazlıyan,BOĞAZLIYAN,17760,2026-09-27T13:59:00.000Z,Çok Bulutlu,23.1,23.1,51,18,0.7200000000000001,891.6,1009.2,,,0,0,0,0,0,0,,,16.51,2026-09-27T14:04:34+00:00
Yozgat,Çekerek,ÇEKEREK,18208,2026-09-27T13:59:00.000Z,Çok Bulutlu,18.2,18.2,75,287,17.28,909,1013.7,,,0,0,0,0,0,0,,,15.2,2026-09-27T14:04:34+00:00
Yozgat,Akdağmadeni,AKDAĞMADENİ,18209,2026-09-27T13:59:00.000Z,Parçalı Bulutlu,16,16,99,347,2.16,848.3,1010.8,,,0,3.8,0,3.8,3.8,3.8,,,15.87,2026-09-27T14:04:34+00:00
Yozgat,Aydıncık,YOZGAT/AYDINCIK,18472,2026-09-27T13:59:00.000Z,Çok Bulutlu,17,17,68,359,15.48,,,,,0,0,0,0,0,0,,,13.25,2026-09-27T14:04:34+00:00
Yozgat,Çandır,ÇANDIR,18473,2026-09-27T13:59:00.000Z,Çok Bulutlu,23.1,23.1,55,53,8.64,,,,,0,0,0,0,0,0,,,17.09,2026-09-27T14:04:34+00:00
Yozgat,Çayıralan,ÇAYIRALAN,18474,2026-09-27T13:59:00.000Z,Çok Bulutlu,18.1,18.1,81,17,10.8,,,,,0,2.11,0,2.11,2.11,2.11,,,15.82,2026-09-27T14:04:34+00:00
Yozgat,Kadışehri,KADIŞEHRİ,18475,2026-09-27T13:59:00.000Z,Parçalı Bulutlu,18.1,18.1,74,348,17.28,,,,,0,0.26,0,0.26,0.26,0.26,,,14.99,2026-09-27T14:04:34+00:00
Yozgat,Saraykent,SARAYKENT,18476,2026-09-27T13:59:00.000Z,Açık,18.3,18.3,70,7,23.759999999999998,,,,,0,0,0,0,0,0,,,14.7,2026-09-27T14:04:34+00:00
Yozgat,Sarıkaya,SARIKAYA,18477,2026-09-27T13:59:00.000Z,Açık,21.4,21.4,61,22,20.88,,,,,0,0,0,0,0,0,,,16.4,2026-09-27T14:04:34+00:00
Yozgat,Şefaatli,ŞEFAATLİ,18478,2026-09-27T13:59:00.000Z,Çok Bulutlu,22,22,52,304,7.920000000000001,,,,,0,0,0,0,0,0,,,15.7,2026-09-27T14:04:34+00:00
Yozgat,Yenifakılı,YENİFAKILI,18479,2026-09-27T13:59:00.000Z,Parçalı Bulutlu,22.9,22.9,51,4,14.76,,,,,0,0,0,0,0,0,,,16.34,2026-09-27T14:04:34+00:00
Yozgat,Boğazlıyan,BOĞAZLIYAN/OVAKENT BELDESİ,18659,2026-09-27T13:59:00.000Z,Çok Bulutlu,23.2,23.2,62,,,,,,,0,0,0,0,0,0,,,18.16,2026-09-27T14:04:34+00:00
Yozgat,Merkez,YOZGAT/TOPÇU KÖYÜ,18678,2026-09-27T13:59:00.000Z,Parçalı Bulutlu,17.4,17.4,73,,,,,,,0,0.46,0,0.46,0.46,0.46,,,14.21,2026-09-27T14:04:34+00:00
Yozgat,Akdağmadeni,AKDAĞMADENİ/AKÇAKIŞLA KÖYÜ,18679,2026-09-27T13:59:00.000Z,HHY,19.1,19.1,85,,,,,,,0.64,1.35,1.15,1.35,1.35,1.35,,,17.27,2026-09-27T14:04:34+00:00
Yozgat,Çekerek,ÇEKEREK/BEYYURDU KÖYÜ,18883,2026-09-27T13:59:00.000Z,Parçalı Bulutlu,15.6,15.6,82,,,,,,,0,0,0,0,0,0,,,13.53,2026-09-27T14:04:34+00:00
Yozgat,Merkez,YOZGAT/ÇADIRARDIÇ BELDESİ,18884,2026-09-27T13:59:00.000Z,Çok Bulutlu,15.7,15.7,90,,,,,,,0,0,0,0,0,0,,,14.53,2026-09-27T14:04:34+00:00
Yozgat,Yerköy,YERKÖY/SARAY BELDESİ,18886,2026-09-27T13:59:00.000Z,Çok Bulutlu,21.5,21.5,73,,,,,,,0,0,0,0,0,0,,,18.07,2026-09-27T14:04:34+00:00
Yozgat,Boğazlıyan,BOĞAZLIYAN/UZUNLU BELDESİ,19195,2026-09-27T13:59:00.000Z,Çok Bulutlu,21.3,21.3,60,12,23.040000000000003,,,,,0,0,0,0,0,0,,,16.18,2026-09-27T14:04:34+00:00
Yozgat,Yerköy,YERKÖY/HACIUŞAĞI KÖYÜ,19196,2026-09-27T13:52:00.000Z,Çok Bulutlu,20,20,69,,,,,,,0,0.08,0,0.08,0.08,0.08,,,16.15,2026-09-27T14:04:34+00:00
Yozgat,Yerköy,YERKÖY,19355,2026-09-27T13:59:00.000Z,Parçalı Bulutlu,21.9,21.9,60,39,19.8,,,,,0,0,0,0,0,0,,,16.72,2026-09-27T14:04:34+00:00
Yozgat,Merkez,YOZGAT/ESENLİ KÖYÜ,19907,2026-09-27T13:59:00.000Z,Açık,20.2,20.2,80,335,27.720000000000002,,,,,0,0,0,0,0,0,,,17.72,2026-09-27T14:04:34+00:00
Zonguldak,Devrek,DEVREK/ACISU TEPESİ RADAR SAHASI,17018,2026-09-27T13:59:00.000Z,Çok Bulutlu,14,14,97,15,0.36000000000000004,891.2,1015.3,51510,,0,0,0,0,0,0,,,13.63,2026-09-27T14:04:34+00:00
Zonguldak,Merkez,ZONGULDAK,17022,2026-09-27T13:59:00.000Z,Parçalı Bulutlu,20,20,79,7,6.84,999.9,1015.7,14270,,0,0,0,0,0,0,,,17.4,2026-09-27T14:04:34+00:00
Zonguldak,Çaycuma,ZONGULDAK ÇAYCUMA HAVALİMANI,17023,2026-09-27T13:40:00.000Z,Çok Bulutlu,21.5,21.5,73,309,8.64,1014.4,1016.2,10000,6,,0,0,0,0,0,,,18.07,2026-09-27T14:04:34+00:00
Zonguldak,Karadeniz Ereğli,KARADENİZ EREĞLİ,17611,2026-09-27T13:59:00.000Z,Çok Bulutlu,21.6,21.6,68,334,4.680000000000001,1012.8,1015,55880,,0,0,0,0,0,0,,,17.51,2026-09-27T14:04:34+00:00
Zonguldak,Devrek,DEVREK,17613,2026-09-27T13:59:00.000Z,Çok Bulutlu,23.3,23.3,66,50,5.760000000000001,1005.6,1017.3,60760,,0,0,0,0,0,0,,,18.81,2026-09-27T14:04:34+00:00
Zonguldak,Alaplı,ALAPLI,18265,2026-09-27T13:59:00.000Z,Çok Bulutlu,22.2,22.2,62,317,5.4,,,,,0,0,0,0,0,0,,,17.26,2026-09-27T14:04:34+00:00
Zonguldak,Gökçebey,GÖKÇEBEY,18267,2026-09-27T13:59:00.000Z,Çok Bulutlu,21.9,21.9,64,1,12.6,,,,,0,0,0,0,0,0,,,17.26,2026-09-27T14:04:34+00:00
Zonguldak,Devrek,DEVREK/EĞERCİ BELDESİ,19023,2026-09-27T13:59:00.000Z,Çok Bulutlu,21.9,21.9,61,,,,,,,0,0,0,0,0,0,,,16.85,2026-09-27T14:04:34+00:00
Zonguldak,Merkez,ZONGULDAK/BEYCUMA,19217,2026-09-27T13:59:00.000Z,Parçalı Bulutlu,20.8,20.8,59,,,,,,,0,0,0,0,0,0,,,15.6,2026-09-27T14:04:34+00:00
Zonguldak,Çaycuma,ÇAYCUMA,19356,2026-09-27T13:59:00.000Z,Parçalı Bulutlu,22,22,68,319,10.8,1005.3,1014.5,51320,,0,0,0,0,0,0,,,17.88,2026-09-27T14:04:34+00:00
Zonguldak,Kilimli,KİLİMLİ,19379,2026-09-27T13:58:00.000Z,Parçalı Bulutlu,21.7,21.7,71,34,3.24,,,46540,,0,0,0,0,0,0,,,17.99,2026-09-27T14:04:34+00:00
Zonguldak,Kozlu,KOZLU,19383,2026-09-27T14:00:00.000Z,Parçalı Bulutlu,21.5,21.5,76,46,2.8800000000000003,,,38800,,0,0,0,0,0,0,,,18.45,2026-09-27T14:04:34+00:00
Aksaray,Merkez,AKSARAY,17192,2026-09-27T13:59:00.000Z,Çok Bulutlu,25.4,25.4,37,274,1.08,902,1007.8,24920,,0,0,0,0,0,0,,,16.19,2026-09-27T14:04:34+00:00
Aksaray,Güzelyurt,GÜZELYURT,18116,2026-09-27T13:59:00.000Z,Parçalı Bulutlu,20.1,20.1,58,323,8.64,845.5,1007.9,,,0,0,0,0,0,0,,,14.84,2026-09-27T14:04:34+00:00
Aksaray,Sultanhanı,SULTANHANI,18117,2026-09-27T13:59:00.000Z,Çok Bulutlu,25.1,25.7,46,207,6.12,899.7,1009.5,,,0,0,0,0,0,0,,,17.45,2026-09-27T14:04:34+00:00
Aksaray,Ortaköy,AKSARAY/ORTAKÖY,18118,2026-09-27T13:58:00.000Z,Parçalı Bulutlu,22.8,22.8,49,27,7.2,884.4,1007.5,,,0,0,0,0,0,0,,,15.96,2026-09-27T14:04:34+00:00
Aksaray,Ağaçören,AĞAÇÖREN,18480,2026-09-27T13:59:00.000Z,Parçalı Bulutlu,21,21,55,43,14.76,,,,,0,0,0,0,0,0,,,15.24,2026-09-27T14:04:34+00:00
Aksaray,Eskil,ESKİL,18481,2026-09-27T13:59:00.000Z,Parçalı Bulutlu,24.4,24.4,47,355,13.32,,,,,0,0,0,0,0,0,,,17.02,2026-09-27T14:04:34+00:00
Aksaray,Gülağaç,GÜLAĞAÇ,18482,2026-09-27T13:59:00.000Z,Çok Bulutlu,23.6,23.6,50,30,7.2,,,,,0,0,0,0,0,0,,,16.79,2026-09-27T14:04:34+00:00
Aksaray,Sarıyahşi,SARIYAHŞİ,18483,2026-09-27T13:59:00.000Z,Parçalı Bulutlu,25.3,25.9,47,307,6.84,,,,,0,0,0,0,0,0,,,17.78,2026-09-27T14:04:34+00:00
Aksaray,Merkez,AKSARAY/BÜYÜKGÜVE KÖYÜ,18680,2026-09-27T13:59:00.000Z,Parçalı Bulutlu,23.2,23.2,,,,,,,,0,0,0,0,0,0,,,,2026-09-27T14:04:34+00:00
Aksaray,Merkez,AKSARAY/BORUCU KÖYÜ,18888,2026-09-27T13:59:00.000Z,Parçalı Bulutlu,19.7,19.7,59,,,,,,,0,0,0,0,0,0,,,14.61,2026-09-27T14:04:34+00:00
Aksaray,Merkez,AKSARAY/HASAN DAĞI,18889,2026-09-27T13:59:00.000Z,HHY,14.3,14.3,78,222,1.08,,,,,0.37,0.37,0.37,0.37,0.37,0.37,,,11.84,2026-09-27T14:04:34+00:00
Aksaray,Merkez,AKSARAY/YEŞİLTEPE KÖYÜ,19197,2026-09-27T13:59:00.000Z,Çok Bulutlu,26.3,26.6,45,,,,,,,0,0,0,0,0,0,,,18.3,2026-09-27T14:04:34+00:00
Bayburt,Merkez,BAYBURT,17089,2026-09-27T13:59:00.000Z,Çok Bulutlu,24.4,24.4,29,182,5.760000000000001,840.1,1006.7,32250,,0,0,0,0,0,0,,,13.95,2026-09-27T14:04:34+00:00
Bayburt,Demirözü,DEMİRÖZÜ,18219,2026-09-27T13:59:00.000Z,Çok Bulutlu,23.4,23.4,40,202,6.12,824.5,1008.1,,,0,0,0,0,0,0,,,15.08,2026-09-27T14:04:34+00:00
Bayburt,Aydıntepe,AYDINTEPE,18557,2026-09-27T13:59:00.000Z,Çok Bulutlu,24.7,24.7,32,229,4.680000000000001,,,18750,,0,0.05,0,0,0.05,0.05,,,14.74,2026-09-27T14:04:34+00:00
Bayburt,Demirözü,DEMİRÖZÜ/BEŞPINARKÖYÜ,18718,2026-09-27T13:59:00.000Z,Çok Bulutlu,23.3,23.3,34,,,,,,,0,0.07,0,0,0.07,0.16,,,14.01,2026-09-27T14:04:34+00:00
Bayburt,Merkez,BAYBURT/TAŞÇILAR KÖYÜ,18719,2026-09-27T13:59:00.000Z,Çok Bulutlu,20.3,20.3,40,,,,,,,0,0.22,0,0,0.12,0.54,,,12.56,2026-09-27T14:04:34+00:00
Bayburt,Aydıntepe,AYDINTEPE/KAVLATAN KÖYÜ,18733,2026-09-27T13:59:00.000Z,Çok Bulutlu,14.2,14.2,65,,,,,,,0,0,0,0,0,0,,,10.34,2026-09-27T14:04:34+00:00
Bayburt,Merkez,BAYBURT/SANCAKTEPE KÖYÜ,19050,2026-09-27T13:59:00.000Z,Çok Bulutlu,22.7,22.7,36,,,,,,,0,0,0,0,0,0,,,13.87,2026-09-27T14:04:34+00:00
Bayburt,Merkez,BAYBURT/YAYLALAR KÖYÜ,19051,2026-09-27T13:59:00.000Z,Çok Bulutlu,19.8,19.8,43,,,,,,,0,0,0,0,0,0,,,12.58,2026-09-27T14:04:34+00:00
Bayburt,Merkez,BAYBURT/ÜZENGİLİ KÖYÜ,19052,2026-09-27T13:59:00.000Z,Çok Bulutlu,22.2,22.2,38,,,,,,,0,0,0,0,0,0,,,13.8,2026-09-27T14:04:34+00:00
Bayburt,Merkez,BAYBURT/KEMERTAŞ,19234,2026-09-27T13:59:00.000Z,Çok Bulutlu,22.4,22.4,44,,,,,,,0,0,0,0,0,0,,,14.88,2026-09-27T14:04:34+00:00
Bayburt,Merkez,BAYBURT/BALLIKAYA KÖYÜ,19235,2026-09-27T13:59:00.000Z,Çok Bulutlu,25.4,25.7,41,,,,,,,0,0,0,0,0,0,,,16.88,2026-09-27T14:04:34+00:00
Bayburt,Merkez,BAYBURT/KOP KAYAK MERKEZİ,19236,2026-09-27T13:32:00.000Z,Çok Bulutlu,21.1,21.1,39,103,15.840000000000002,,,,,,0,0,0,0,0,,,13.06,2026-09-27T14:04:34+00:00
Karaman,Merkez,KARAMAN,17246,2026-09-27T13:59:00.000Z,Çok Bulutlu,23.1,23.1,39,211,13.32,896,1007.2,24360,,0,0,0,0,0,0,,,14.68,2026-09-27T14:04:34+00:00
Karaman,Ermenek,ERMENEK,18210,2026-09-27T13:59:00.000Z,Çok Bulutlu,19.8,19.8,49,106,6.48,859.8,1007.5,,,0,0,0,0,0,0,,,13.39,2026-09-27T14:04:34+00:00
Karaman,Ayrancı,AYRANCI,18211,2026-09-27T13:59:00.000Z,Parçalı Bulutlu,24,24,39,182,17.28,880.5,1008.8,,,0,0,0,0,0,0,,,15.41,2026-09-27T14:04:34+00:00
Karaman,Kazımkarabekir,KAZIMKARABEKİR,18484,2026-09-27T13:59:00.000Z,Çok Bulutlu,23.2,23.2,45,147,18,,,,,0,0,0,0,0,0,,,15.7,2026-09-27T14:04:34+00:00
Karaman,Sarıveliler,SARIVELİLER,18485,2026-09-27T13:59:00.000Z,Çok Bulutlu,16.1,16.1,63,241,6.84,,,,,0,0,0,0,0,0,,,11.85,2026-09-27T14:04:34+00:00
Karaman,Başyayla,BAŞYAYLA,18890,2026-09-27T13:59:00.000Z,Çok Bulutlu,17.9,17.9,66,169,12.96,,,,,0,0,0,0,0,0,,,13.85,2026-09-27T14:04:34+00:00
Karaman,Merkez,KARAMAN/TAŞKALE BELDESİ,18891,2026-09-27T13:59:00.000Z,Parçalı Bulutlu,16.5,16.5,52,0,0,846.5,1010,,,0,0,0,0,0,0,,,10.93,2026-09-27T14:04:34+00:00
Karaman,Ermenek,ERMENEK/BALKUSAN KÖYÜ,18892,2026-09-27T13:59:00.000Z,Parçalı Bulutlu,16.6,16.6,59,,,,,,,0,0,0,0,0,0,,,11.84,2026-09-27T14:04:34+00:00
Karaman,Ayrancı,AYRANCI/BERENDİ KÖYÜ,18893,2026-09-27T13:59:00.000Z,HHY,20.2,20.2,41,,,,,,,0.3,0.3,0.3,0.3,0.3,0.3,,,12.62,2026-09-27T14:04:34+00:00
Karaman,Merkez,KARAMAN/BUCAKKIŞLA BELDESİ,19199,2026-09-27T13:59:00.000Z,Çok Bulutlu,29.8,30.4,44,,,,,,,0,0,0,0,0,0,,,21.04,2026-09-27T14:04:34+00:00
Kırıkkale,Merkez,KIRIKKALE,17135,2026-09-27T13:59:00.000Z,Çok Bulutlu,23,23,51,49,15.840000000000002,925.4,1009.1,37260,,0,0,0,0,0,0,,,16.42,2026-09-27T14:04:34+00:00
Kırıkkale,Keskin,KESKİN,17730,2026-09-27T13:59:00.000Z,Parçalı Bulutlu,20.3,20.3,54,37,13.68,881.5,1006.1,,,0,0,0,0,0,0,,,14.49,2026-09-27T14:04:34+00:00
Kırıkkale,Karakeçili,KARAKEÇİLİ,17735,2026-09-27T13:59:00.000Z,Çok Bulutlu,23,23,44,62,12.6,919.3,1009.7,,,0,0,0,0,0,0,,,15.38,2026-09-27T14:04:34+00:00
Kırıkkale,Delice,DELİCE,18081,2026-09-27T13:59:00.000Z,Parçalı Bulutlu,22.2,22.2,76,39,25.92,934.8,1010.5,,,0,0,0,0,0,0,,,19.12,2026-09-27T14:04:34+00:00
Kırıkkale,Çelebi,ÇELEBİ,18254,2026-09-27T13:59:00.000Z,Parçalı Bulutlu,19,19,58,49,14.76,,,20000,,0,0.11,0,0,0.11,0.11,,,13.86,2026-09-27T14:04:34+00:00
Kırıkkale,Sulakyurt,SULAKYURT,18255,2026-09-27T13:59:00.000Z,Çok Bulutlu,20.7,20.7,52,10,16.2,,,20000,,0,0,0,0,0,0,,,14.57,2026-09-27T14:04:34+00:00
Kırıkkale,Merkez,KIRIKKALE/HACILAR,18263,2026-09-27T13:59:00.000Z,Çok Bulutlu,23.1,23.1,53,20,14.4,,,,,0,0,0,0,0,0,,,16.8,2026-09-27T14:04:34+00:00
Kırıkkale,Balışeyh,BALIŞEYH,18264,2026-09-27T13:59:00.000Z,Çok Bulutlu,21.9,21.9,54,32,14.4,,,,,0,0,0,0,0,0,,,15.89,2026-09-27T14:04:34+00:00
Kırıkkale,Keskin,KESKİN/KASIMAĞA KÖYÜ,19020,2026-09-27T13:59:00.000Z,Çok Bulutlu,21.1,21.1,58,,,,,,,0,0,0,0,0,0,,,15.73,2026-09-27T14:04:34+00:00
Kırıkkale,Delice,DELİCE/TAŞYAZI,19022,2026-09-27T13:59:00.000Z,Çok Bulutlu,18.1,18.1,69,22,33.12,,,,,0,0,0,0,0,0,,,14.39,2026-09-27T14:04:34+00:00
Kırıkkale,Yahşihan,YAHŞİHAN,19216,2026-09-27T13:59:00.000Z,Çok Bulutlu,23.5,23.5,45,3,18.720000000000002,,,,,0,0,0,0,0,0,,,15.95,2026-09-27T14:04:34+00:00
Kırıkkale,Yahşihan,YAHŞİHAN/KILIÇLAR KÖYÜ,19371,2026-09-27T13:59:00.000Z,Çok Bulutlu,22,22,45,,,,,,,0,0,0,0,0,0,,,14.7,2026-09-27T14:04:34+00:00
Batman,Merkez,BATMAN,17282,2026-09-27T13:59:00.000Z,Açık,34.1,34.1,19,81,7.5600000000000005,938.5,1004.6,20000,0,0,0,0,0,0,0,,,18.38,2026-09-27T14:04:34+00:00
Batman,Merkez,BATMAN HAVALİMANI,17284,2026-09-27T13:21:00.000Z,Açık,35.3,35.3,19,238,21.240000000000002,945.2,1009.3,10000,0,,0,0,0,0,0,,,19.18,2026-09-27T14:04:34+00:00
Batman,Hasankeyf,HASANKEYF,18161,2026-09-27T13:59:00.000Z,Açık,35.2,35.2,24,274,4.680000000000001,940.5,990.4,,,0,0,0,0,0,0,,,20.66,2026-09-27T14:04:34+00:00
Batman,Sason,SASON,18162,2026-09-27T13:59:00.000Z,Açık,33.2,33.2,20,141,13.68,915.2,1004.4,,,0,0,0,0,0,0,,,18.08,2026-09-27T14:04:34+00:00
Batman,Beşiri,BEŞİRİ,18318,2026-09-27T13:59:00.000Z,Açık,33.6,33.6,24,184,17.28,,,,,0,0,0,0,0,0,,,19.52,2026-09-27T14:04:34+00:00
Batman,Gercüş,GERCÜŞ,18319,2026-09-27T13:59:00.000Z,Açık,30.9,30.9,26,300,8.28,,,,,0.09,0.09,0.09,0.09,0.09,0.09,,,18.1,2026-09-27T14:04:34+00:00
Batman,Kozluk,KOZLUK,18320,2026-09-27T13:59:00.000Z,Açık,33,33,20,172,10.08,,,,,0,0,0,0,0,0,,,17.94,2026-09-27T14:04:34+00:00
Batman,Gercüş,GERCÜŞ/HİSAR BELDESİ,19097,2026-09-27T13:59:00.000Z,Açık,31.5,31.5,26,,,,,,,0,0,0,0,0,0,,,18.53,2026-09-27T14:04:34+00:00
Batman,Beşiri,BEŞİRİ/DEMİRDÖVEN KÖYÜ,19924,2026-09-27T13:58:00.000Z,Açık,33.9,33.9,19,123,23.759999999999998,,,,,0,0,0,0,0,0,,,18.24,2026-09-27T14:04:34+00:00
Şırnak,Merkez,ŞIRNAK,17287,2026-09-27T13:59:00.000Z,Az Bulutlu,30,30,21,342,8.64,873.6,1007.1,46130,,0,0,0,0,0,0,,,16.17,2026-09-27T14:04:34+00:00
Şırnak,Merkez,ŞIRNAK/JANDARMA HELİKOPTER PİSTİ,17919,2026-09-27T13:59:00.000Z,Az Bulutlu,30.3,30.3,26,207,7.5600000000000005,856.7,1000.3,,,0,0,0,0,0,0,,,17.66,2026-09-27T14:04:34+00:00
Şırnak,Cizre,ŞIRNAK ŞERAFETTİN ELÇİ HAVALİMANI,17949,2026-09-27T13:28:00.000Z,Açık,35,35,18,202,21.240000000000002,938.8,1010.9,10000,0,,0,0,0,0,0,,,18.65,2026-09-27T14:04:34+00:00
Şırnak,Cizre,CİZRE,17950,2026-09-27T13:59:00.000Z,Az Bulutlu,36.1,36.1,18,284,1.8,960.8,1004.3,42430,,0,0,0,0,0,0,,,19.38,2026-09-27T14:04:34+00:00
Şırnak,Uludere,ULUDERE,18175,2026-09-27T13:59:00.000Z,Parçalı Bulutlu,30.4,30.4,37,223,9,880.3,1006.3,,,0,0,0,0,0,0,,,20.17,2026-09-27T14:04:34+00:00
Şırnak,Güçlükonak,GÜÇLÜKONAK,18336,2026-09-27T13:59:00.000Z,Parçalı Bulutlu,33.5,33.5,12,211,19.44,,,,,0,0,0,0,0,0,,,15.55,2026-09-27T14:04:34+00:00
Şırnak,Beytüşşebap,BEYTÜŞŞEBAP,18342,2026-09-27T13:59:00.000Z,Parçalı Bulutlu,28.3,28.3,30,298,6.12,,,,,0,0.07,0,0.07,0.07,0.07,,,17.08,2026-09-27T14:04:34+00:00
Şırnak,İdil,İDİL,18343,2026-09-27T13:59:00.000Z,Parçalı Bulutlu,34.6,34.6,24,257,24.12,,,,,0,0,0,0,0,0,,,20.23,2026-09-27T14:04:34+00:00
Şırnak,Silopi,SİLOPİ,18344,2026-09-27T13:59:00.000Z,Parçalı Bulutlu,36.5,36.5,25,212,15.120000000000001,,,,,0,0,0,0,0,0,,,21.88,2026-09-27T14:04:34+00:00
Şırnak,Uludere,ULUDERE/GÜRVİLTEPE,18587,2026-09-27T13:59:00.000Z,Parçalı Bulutlu,24,24,25,232,10.44,806.3,1011.4,,,0,0,0,0,0,0,,,12.87,2026-09-27T14:04:34+00:00
Şırnak,Beytüşşebap,BEYTÜŞŞEBAP/BOĞAZÖREN KÖYÜ,18789,2026-09-27T13:59:00.000Z,Parçalı Bulutlu,27,27,28,,,,,,,0,0,0,0,0,0,,,15.69,2026-09-27T14:04:34+00:00
Şırnak,Silopi,SİLOPİ/GÖRÜMLÜ BELDESİ,19271,2026-09-27T13:59:00.000Z,Parçalı Bulutlu,33.9,33.9,24,173,9.72,,,,,0,0,0,0,0,0,,,19.73,2026-09-27T14:04:34+00:00
Şırnak,Beytüşşebap,BEYTÜŞŞEBAP/KATO DAĞI,19923,2026-09-27T13:58:00.000Z,Az Bulutlu,16.4,16.4,39,201,14.4,743.5,,0,,0,0,0,0,0,0,,,9.27,2026-09-27T14:04:34+00:00
Bartın,Merkez,BARTIN,17020,2026-09-27T13:59:00.000Z,Çok Bulutlu,23.6,23.6,75,8,5.4,1011.1,1015,41650,,0,0,0,0,0,0,,,20.31,2026-09-27T14:04:34+00:00
Bartın,Amasra,AMASRA,17602,2026-09-27T14:00:00.000Z,Çok Bulutlu,20.6,20.6,83,47,5.4,1006.7,1015.3,75000,,0,0,0,0,0,0,,,18.48,2026-09-27T14:04:34+00:00
Bartın,Kurucaşile,KURUCAŞİLE,18245,2026-09-27T13:59:00.000Z,Parçalı Bulutlu,20.8,20.8,79,60,10.08,,,,,0,0,0,0,0,0,,,18.17,2026-09-27T14:04:34+00:00
Bartın,Merkez,BARTIN/HASANKADI KÖYÜ,18692,2026-09-27T13:59:00.000Z,Çok Bulutlu,12.3,12.3,100,,,,,,,0,0,0,0,0,0,,,,2026-09-27T14:04:34+00:00
Bartın,Merkez,BARTIN/KOZCAĞIZ BELDESİ,19007,2026-09-27T13:59:00.000Z,Çok Bulutlu,21.6,21.6,98,,,,,,,0,0,0,0,0,0,,,21.37,2026-09-27T14:04:34+00:00
Bartın,Ulus,ULUS/CEYÜPLER KÖYÜ,19008,2026-09-27T13:59:00.000Z,Parçalı Bulutlu,17.3,17.3,86,,,,,,,0,0,0,0,0,0,,,15.64,2026-09-27T14:04:34+00:00
Bartın,Ulus,ULUS/ÇUBUKELİ KÖYÜ,19009,2026-09-27T13:59:00.000Z,Çok Bulutlu,17.6,17.6,78,,,,,,,0,0,0,0,0,0,,,14.99,2026-09-27T14:04:34+00:00
Bartın,Kurucaşile,KURUCAŞİLE/İLYASGEÇİDİ,19207,2026-09-27T13:59:00.000Z,Parçalı Bulutlu,19.7,19.7,97,,,,,,,0,0,0,0,0,0,,,19.34,2026-09-27T14:04:34+00:00
Ardahan,Merkez,ARDAHAN,17046,2026-09-27T13:59:00.000Z,Çok Bulutlu,18.2,18.2,55,339,3.24,820,1012.1,33260,,0,0,0,0,0,0,,,12.78,2026-09-27T14:04:34+00:00
Ardahan,Posof,POSOF,18236,2026-09-27T13:59:00.000Z,Çok Bulutlu,19,19,59,127,2.52,863.8,1012.8,,,0,0,0,0,0,0,,,13.99,2026-09-27T14:04:34+00:00
Ardahan,Çıldır,ÇILDIR,18376,2026-09-27T13:59:00.000Z,HHY,11.4,11.4,90,263,11.16,,,,,0,20.77,20.51,20.77,20.77,20.77,,,10.3,2026-09-27T14:04:34+00:00
Ardahan,Damal,DAMAL,18377,2026-09-27T13:59:00.000Z,Çok Bulutlu,17.3,17.3,63,160,14.04,,,,,0,0,0,0,0,0,,,12.94,2026-09-27T14:04:34+00:00
Ardahan,Göle,GÖLE,18378,2026-09-27T13:59:00.000Z,Çok Bulutlu,16,16,50,253,19.44,801.9,1010.7,,,0,0,0,0,0,0,,,10.26,2026-09-27T14:04:34+00:00
Ardahan,Hanak,HANAK,18379,2026-09-27T13:59:00.000Z,Çok Bulutlu,17.4,17.4,60,144,6.12,,,,,0,0,0,0,0,0,,,12.67,2026-09-27T14:04:34+00:00
Ardahan,Göle,GÖLE/YAVUZLAR KÖYÜ,19068,2026-09-27T13:59:00.000Z,Çok Bulutlu,17.7,17.7,58,,,,,,,0,0,0,0,0,0,,,12.7,2026-09-27T14:04:34+00:00
Ardahan,Göle,GÖLE/ÇULLU KÖYÜ,19069,2026-09-27T13:46:00.000Z,Çok Bulutlu,16.4,16.4,57,,,,,,,0,0,0,0,0,0,,,11.43,2026-09-27T14:04:34+00:00
Iğdır,Merkez,IĞDIR,17100,2026-09-27T13:57:00.000Z,Açık,27.4,27.4,39,0,0,915.9,1009.3,34260,,0,0,0,0,0,0,,,18.15,2026-09-27T14:04:34+00:00
Iğdır,Merkez,IĞDIR ŞEHİT BÜLENT AYDIN HAVALİMANI,17763,2026-09-27T13:24:00.000Z,Açık,26.9,26.9,39,79,15.120000000000001,906.8,1015.9,10000,0,,0,0,0,0,0,,,17.75,2026-09-27T14:04:34+00:00
Iğdır,Aralık,ARALIK,18195,2026-09-27T13:59:00.000Z,Açık,27.6,28.2,49,89,3.24,918.3,1008.7,,,0,0,0,0,0,0,,,20.07,2026-09-27T14:04:34+00:00
Iğdır,Karakoyunlu,KARAKOYUNLU,18371,2026-09-27T13:59:00.000Z,Açık,27.4,28.4,55,313,5.4,,,,,0,0,0,0,0,0,,,20.87,2026-09-27T14:04:34+00:00
Iğdır,Tuzluca,TUZLUCA,18372,2026-09-27T13:59:00.000Z,Açık,26.1,26.6,48,96,4.680000000000001,,,,,0,0.38,0,0,0.15,0.57,,,18.62,2026-09-27T14:04:34+00:00
Iğdır,Merkez,IĞDIR ÜNİVERSİTESİ,19903,2026-09-27T13:57:00.000Z,Açık,24.1,24.1,47,0,0.7200000000000001,,,,,0,0,0,0,0,0,,,16.77,2026-09-27T14:04:34+00:00
Yalova,Merkez,YALOVA,17119,2026-09-27T13:59:00.000Z,Çok Bulutlu,23.3,23.3,59,81,7.2,1014.8,1015.3,,,0,0,0,0,0,0,,,17.83,2026-09-27T14:04:34+00:00
Yalova,Çiftlikköy,YALOVA HAVALİMANI,17122,2026-09-27T13:40:00.000Z,Çok Bulutlu,22.4,22.4,60,82,18.720000000000002,1014.9,1016.1,2100,,,0,0,0,0,0,,,17.17,2026-09-27T14:04:34+00:00
Yalova,Çınarcık,ÇINARCIK,17658,2026-09-27T13:59:00.000Z,Çok Bulutlu,21.8,21.8,73,17,8.28,1013.9,1015.8,,,0,0,0,0,0,0,,,18.35,2026-09-27T14:04:34+00:00
Yalova,Altınova,ALTINOVA,18109,2026-09-27T13:58:00.000Z,Çok Bulutlu,22.2,22.2,69,95,8.64,1016.1,1016.2,,,0,0,0,0,0,0,,,18.2,2026-09-27T14:04:34+00:00
Yalova,Armutlu,ARMUTLU,18110,2026-09-27T13:58:00.000Z,Çok Bulutlu,21.2,21.2,76,1,6.84,1004.5,1016.3,,,0,0,0,0,0,0,,,18.17,2026-09-27T14:04:34+00:00
Yalova,Termal,TERMAL,18424,2026-09-27T13:59:00.000Z,Çok Bulutlu,21.5,21.5,73,4,7.5600000000000005,,,,,0,0.3,0,0,0.3,0.3,,,18.07,2026-09-27T14:04:34+00:00
Yalova,Çiftlikköy,ÇİFTLİKKÖY/SUGÖREN RADAR MEVKİ,18807,2026-09-27T13:59:00.000Z,Çok Bulutlu,14.1,14.1,96,,,,,,,0,0,0,0,0,0,,,13.62,2026-09-27T14:04:34+00:00
Yalova,Merkez,YALOVA ARAŞTIRMA,18948,2026-09-27T13:59:00.000Z,Çok Bulutlu,22.9,22.9,58,83,7.5600000000000005,,,,,0,0,0,0,0,0,,,17.34,2026-09-27T14:04:34+00:00
Yalova,Altınova,ALTINOVA/AKTOPRAK KÖYÜ,19123,2026-09-27T13:59:00.000Z,Çok Bulutlu,19.9,19.9,66,,,,,,,0,0,0,0,0,0,,,15.68,2026-09-27T14:04:34+00:00
Karabük,Merkez,KARABÜK KAPULLU,17077,2026-09-27T14:00:00.000Z,Çok Bulutlu,22.6,22.6,44,305,23.040000000000003,958.1,1013.8,20000,5,0,0,0,0,0,0,,,15.05,2026-09-27T14:04:34+00:00
Karabük,Merkez,KARABÜK,17078,2026-09-27T13:58:00.000Z,Parçalı Bulutlu,25.3,25.8,45,292,8.28,,,63730,,0,0,0,0,0,0,,,17.46,2026-09-27T14:04:34+00:00
Karabük,Eskipazar,ESKİPAZAR,17641,2026-09-27T13:59:00.000Z,Çok Bulutlu,15.3,15.3,62,303,11.520000000000001,,,,,0,0,0,0,0,0,,,11.01,2026-09-27T14:04:34+00:00
Karabük,Safranbolu,SAFRANBOLU/OVACUMA BELDESİ,17719,2026-09-27T13:59:00.000Z,Parçalı Bulutlu,20,20,64,319,3.9600000000000004,,,,,0,0,0,0,0,0,,,15.52,2026-09-27T14:04:34+00:00
Karabük,Safranbolu,SAFRANBOLU,17904,2026-09-27T14:00:00.000Z,Çok Bulutlu,22,22,42,352,11.16,947,1013.2,,,0,0,0,0,0,0,,,14.25,2026-09-27T14:04:34+00:00
Karabük,Eflani,EFLANİ,18159,2026-09-27T13:59:00.000Z,Çok Bulutlu,17.4,17.4,68,292,15.48,909.9,1016.1,,,0,0,0,0,0,0,,,13.62,2026-09-27T14:04:34+00:00
Karabük,Eskipazar,KARABÜK/KARATEPE,18261,2026-09-27T13:59:00.000Z,Çok Bulutlu,12.3,12.3,76,319,10.08,845.7,1014.3,,,0,0,0,0,0,0,,,9.72,2026-09-27T14:04:34+00:00
Karabük,Yenice,KARABÜK/YENİCE,18262,2026-09-27T13:59:00.000Z,Çok Bulutlu,21.4,21.4,62,284,8.64,,,,,0,0,0,0,0,0,,,16.53,2026-09-27T14:04:34+00:00
Karabük,Ovacık,KARABÜK/OVACIK,18266,2026-09-27T13:59:00.000Z,Çok Bulutlu,16.4,16.4,68,305,14.4,,,,,0,0,0,0,0,0,,,12.7,2026-09-27T14:04:34+00:00
Karabük,Safranbolu,SAFRANBOLU ORMAN SAHASI,19010,2026-09-27T13:59:00.000Z,Çok Bulutlu,15.8,15.8,69,182,7.2,,,,,0,0,0,0,0,0,,,12.25,2026-09-27T14:04:34+00:00
Karabük,Safranbolu,SAFRANBOLU/TOPRAKCUMA KÖYÜ,19018,2026-09-27T13:59:00.000Z,Çok Bulutlu,22.5,22.5,52,,,,,,,0,0,0,0,0,0,,,16.14,2026-09-27T14:04:34+00:00
Karabük,Eflani,EFLANİ/GÖLLER KÖYÜ,19019,2026-09-27T13:59:00.000Z,Çok Bulutlu,14.7,14.7,100,,,,,,,0,0,0,0,0,0,,,,2026-09-27T14:04:34+00:00
Karabük,Merkez,KARABÜK/KELTEPE KAYAK MERKEZİ,19215,2026-09-27T13:59:00.000Z,Çok Bulutlu,9.1,9.1,93,,,,,,,0,0,0,0,0,0,,,8.33,2026-09-27T14:04:34+00:00
Kilis,Merkez,KİLİS,17262,2026-09-27T13:59:00.000Z,Pus,26,26.8,53,242,11.16,938.1,1008.4,9470,,0,0,0,0,0,0,,,19.33,2026-09-27T14:04:34+00:00
Kilis,Musabeyli,MUSABEYLİ,18154,2026-09-27T13:59:00.000Z,Az Bulutlu,27.4,28,50,88,12.24,926.4,1007,,,0,0,0,0,0,0,,,20.06,2026-09-27T14:04:34+00:00
Kilis,Elbeyli,ELBEYLİ,18155,2026-09-27T13:59:00.000Z,Açık,28.6,29.1,46,242,11.879999999999999,951.5,1007.5,,,0,0,0,0,0,0,,,20.4,2026-09-27T14:04:34+00:00
Kilis,Polateli,POLATELİ,18283,2026-09-27T13:59:00.000Z,Parçalı Bulutlu,24.5,24.5,88,240,0,,,,,0,0.17,0,0,0.06,0.65,,,22.93,2026-09-27T14:04:34+00:00
Kilis,Merkez,KİLİS/MISIRCIK KÖYÜ,18869,2026-09-27T13:59:00.000Z,Açık,27.9,28.7,51,,,,,,,0,0,0,0,0,0,,,20.66,2026-09-27T14:04:34+00:00
Kilis,Merkez,KİLİS/RESUL OSMAN DAĞI,18971,2026-09-27T13:59:00.000Z,Az Bulutlu,23.7,23.7,58,229,23.400000000000002,,,,,0,0,0,0,0,0,,,18.05,2026-09-27T14:04:34+00:00
Osmaniye,Merkez,OSMANİYE,17355,2026-09-27T13:59:00.000Z,Çok Bulutlu,27,28.8,65,226,16.92,998.8,1009.5,37990,,0,0,0,0,0,0,,,22.06,2026-09-27T14:04:34+00:00
Osmaniye,Kadirli,KADİRLİ,17907,2026-09-27T13:59:00.000Z,Çok Bulutlu,24.6,24.6,100,0,0,1000.2,1010,,,0,0.2,0,0.2,0.2,0.2,,,,2026-09-27T14:04:34+00:00
Osmaniye,Bahçe,BAHÇE,18063,2026-09-27T13:58:00.000Z,Parçalı Bulutlu,24,24,74,203,10.8,944.9,1011.3,,,0,0,0,0,0,0,,,20.56,2026-09-27T14:04:34+00:00
Osmaniye,Düziçi,DÜZİÇİ,18064,2026-09-27T13:59:00.000Z,Parçalı Bulutlu,25.9,27.4,65,254,18.720000000000002,977.1,1009.1,,,0,0,0,0,0,0,,,21.05,2026-09-27T14:04:34+00:00
Osmaniye,Hasanbeyli,HASANBEYLİ,18289,2026-09-27T13:59:00.000Z,Parçalı Bulutlu,22.2,22.2,73,315,14.04,,,,,0,0,0,0,0,0,,,18.73,2026-09-27T14:04:34+00:00
Osmaniye,Toprakkale,TOPRAKKALE,18290,2026-09-27T13:59:00.000Z,Parçalı Bulutlu,27.8,29.6,62,215,16.92,,,,,0,0,0,0,0,0,,,22.33,2026-09-27T14:04:34+00:00
Osmaniye,Kadirli,KADİRLİ/KARATEPE KÖYÜ,18872,2026-09-27T13:59:00.000Z,HHY,23.8,23.8,86,,,,,,,0,1.59,1.59,1.59,1.59,1.59,,,21.98,2026-09-27T14:04:34+00:00
Osmaniye,Sumbas,SUMBAS,19184,2026-09-27T13:12:00.000Z,Çok Bulutlu,,,,125,9,,,14789,,,0,0,0,0,0,,,,2026-09-27T14:04:34+00:00
Düzce,Akçakoca,AKÇAKOCA,17015,2026-09-27T13:59:00.000Z,Çok Bulutlu,21.4,21.4,74,12,5.4,1013.9,1015.1,20000,6,0,0,0,0,0,0,,20,18.1,2026-09-27T14:04:34+00:00
Düzce,Merkez,DÜZCE,17072,2026-09-27T13:59:00.000Z,Çok Bulutlu,19.8,19.8,81,12,3.24,998.8,1015.9,52360,,0,0,0,0,0,0,,,17.46,2026-09-27T14:04:34+00:00
Düzce,Gölyaka,GÖLYAKA,18259,2026-09-27T13:59:00.000Z,Çok Bulutlu,19.4,19.4,84,311,4.680000000000001,,,,,0,0,0,0,0,0,,,17.44,2026-09-27T14:04:34+00:00
Düzce,Yığılca,YIĞILCA,18260,2026-09-27T13:59:00.000Z,Çok Bulutlu,16,16,77,321,14.76,,,,,0,0.16,0,0,0.06,0.46,,,13.35,2026-09-27T14:04:34+00:00
Düzce,Yığılca,YIĞILCA/YOĞUNPELİT KÖYÜ,19017,2026-09-27T13:59:00.000Z,Çok Bulutlu,15.6,15.6,97,,,,,,,0,0.08,0,0,0.08,0.16,,,15.23,2026-09-27T14:04:34+00:00
Düzce,Cumayeri,CUMAYERİ,19212,2026-09-27T13:59:00.000Z,Çok Bulutlu,19.6,19.6,81,348,5.4,,,,,0,0,0,0,0,0,,,17.27,2026-09-27T14:04:34+00:00
Düzce,Kaynaşlı,KAYNAŞLI,19214,2026-09-27T13:59:00.000Z,Hafif Sağanak Yağışlı,18.6,18.6,86,298,3.24,,,12627,,0,0,0,0,0,0,,,16.91,2026-09-27T14:04:34+00:00
Düzce,Gümüşova,GÜMÜŞOVA,19376,2026-09-27T13:58:00.000Z,Çok Bulutlu,18.6,18.6,84,8,14.04,,,35690,,0,0,0,0,0,0,,,16.67,2026-09-27T14:04:34+00:00
